,num_seq,t_ch_MAX,max_CL,CL@BC_t_ch_MAX,aic,PV,PV_OK,t_ch_MAX_OK,phyl_OK
A.D.4.NmC1,2189,56,41.91193895739979,,,,*,*,*
A.D.4.NmC3,1653,22,11.640187446028312,-1.300064882766546,146.6001297655331,1.7144918972339163e-19,,,
A.D.4.NmC2,848,22,10.947917321424287,-34.5256534728822,213.0513069457644,6.378246152241243e-34,,,
A.D.2.2.1,40,21,7.182785016586235,-52.873788873188985,249.74757774637797,6.845379545302324e-42,,,
