,num_seq,t_ch_MAX,max_CL,CL@BC_t_ch_MAX,aic,PV,PV_OK,t_ch_MAX_OK,phyl_OK
A.D.4.NmC1,0,54,41.02989450852042,,,,*,*,*
A.D.4.NmC3,0,21,11.631557167982926,-45.8141959620978,255.6283919241956,1.3535394493302517e-32,,,
A.D.4.NmC2,0,21,1.742108741832079,-81.9774716290751,327.9549432581502,2.675361372411819e-48,,,
