,num_seq,t_ch_MAX,max_CL,CL@BC_t_ch_MAX,aic,PV,PV_OK,t_ch_MAX_OK,phyl_OK
A.D.2.2,545,29,8.17361875911111,,,,*,*,*
A.D.2,2386,32,5.447897766460486,4.821927185583567,96.35614562883286,0.08847811904208755,*,,
