,num_seq,t_ch_MAX,max_CL,CL@BC_t_ch_MAX,aic,PV,PV_OK,t_ch_MAX_OK,phyl_OK
B.D.E.2,853,10,11.570959516202773,,,,*,*,*
B.D.E.3.NmC1,0,1,4.8749802034736,1.351655459250666,49.29668908149867,4.654923445622286e-05,*,,
