,num_seq,t_ch_MAX,max_CL,CL@BC_t_ch_MAX,aic,PV,PV_OK,t_ch_MAX_OK,phyl_OK
B.D.4.1,218,13,6.487101691119331,,,,*,*,*
B.D.2,1269,13,6.216613219569535,4.708008043359468,34.58398391328106,0.16948344949947033,*,*,
B.D.E.3.NmC1,0,13,4.2157166838695055,4.215716683869507,35.56856663226098,0.10331218008310024,*,*,
B.D.4.NmC1,0,24,2.213422104947448,-25.658591325624425,95.31718265124886,1.0954785523611538e-14,,,
B.D.1.1,115,24,2.154304173590048,-93.40626204737048,230.81252409474095,4.1526392324729386e-44,,,
B.D.E.2,853,2,1.2586624713378134,-5.567614642550769,55.13522928510154,5.815405738297476e-06,,,
B.D.NmC1,0,24,0.9832946638407384,-18.926763254805294,81.85352650961059,9.216737419862565e-12,,,
B.D.E.3,125,13,0.5729575200319302,0.5729575200319299,42.85408495993614,0.0027121868873866434,*,*,
