,num_seq,t_ch_MAX,max_CL,CL@BC_t_ch_MAX,aic,PV,PV_OK,t_ch_MAX_OK,phyl_OK
B.D.E.2,853,12,6.109551768497892,,,,*,*,*
B.D.2,1269,10,3.677489276789576,-7.1426060572649614,38.28521211452993,1.7515665482962073e-06,,,
B.D.4,1413,11,2.969201395508523,-7.030798604491477,38.06159720898295,1.9650359846730773e-06,,*,
B.D.4.NmC1,0,8,2.234454601914518,-9.66279642144617,43.32559284289234,1.4093035567154879e-07,,,
