,num_seq,t_ch_MAX,max_CL,CL@BC_t_ch_MAX,aic,PV,PV_OK,t_ch_MAX_OK,phyl_OK
B.D,150,7,7.132339003922912,,,,*,*,*
B.D.1,334,4,6.94534979456206,3.038422967343578,21.923154065312843,0.0222591971660572,*,,
B.D.3,433,3,6.084714040311987,2.5899023985943903,22.82019520281122,0.014193090745577676,*,,
B.D.NmC1,1726,3,5.181070535254724,3.3943535403327734,21.211292919334454,0.03174563637806794,*,,
B.D.4,1413,7,2.8127084530547144,2.5400800485593003,22.9198399028814,0.013500885541802253,*,*,
B.D.4.NmC1,1212,3,1.568430649992686,0.15034032531089303,27.699319349378214,0.0012370818742617178,*,,
