,num_seq,t_ch_MAX,max_CL,CL@BC_t_ch_MAX,aic,PV,PV_OK,t_ch_MAX_OK,phyl_OK
A.D.4.NmC1,0,54,5.778091555335109,,,,*,*,*
A.3.1.NmC1,0,55,4.469920935703197,-5.530079064296802,23.060158128593606,1.2249811608374502e-05,*,*,
A.3.1,1992,54,4.419729907349606,4.4197299073496055,3.160540185300789,0.2566607769535559,*,*,
A.3.1.1,731,55,4.091359817489807,-5.908640182510195,23.817280365020387,8.377173429088856e-06,,*,
