,num_seq,t_ch_MAX,max_CL,CL@BC_t_ch_MAX,aic,PV,PV_OK,t_ch_MAX_OK,phyl_OK
B.D.4.1.1,260,70,21.516414420704375,,,,*,*,*
B.D.1,334,5,0.9521249357657593,-294.93622415616557,761.8724483123311,6.071751916060959e-131,,,
