,num_seq,t_ch_MAX,max_CL,CL@BC_t_ch_MAX,aic,PV,PV_OK,t_ch_MAX_OK,phyl_OK
A.3,202,4,35.21432884398021,,,,*,*,*
A.D.4.NmC1,2189,2,16.633156493639905,15.158225938243756,83.68354812351248,1.9508512912886112e-09,,,
A.D.4.NmC3,1653,41,0.30017813267275495,-25.059485800860113,164.11897160172023,6.651201472063646e-27,,,
