,num_seq,t_ch_MAX,max_CL,CL@BC_t_ch_MAX,aic,PV,PV_OK,t_ch_MAX_OK,phyl_OK
B.D.4.NmC1,0,24,10.047205619851018,,,,*,*,*
B.D.4,1413,15,0.03639920875639924,-29.28755834647614,114.57511669295228,6.882256521169315e-17,,,
