,num_seq,t_ch_MAX,max_CL,CL@BC_t_ch_MAX,aic,PV,PV_OK,t_ch_MAX_OK,phyl_OK
A.D.5.NmC1,0,24,17.19896500127089,,,,*,*,*
A.D.4.NmC1,0,2,2.658793521475361,-11.560364861707503,51.12072972341501,3.2336327929296653e-13,,,
