,num_seq,t_ch_MAX,max_CL,CL@BC_t_ch_MAX,aic,PV,PV_OK,t_ch_MAX_OK,phyl_OK
A.2.3,60,9,46.66409709358891,,,,*,*,*
A,58,1,17.803904871563844,8.808223953720187,8.383552092559626,3.62896172393347e-17,,,
