,num_seq,t_ch_MAX,max_CL,CL@BC_t_ch_MAX,aic,PV,PV_OK,t_ch_MAX_OK,phyl_OK
B.D.3,433,41,40.046524866838084,,,,*,*,*
B.D.NmC1,1726,46,20.19012139197761,17.362254399360125,91.27549120127975,1.4061436113259439e-10,,,
B.D,150,21,13.959800022477427,-58.69203942222733,243.38407884445468,1.3180574168412962e-43,,,
B.D.E.3.NmC1,1318,21,9.041275950260408,-33.27096330951929,192.54192661903858,1.4444418382127855e-32,,,
B.D.E.3,125,28,6.033477416061606,-36.497152622485764,198.99430524497154,5.74249142195426e-34,,,
