,num_seq,t_ch_MAX,max_CL,CL@BC_t_ch_MAX,aic,PV,PV_OK,t_ch_MAX_OK,phyl_OK
B.D.4.NmC1,0,34,6.300432201601943,,,,*,*,*
B.D.1.1,115,39,5.114487321656981,-26.84522005626843,83.69044011253686,4.0300403765792185e-15,,,
B.D.NmC1,0,38,3.4429787767141535,2.0915359795230803,25.81692804095384,0.014846368338086818,*,,
B.D.4.1,218,42,0.3017632896672511,-1.804451183688384,33.60890236737677,0.00030202523031186293,*,,
B.D,150,41,0.035783217761530095,-14.036003541575823,58.07200708315165,1.4744216879538435e-09,,,
