,num_seq,t_ch_MAX,max_CL,CL@BC_t_ch_MAX,aic,PV,PV_OK,t_ch_MAX_OK,phyl_OK
B.D,150,22,15.689305975800073,,,,*,*,*
B.D.E.3.NmC1,1318,28,15.594501180765374,6.222636570344412,91.55472685931117,3071.7416732721013,*,,
B.D.NmC1,1726,31,13.353348529815138,10.135483483931722,83.72903303213656,153276.69022931956,*,,
B.D.3,433,21,12.825054953955089,-2.753313832632567,109.50662766526513,0.3867410234545001,*,*,
B.D.E.3,125,27,4.892296077635316,-1.805738206477152,107.6114764129543,1.0,*,,
B,21,9,0.43965428516277494,-106.08883980140595,316.1776796028119,5.123891852417148e-46,,,
