,num_seq,t_ch_MAX,max_CL,CL@BC_t_ch_MAX,aic,PV,PV_OK,t_ch_MAX_OK,phyl_OK
A.1.NmC3,0,14,1.040177796406954,,,,*,*,*
A.1.NmC1,0,14,0.6205925717010109,0.6205925717010109,34.75881485659798,1.1735108709918105,*,*,
A.1.NmC2,0,14,0.5592421087419396,-0.2195227072732745,36.43904541454655,0.5066169923655898,*,*,
