,num_seq,t_ch_MAX,max_CL,CL@BC_t_ch_MAX,aic,PV,PV_OK,t_ch_MAX_OK,phyl_OK
B.D.E.2,853,9,10.105727756388031,,,,*,*,*
B.D.E.3.NmC1,0,1,6.603052370087788,1.275977955965472,45.448044088069054,0.00014627823948443688,*,,
