,num_seq,t_ch_MAX,max_CL,CL@BC_t_ch_MAX,aic,PV,PV_OK,t_ch_MAX_OK,phyl_OK
A.D.4.NmC1,2189,49,27.228719793518728,,,,*,*,*
A.D.4.NmC2,848,21,17.052854025939435,-6.461986227602081,168.92397245520417,2.3367857988872926e-15,,,
A.D.4,176,11,8.937407781213803,-76.73337019715274,309.4667403943055,7.056253731418404e-46,,,
A.D.3.NmC1,397,11,6.333074594172982,-53.60630569710368,263.21261139420733,7.830789599650595e-36,,,
A.D.4.NmC3,1653,44,3.158637357970166,0.8868108819774364,154.22637823604512,3.618360837353496e-12,,,
A.3,202,4,0.6816634035457612,-104.83423847984642,365.66847695969284,4.41468018721221e-58,,,
