,num_seq,t_ch_MAX,max_CL,CL@BC_t_ch_MAX,aic,PV,PV_OK,t_ch_MAX_OK,phyl_OK
B.D.4.NmC1,1212,18,6.12290912229439,,,,*,*,*
B.D.4.1.1,260,4,1.7657712761615132,-35.299468281347444,122.59893656269489,3.602152825796873e-18,,,
B.D.1,334,5,1.672889984848144,-32.25133164095349,116.50266328190698,7.60606975793287e-17,,,
