,num_seq,t_ch_MAX,max_CL,CL@BC_t_ch_MAX,aic,PV,PV_OK,t_ch_MAX_OK,phyl_OK
B.D.4.NmC1,1212,4,8.986481484258587,,,,*,*,*
B.D.NmC1,1726,6,6.272856467729839,5.116147140608322,57.767705718783354,0.0208583694252147,*,,
B.D,150,16,5.1517102953573115,-9.088065505168831,86.17613101033766,1.4129514505072897e-08,,,
B.D.1.1,115,20,3.429864716166559,-86.20461367060975,240.4092273412195,4.5657094182415726e-42,,,
B.D.1,334,2,1.6676002208206797,0.7708797985860201,66.45824040282795,0.0002705645110341636,*,,
B.D.4.1,218,21,0.3017632896672511,-22.4662364102465,112.93247282049299,2.1950203156739715e-14,,,
