,num_seq,t_ch_MAX,max_CL,CL@BC_t_ch_MAX,aic,PV,PV_OK,t_ch_MAX_OK,phyl_OK
B.D.NmC1,1726,31,21.336440097382283,,,,*,*,*
B.D,150,31,18.068078469744243,18.424674204820928,59.150651590358144,0.0017380351985738934,*,*,
B.D.3,433,31,17.929839095478762,12.5502395791564,70.8995208416872,4.881783175635331e-06,,*,
B.D.E.3.NmC1,1318,22,10.095881355835692,-3.964713172992754,103.9294263459855,3.282502894272698e-13,,,
