,num_seq,t_ch_MAX,max_CL,CL@BC_t_ch_MAX,aic,PV,PV_OK,t_ch_MAX_OK,phyl_OK
A.D.2.1,76,8,7.299171651211892,,,,*,*,*
A.3.1.1,731,13,3.1868515816474092,0.7219419926487123,16.556116014702575,0.00138784929483593,*,,
A.D.5.NmC1,425,8,3.157922996392476,3.157922996392476,11.684154007215048,0.015922851504511698,*,*,
A.D.5,115,4,0.9848861119078991,-10.665333698341541,39.33066739668308,1.5772467188243455e-08,,,
