,num_seq,t_ch_MAX,max_CL,CL@BC_t_ch_MAX,aic,PV,PV_OK,t_ch_MAX_OK,phyl_OK
A.D.4.NmC1,0,48,36.43113709012657,,,,*,*,*
A.D.2.2.1,40,67,22.494792633442405,0.48001601048498405,157.03996797903002,2.4384473088193857e-16,,,
A.D.4.NmC2,0,26,19.27182510933131,-9.770522649553094,177.5410452991062,8.621740279526137e-21,,,
A.D.4,176,19,15.41014716852164,-74.6940785167499,307.3881570334998,5.483094090657241e-49,,,
A.D.3.NmC1,0,22,11.255334209779111,-55.24654933353554,268.4930986670711,1.5348055872518197e-40,,,
A.D.4.NmC3,0,30,10.387029858059629,0.6490070415436014,156.7019859169128,2.8903034248327124e-16,,,
A.3,202,5,0.5927232869744894,-57.12535212659259,272.2507042531852,2.3419614687501247e-41,,,
