,num_seq,t_ch_MAX,max_CL,CL@BC_t_ch_MAX,aic,PV,PV_OK,t_ch_MAX_OK,phyl_OK
B.D.4.1.1,260,3,1.2124436296514618,,,,*,*,*
B.D.1,334,3,0.5143700501762629,0.5143700501762629,6.971259899647475,0.49907444798513606,*,*,
