,num_seq,t_ch_MAX,max_CL,CL@BC_t_ch_MAX,aic,PV,PV_OK,t_ch_MAX_OK,phyl_OK
A.D.5.NmC1,0,30,4.138131904065269,,,,*,*,*
A.3.1.1,731,24,3.0647205695062176,2.5922414145392607,26.815517170921478,2.1814722654981997,*,,
A.3,202,30,1.0199048528833075,-22.667049289128787,77.33409857825757,2.347699759232051e-11,,*,
A.2.1.1,31,30,0.027446403853784274,-27.64877251624791,87.29754503249582,1.6057745228268374e-13,,*,
