,num_seq,t_ch_MAX,max_CL,CL@BC_t_ch_MAX,aic,PV,PV_OK,t_ch_MAX_OK,phyl_OK
A.3.1,1992,20,10.61583452413764,,,,*,*,*
A.3.1.1,731,29,9.765479240986426,6.50048278347739,62.99903443304522,0.016325940409441013,*,,
A.3.1.NmC1,266,7,1.03588098879932,-5.464797242036357,86.92959448407271,1.0388305932682398e-07,,,
A.D.NmC2,637,3,0.8214938606728845,-38.661736176303705,153.3234723526074,3.9823497951467675e-22,,,
A.3.1.NmC2,67,3,0.7842629544639835,-59.448474092241845,194.89694818448368,3.7252645998122926e-31,,,
A.D.NmC1,515,3,0.7617583771145795,-75.42601269862578,226.85202539725157,4.298359910477063e-38,,,
A.D,2353,3,0.5810256149247326,-41.04039573423865,158.0807914684773,3.6856877338902704e-23,,,
A.D.2.2.NmC1,394,3,0.5702215295355886,-24.0082289918904,124.01645798378081,9.173890754179198e-16,,,
A.D.3.6,757,3,0.5207514923468091,-55.6918301257583,187.3836602515166,1.5999425091634533e-29,,,
