,num_seq,t_ch_MAX,max_CL,CL@BC_t_ch_MAX,aic,PV,PV_OK,t_ch_MAX_OK,phyl_OK
A.D.5.NmC1,0,27,9.32539833610891,,,,*,*,*
A.3.1,1992,5,3.0808735657851187,2.012346396628426,81.97530720674315,9892077290.399479,*,,
A.D.2.2.NmC1,0,35,0.042165242123084375,-54.91241848957444,195.82483697914887,1.8847145836204627e-15,,,
