,num_seq,t_ch_MAX,max_CL,CL@BC_t_ch_MAX,aic,PV,PV_OK,t_ch_MAX_OK,phyl_OK
A.D.3.NmC1,0,49,28.571508775957803,,,,*,*,*
A.D.3.NmC2,0,29,22.063519521532896,21.415587679026125,81.16882464194775,0.0007809495553744765,*,,
A.D.4.NmC2,0,28,15.893878309747658,8.705439544035697,106.5891209119286,2.3590661390798856e-09,,,
A.D.4.NmC3,0,28,13.769435049351276,0.5658648496147836,122.86827030077043,6.879914392536702e-13,,,
A.D.2.2.1,40,53,12.943323920794759,11.762738128628309,100.47452374274339,5.031311793022848e-08,,,
A.D.4.NmC1,0,16,7.835844515114922,-24.80405767801006,173.6081153560201,6.599819049123675e-24,,,
