,num_seq,t_ch_MAX,max_CL,CL@BC_t_ch_MAX,aic,PV,PV_OK,t_ch_MAX_OK,phyl_OK
A.D.4.NmC3,1653,56,40.030848454326915,,,,*,*,*
A.D.4.NmC1,2189,61,29.157413945481153,25.135598192638895,149.7288036147222,3.3976895311381083e-07,,,
A.D.2.2.1,40,45,23.013141336616506,-0.4694518195189792,200.93890363903796,2.576757109154981e-18,,,
A.D.3.NmC2,401,13,5.575195477624749,-29.70991067591487,259.41982135182974,5.155880370527374e-31,,,
A.2.1.1,31,3,3.827176228359737,-342.5485579173484,885.0971158346968,7.04072065012507e-167,,,
