,num_seq,t_ch_MAX,max_CL,CL@BC_t_ch_MAX,aic,PV,PV_OK,t_ch_MAX_OK,phyl_OK
A.1,836,1432,2.917483895145741,,,,*,*,*
A.1.NmC1,0,1442,0.0,-2061.0768582633423,7464.153716526685,0.0,,,
A.1.NmC2,0,1441,-0.0985808286724481,-459.0499719037339,4260.099943807468,1.1586100894678488e-173,,,
