,num_seq,t_ch_MAX,max_CL,CL@BC_t_ch_MAX,aic,PV,PV_OK,t_ch_MAX_OK,phyl_OK
B.D.E.2,853,25,17.16692076176914,,,,*,*,*
B.D.4,1413,27,8.569427583067474,7.851115913034624,50.29776817393075,9.006310199818291e-05,*,,
B.D.4.1.1,260,15,6.264605266205398,-83.81505196942842,233.63010393885685,1.396185802371087e-44,,,
B.D.2,1269,15,0.07527567618955161,-96.10196906309443,258.20393812618886,6.451125745099315e-50,,,
