,num_seq,t_ch_MAX,max_CL,CL@BC_t_ch_MAX,aic,PV,PV_OK,t_ch_MAX_OK,phyl_OK
A.D.5.NmC1,425,9,8.512625164360868,,,,*,*,*
A.D.2.2.NmC1,394,10,4.6271273452067705,4.2497336707615965,31.500532658476807,0.014051867133046025,*,*,
