,num_seq,t_ch_MAX,max_CL,CL@BC_t_ch_MAX,aic,PV,PV_OK,t_ch_MAX_OK,phyl_OK
A.D.4.NmC3,1653,39,33.471549252878745,,,,*,*,*
A.D.4.NmC1,2189,63,26.610350940423842,15.967741313925236,94.06451737214952,2.510999155743982e-08,,,
A.D.2.2.1,40,32,17.285122976617473,11.426415892819943,103.14716821436011,2.666724472436467e-10,,,
A.D.4.NmC2,848,39,4.842692759886776,4.842692759886776,116.31461448022645,3.701011678592672e-13,,*,
A.D.3.NmC2,401,12,4.80653121417183,-11.815567206870863,149.63113441374173,2.1526547758272373e-20,,,
A.2.1.1,31,3,3.827176228359737,-215.28712945420492,556.5742589084098,9.26992358560244e-109,,,
