,num_seq,t_ch_MAX,max_CL,CL@BC_t_ch_MAX,aic,PV,PV_OK,t_ch_MAX_OK,phyl_OK
B.D.E.3,125,3,2.2411413464889494,,,,*,*,*
B,21,3,0.8823995848092048,0.8823995848092048,6.23520083038159,0.2566607769535559,*,*,
B.D.NmC1,1726,3,0.0898111398334612,0.0898111398334612,7.820377720333077,0.11648415777349691,*,*,
B.D.3,433,3,0.029735980108023568,0.029735980108023568,7.940528039783953,0.10970064851551141,*,*,
B.D.E.3.NmC1,1318,3,0.023851644346528984,0.023851644346528984,7.952296711306942,0.10915351424846406,*,*,
