,num_seq,t_ch_MAX,max_CL,CL@BC_t_ch_MAX,aic,PV,PV_OK,t_ch_MAX_OK,phyl_OK
B.D,150,4,29.60795166145203,,,,*,*,*
B.D.NmC1,0,1,27.379403029059024,27.289591889225573,61.420816221548854,0.0982735856043615,*,,
B.D.3,433,1,21.78671380457816,21.756977824470127,72.48604435105975,0.00038780807220140226,*,,
B.D.4,1413,35,4.5837768067606905,-164.26964909211813,444.53929818423626,6.294856708530626e-85,,,
B.D.1,334,41,3.0384229673435783,-59.780390788508385,235.56078157701677,1.508051811520525e-39,,,
B.D.E.3.NmC1,0,2,2.8292656034651045,2.788100270017063,110.42379945996588,2.2502045336483773e-12,,,
B.D.4.NmC1,0,36,1.9693550610135369,-233.75158640736177,583.5031728147235,4.2092550921831205e-115,,,
