,num_seq,t_ch_MAX,max_CL,CL@BC_t_ch_MAX,aic,PV,PV_OK,t_ch_MAX_OK,phyl_OK
B.D.E.3,125,54,35.216852607919016,,,,*,*,*
B.D.E.3.NmC1,0,57,34.83813484729559,33.26747573087237,53.46504853825526,0.14227407158651367,*,,
B.D.NmC1,0,43,3.434118831353459,-19.78241921978644,159.5648384395729,1.3060956040088374e-24,,,
