,num_seq,t_ch_MAX,max_CL,CL@BC_t_ch_MAX,aic,PV,PV_OK,t_ch_MAX_OK,phyl_OK
A.D.2,2386,18,12.450067893669116,,,,*,*,*
A.D.2.2,545,25,0.8110704593668592,-4.490671071703823,60.981342143407645,1.0704676948428846e-07,,,
