,num_seq,t_ch_MAX,max_CL,CL@BC_t_ch_MAX,aic,PV,PV_OK,t_ch_MAX_OK,phyl_OK
B.D.E.2,853,20,9.456185493612514,,,,*,*,*
B.D.4.NmC1,1212,3,0.20667538350064146,-15.695053807049137,85.39010761409827,5.330451921911242e-11,,,
