,num_seq,t_ch_MAX,max_CL,CL@BC_t_ch_MAX,aic,PV,PV_OK,t_ch_MAX_OK,phyl_OK
A.3,202,4,39.95043332691742,,,,*,*,*
A.D.4.NmC1,0,2,15.491379596929487,14.016449041533338,85.96710191693333,5.452210462680047e-12,,,
A.3.1.1,731,36,0.4410524137475871,-91.38863890900588,296.7772778180117,9.115127478943128e-58,,,
A.D.4.NmC3,0,39,0.30017813267275495,-19.354108638927524,152.70821727785506,1.754550007127846e-26,,,
