,num_seq,t_ch_MAX,max_CL,CL@BC_t_ch_MAX,aic,PV,PV_OK,t_ch_MAX_OK,phyl_OK
B.D.4,1413,41,3.5156259861891668,,,,*,*,*
B.D.2,1269,46,2.766077224797541,-12.941310647486063,55.882621294972125,7.139771292333263e-08,,,
B.D.E.3.NmC1,0,46,2.2837522052624375,1.6989136097411084,26.602172780517783,0.16283790839019677,*,,
B.D.4.1,218,46,1.7727591175449735,-0.11323022631990065,30.226460452639802,0.026516184408894156,*,,
B.D.E.3,125,46,0.3549628106457412,-3.0156599046129133,36.03131980922583,0.0014590058497868572,*,,
