,num_seq,t_ch_MAX,max_CL,CL@BC_t_ch_MAX,aic,PV,PV_OK,t_ch_MAX_OK,phyl_OK
B,21,19,23.388859560602818,,,,*,*,*
B.D.E.4,1372,22,12.441977310638215,9.956454255460304,34.08709148907939,1.553500167954032e-06,,,
B.D.E.5,276,7,10.118241877621077,-13.15690390719155,80.3138078143831,1.4281237044117272e-16,,,
B.D.4.1.2,1305,7,7.1856514874224295,-2.6486155679846717,59.29723113596934,5.2122994727462156e-12,,,
B.D.E.1,1124,7,5.489144483741147,-5.4709125770145315,64.94182515402906,3.1068402375434566e-13,,,
