,num_seq,t_ch_MAX,max_CL,CL@BC_t_ch_MAX,aic,PV,PV_OK,t_ch_MAX_OK,phyl_OK
A.1.NmC3,0,11,9.205885919300115,,,,*,*,*
B.1.17.NmC1,0,3,7.27503818667998,2.8974505182465204,92.20509896350696,0.001818033239210281,*,,
A.1.NmC1,0,10,6.413208737465418,3.5336140697977987,90.9327718604044,0.0034478652761031204,*,*,
B.1.17.NmC2,0,14,5.65367652384882,-15.278422792876944,128.55684558575388,2.3243397563206588e-11,,,
B.1.17.NmC5,0,14,4.3039155417028825,-17.001236712764403,132.00247342552882,4.162105666018797e-12,,,
