,num_seq,t_ch_MAX,max_CL,CL@BC_t_ch_MAX,aic,PV,PV_OK,t_ch_MAX_OK,phyl_OK
A.D.2.1,76,16,73.04684373442925,,,,*,*,*
A.D.2,2386,35,19.256976200662898,-57.67149620349097,387.3429924069819,2.2411966202179023e-53,,,
A.D.2.2.1,40,137,5.547879403737244,-11.478930108154419,294.95786021630886,2.5736061042282868e-33,,,
