,num_seq,t_ch_MAX,max_CL,CL@BC_t_ch_MAX,aic,PV,PV_OK,t_ch_MAX_OK,phyl_OK
A.D.3.NmC1,0,6,15.24510693457449,,,,*,*,*
A.D.3.6,757,1,14.302838169745334,10.272133270065783,23.455733459868433,0.006908518939454525,*,,
A.D.3.NmC2,0,6,12.361816126174933,12.36181612617493,19.27636774765014,0.0558547895364846,*,*,
A.D.3,128,6,10.200027650633062,10.20002765063306,23.59994469873388,0.006441460363850593,*,*,
A.D,2353,17,2.34086044250943,-6.133325721516854,56.26665144303371,5.185420459669668e-10,,,
A.D.NmC1,0,17,2.2372982815872096,-15.68428193508526,75.36856387017052,3.692084862614396e-14,,,
A.D.4.NmC3,0,17,1.9534672000951803,-2.036869605066338,48.07373921013268,3.1288976184971305e-08,,,
A.D.NmC2,0,17,1.4833847359052643,-13.65120907039242,71.30241814078484,2.825276423738863e-13,,,
