,num_seq,t_ch_MAX,max_CL,CL@BC_t_ch_MAX,aic,PV,PV_OK,t_ch_MAX_OK,phyl_OK
A.D.2,2386,84,74.35653887717359,,,,*,*,*
A.D.2.NmC1,0,84,25.371757374907826,25.371757374907826,223.25648525018434,5.322121733166744e-22,,*,
A.D.2.1,76,92,7.23515580336773,-6.152418406290192,286.3048368125804,1.0892378753819449e-35,,,
A.D.1,1413,79,4.826674056162888,-3.4477358026760085,280.89547160535204,1.6207567370254086e-34,,,
A.D.4.1,103,6,1.8125683976369211,-50.59277593830391,375.1855518766078,5.431308683023232e-55,,,
