,num_seq,t_ch_MAX,max_CL,CL@BC_t_ch_MAX,aic,PV,PV_OK,t_ch_MAX_OK,phyl_OK
A.D.4.NmC3,0,60,39.443521255400654,,,,*,*,*
A.D.4.NmC1,0,65,32.83950878283211,28.817693029989858,152.3646139400203,2.430083125932946e-05,*,,
A.D.2.2.1,40,13,15.778896164276405,-21.800136185197527,253.60027237039506,2.5213576610677243e-27,,,
A.2.1.1,31,3,3.827176228359737,-345.55208281952554,901.1041656390511,6.292104685931366e-168,,,
A.D.3.NmC2,0,9,1.5922885143007912,-70.77940366233172,351.55880732466346,1.3486235284146911e-48,,,
