,num_seq,t_ch_MAX,max_CL,CL@BC_t_ch_MAX,aic,PV,PV_OK,t_ch_MAX_OK,phyl_OK
A.D.NmC2,637,15,11.56963748401633,,,,*,*,*
A.D,2353,23,10.086811110505806,6.3154485031868814,27.369102993626235,0.005221346291978681,*,,
A.D.2.1,76,14,7.812469830191085,7.631755608623479,24.736488782753042,0.0194482147453854,*,*,
A.D.NmC1,515,15,4.3428095851682595,4.3428095851682595,31.31438082966348,0.000728152539089461,*,*,
