,num_seq,t_ch_MAX,max_CL,CL@BC_t_ch_MAX,aic,PV,PV_OK,t_ch_MAX_OK,phyl_OK
A.D.4.NmC1,0,48,27.747117953153627,,,,*,*,*
A.D.4.NmC3,0,43,18.000962849276373,15.729136373283644,124.54172725343271,6.052736948720248e-06,,,
A.D.4.NmC2,0,21,17.653209643977434,4.96785535834201,146.064289283316,1.2851184973606897e-10,,,
A.D.4,176,19,16.38656287997142,-43.280325167066465,242.56065033413293,1.426377313643038e-31,,,
A.D.2.2.1,40,65,14.378597687009682,-5.688699052271455,167.37739810454292,3.015532389664833e-15,,,
A.D.3.NmC1,0,21,12.48409066683196,-30.229386895997415,216.45877379199482,6.634029702609535e-26,,,
A.3,202,4,0.6816634035457612,-86.08020166313332,328.16040332626665,3.6849414976290553e-50,,,
