,num_seq,t_ch_MAX,max_CL,CL@BC_t_ch_MAX,aic,PV,PV_OK,t_ch_MAX_OK,phyl_OK
B.D.E.3.NmC1,0,56,34.85768136503787,,,,*,*,*
B.D.E.3,125,33,22.798958924190703,-15.333096335100802,156.6661926702016,1.5870422216249986e-22,,,
B.D.NmC1,0,28,6.858329823286017,-6.90294808174704,139.80589616349408,7.272621128129911e-19,,,
B.D.3,433,24,0.007793220132024881,-35.605134509510215,197.21026901902042,2.497119538041099e-31,,,
