,num_seq,t_ch_MAX,max_CL,CL@BC_t_ch_MAX,aic,PV,PV_OK,t_ch_MAX_OK,phyl_OK
B.D.E.3.NmC1,1318,53,34.38460361183479,,,,*,*,*
B.D.E.3,125,33,21.40800443100063,-8.605640329171795,143.21128065834358,2.1363884579237612e-19,,,
B.D.NmC1,1726,28,8.170782843369617,-17.49170134932933,160.98340269865867,2.9578336898666744e-23,,,
B.D,150,14,4.99917843590103,-52.13249409176627,230.26498818353252,2.673085795633984e-38,,,
B.D.3,433,24,3.932986261513509,-61.52084977883417,249.04169955766832,2.2335090321579876e-42,,,
