,num_seq,t_ch_MAX,max_CL,CL@BC_t_ch_MAX,aic,PV,PV_OK,t_ch_MAX_OK,phyl_OK
B.D.E.2,853,51,7.248402588042582,,,,*,*,*
B.D.E.3.NmC1,1318,55,1.1364978432679882,0.7325553014304538,18.534889397139093,0.0014810558994693987,*,,
