,num_seq,t_ch_MAX,max_CL,CL@BC_t_ch_MAX,aic,PV,PV_OK,t_ch_MAX_OK,phyl_OK
A.D.4.NmC1,0,14,36.6627312207957,,,,*,*,*
A.D.4.NmC3,0,1,14.310429274269135,0.8900851882714312,112.21982962345714,2.9047911310396714e-16,,,
A.3.1,1992,46,10.463303968756886,-159.40108527696802,432.80217055393604,7.080312162540242e-86,,,
A.3.1.NmC1,0,50,8.820346635589422,-282.2853409978198,678.5706819956396,3.0323197667058327e-139,,,
A.3.1.1,731,50,7.697791020941564,-78.69478489583925,271.38956979167847,7.939416172917579e-51,,,
A.D.4.NmC2,0,13,2.6501199182329307,2.4411265929138644,109.11774681417228,1.3685836800547408e-15,,*,
