,num_seq,t_ch_MAX,max_CL,CL@BC_t_ch_MAX,aic,PV,PV_OK,t_ch_MAX_OK,phyl_OK
B.D.E.2,853,46,7.338459519275158,,,,*,*,*
B.D.E.3.NmC1,0,46,1.684633535243738,1.6846335352437383,26.630732929512522,0.0034999730868071686,*,*,
