,num_seq,t_ch_MAX,max_CL,CL@BC_t_ch_MAX,aic,PV,PV_OK,t_ch_MAX_OK,phyl_OK
A.3.1,1992,22,12.349653018548851,,,,*,*,*
A.3.1.1,731,21,7.048142432063332,-32.72627974543212,143.45255949086425,7.77583708494542e-12,,*,
