,num_seq,t_ch_MAX,max_CL,CL@BC_t_ch_MAX,aic,PV,PV_OK,t_ch_MAX_OK,phyl_OK
B.D.4.NmC1,1212,19,10.74184929563011,,,,*,*,*
B.D.4,1413,12,4.75280047581436,-12.211396064715807,74.42279212943161,1.0788017451298005e-10,,,
B.D.2,1269,7,2.370876118804915,-33.11255343408061,116.22510686816122,8.995296772238926e-20,,,
B.D.E.2,853,7,2.235246474324864,-22.203529658109908,94.40705931621982,4.922302431450686e-15,,,
