,num_seq,t_ch_MAX,max_CL,CL@BC_t_ch_MAX,aic,PV,PV_OK,t_ch_MAX_OK,phyl_OK
A.D.4.NmC1,0,12,37.31234701124501,,,,*,*,*
A.D.4.NmC3,0,1,31.536273617197054,21.234364956474234,67.53127008705152,1.0440377532863836e-07,,,
A.3.1,1992,42,12.943863765869988,-167.49185769297213,444.98371538594427,1.1389118357060604e-89,,,
A.3.1.1,731,42,9.920922425869902,-77.83597093365425,265.67194186730853,9.843779596956373e-51,,,
A.3.1.NmC1,0,58,4.469920935703197,-288.6866759415035,687.373351883007,2.64344556682739e-142,,,
