,num_seq,t_ch_MAX,max_CL,CL@BC_t_ch_MAX,aic,PV,PV_OK,t_ch_MAX_OK,phyl_OK
B.D.4.1,218,25,4.4226670112508994,,,,*,*,*
B.D.1.1,115,28,0.6030960078862095,-32.037185072490075,90.07437014498015,1.4642768281127122e-16,,,
