,num_seq,t_ch_MAX,max_CL,CL@BC_t_ch_MAX,aic,PV,PV_OK,t_ch_MAX_OK,phyl_OK
A.D.5.NmC1,425,25,16.53269360577466,,,,*,*,*
A.D.2.2.NmC1,394,25,8.182890249462442,5.4525193081291965,101.0949613837416,0.007750483891136699,*,*,
A.D.3.6,757,10,5.372434269092063,-82.70510419790628,277.41020839581256,3.9987779932444786e-41,,,
A.D.NmC1,515,9,1.60161349422652,-209.39453795017528,530.7890759003506,3.812056957943671e-96,,,
A.D.NmC2,637,9,1.484532168389716,-196.62052356227773,505.24104712455545,1.3467016348816623e-90,,,
A.D,2353,9,1.3112307626773805,-169.1051620228504,450.2103240457008,1.1991791169884382e-78,,,
A.3.1.1,731,4,0.9227143506643833,-57.4964066676407,226.9928133352814,3.552149061711654e-30,,,
A.3.1.NmC2,67,3,0.7842629544639835,-224.36639156524137,560.7327831304827,1.2016306212014515e-102,,,
A.3.1,1992,3,0.6250728530767242,-55.90963110449314,223.8192622089863,1.73319702920019e-29,,,
