,num_seq,t_ch_MAX,max_CL,CL@BC_t_ch_MAX,aic,PV,PV_OK,t_ch_MAX_OK,phyl_OK
B.D.1,334,21,9.490233042228152,,,,*,*,*
B.D.4.1.1,260,5,3.17596249527782,-65.56610291901877,199.13220583803755,2.535290101110608e-33,,,
