,num_seq,t_ch_MAX,max_CL,CL@BC_t_ch_MAX,aic,PV,PV_OK,t_ch_MAX_OK,phyl_OK
A.D.5.NmC1,0,33,26.4194016086599,,,,*,*,*
A.D.2.1,76,35,9.419891340314638,0.3958464975681194,77.20830700486376,2.124286588467185e-11,,,
A.D.5,115,14,4.266861446665983,-152.74033384594514,383.4806676918903,6.630215142600108e-78,,,
