,num_seq,t_ch_MAX,max_CL,CL@BC_t_ch_MAX,aic,PV,PV_OK,t_ch_MAX_OK,phyl_OK
B.D.E.2,853,41,7.676834550736603,,,,*,*,*
B.D.E.3.NmC1,1318,43,6.165390889807924,5.9314905251048184,26.137018949790363,0.1746449889668107,*,,
B.D.2,1269,50,3.3288865596904684,-10.128200055697198,58.2564001113944,1.8509161707765328e-08,,,
B.D.4.1,218,50,1.3258905994707955,-5.662558347779006,49.32511669555801,1.6088353915567235e-06,,,
B.D.E.3,125,50,1.179895654470355,-18.67933403384227,75.35866806768453,3.5823575454662985e-12,,,
