,num_seq,t_ch_MAX,max_CL,CL@BC_t_ch_MAX,aic,PV,PV_OK,t_ch_MAX_OK,phyl_OK
A.1.NmC12,0,12,3.0974646035867024,,,,*,*,*
A.1.NmC7,0,10,0.927458081686719,-9.073910317730371,42.14782063546075,5.18365578819988e-06,,,
