,num_seq,t_ch_MAX,max_CL,CL@BC_t_ch_MAX,aic,PV,PV_OK,t_ch_MAX_OK,phyl_OK
A.D.4.NmC3,1653,56,37.32516260711447,,,,*,*,*
A.D.2.2.1,40,38,33.761707582639715,15.551867886643157,168.8962642267137,3.493314258792132e-10,,,
A.D.4.NmC1,2189,61,32.21030926508985,28.188493512247593,143.62301297550482,0.00010782510948883439,*,,
A.D.3.NmC2,401,35,5.9409371661397445,-39.85476038193651,279.709520763873,3.027972221928716e-34,,,
A.2.1.1,31,3,3.827176228359737,-306.31233569290447,812.6246713858089,5.770530106095821e-150,,,
A.D.4.NmC2,848,38,3.587580890616958,-10.53395397870933,221.06790795741867,1.6393289034492922e-21,,,
