,num_seq,t_ch_MAX,max_CL,CL@BC_t_ch_MAX,aic,PV,PV_OK,t_ch_MAX_OK,phyl_OK
B.D.1,334,8,46.440265818918775,,,,*,*,*
B.D.3,433,2,12.420186558555802,8.256709767234296,79.4865804655314,1.1518409493076178e-16,,,
B.D.NmC1,0,31,1.1521748796575004,-20.127353208179706,136.2547064163594,5.446470024109436e-29,,,
