,num_seq,t_ch_MAX,max_CL,CL@BC_t_ch_MAX,aic,PV,PV_OK,t_ch_MAX_OK,phyl_OK
B.D.E.3.NmC1,0,63,33.73904803144218,,,,*,*,*
B.D.E.3,125,52,25.882074650560625,6.000888919865285,115.99822216026944,8.967493529935794e-13,,,
