,num_seq,t_ch_MAX,max_CL,CL@BC_t_ch_MAX,aic,PV,PV_OK,t_ch_MAX_OK,phyl_OK
B.D.E.3.NmC1,1318,55,33.799398742892755,,,,*,*,*
B.D.E.3,125,24,15.011276380710626,-28.6056403291718,187.21128065834358,7.904107838072107e-28,,,
B.D.NmC1,1726,29,9.389712083796914,-15.47872606244,160.95745212488,3.9624877426814177e-22,,,
B.D,150,14,4.99917843590103,-62.67971110167537,255.35942220335073,1.2568064069196075e-42,,,
B.D.3,433,24,3.932986261513509,-72.43502204208957,274.87004408417914,7.289969562123488e-47,,,
