,num_seq,t_ch_MAX,max_CL,CL@BC_t_ch_MAX,aic,PV,PV_OK,t_ch_MAX_OK,phyl_OK
B.D.3,433,53,41.324136006506436,,,,*,*,*
B.D.NmC1,0,57,31.075398216472596,29.297751151251312,85.40449769749738,5.992511209807918e-06,,,
B.D.E.3,125,4,4.607444985452683,-138.70275329878882,421.40550659757764,6.515750153916502e-79,,,
B.D.E.3.NmC1,0,10,3.317638720087535,-88.83329535373935,321.6665907074787,2.966403572352264e-57,,,
