,num_seq,t_ch_MAX,max_CL,CL@BC_t_ch_MAX,aic,PV,PV_OK,t_ch_MAX_OK,phyl_OK
B.D.4.NmC1,1212,8,6.382657243426704,,,,*,*,*
B.D.1.1,115,21,3.429864716166559,-39.1694187365055,130.33883747301098,1.6432925142527917e-20,,,
B.D.NmC1,1726,8,2.670486286147448,2.670486286147448,46.659027427705105,0.024355441115023704,*,*,
B.D.4.1,218,17,0.7302503883837259,-7.663497280222225,67.32699456044445,7.909745849287022e-07,,,
B.D.4,1413,7,0.43548106895039257,0.1141082286139381,51.77178354277213,0.001892228583209933,*,*,
B.D,150,20,0.19708025527554388,-24.87194537224138,101.74389074448277,2.667632305206745e-14,,,
