,num_seq,t_ch_MAX,max_CL,CL@BC_t_ch_MAX,aic,PV,PV_OK,t_ch_MAX_OK,phyl_OK
A.2.1.1,31,59,2.5854827776574956,,,,*,*,*
A.D.5.NmC1,0,39,0.3324026275800493,-6.0730251887123465,48.14605037742469,13.000658369670655,*,,
