,num_seq,t_ch_MAX,max_CL,CL@BC_t_ch_MAX,aic,PV,PV_OK,t_ch_MAX_OK,phyl_OK
B.D.1.NmC1,605,236,132.94599133714757,,,,*,*,*
B.D.E.5,276,4,2.99905632949634,-1039.5732745311707,3405.1465490623414,0.0,,,
B.D.4.1.2,1305,4,1.3134008228242406,-402.2941579042577,2130.5883158085153,3.5336335209922867e-233,,,
B.D.E.1,1124,6,0.27032511375014323,-1011.4694495758835,3348.938899151767,0.0,,,
