,num_seq,t_ch_MAX,max_CL,CL@BC_t_ch_MAX,aic,PV,PV_OK,t_ch_MAX_OK,phyl_OK
A.D.4.NmC3,1653,56,40.64880774983724,,,,*,*,*
A.D.2.2.1,40,47,24.447412810526107,10.059451708112654,177.8810965837747,5.18718573188645e-14,,,
A.D.4.NmC1,2189,61,20.953942448903895,16.932126696061637,164.13574660787674,4.9949930611206195e-11,,,
A.2.1.1,31,3,3.827176228359737,-302.4762741433302,802.9525482866604,9.609612975851434e-150,,,
A.D.3.NmC2,401,9,1.5922885143007912,-38.947718747551576,275.8954374951031,2.692521875959929e-35,,,
