,num_seq,t_ch_MAX,max_CL,CL@BC_t_ch_MAX,aic,PV,PV_OK,t_ch_MAX_OK,phyl_OK
A.D.4.NmC3,1653,57,33.358448199471106,,,,*,*,*
A.D.2.2.1,40,9,10.448359798520576,-3.307082200339091,216.6141644006782,1.9471397246824045e-16,,,
A.2.1.1,31,3,3.827176228359737,-315.91454616988676,841.8290923397735,3.3465639573675857e-152,,,
A.D.4.NmC1,2189,61,2.838252127476952,-0.28245800583669545,210.5649160116734,4.00994046634666e-15,,,
A.D.3.NmC2,401,9,1.5922885143007912,-76.58686989606976,363.1737397921395,2.912711585730338e-48,,,
