,num_seq,t_ch_MAX,max_CL,CL@BC_t_ch_MAX,aic,PV,PV_OK,t_ch_MAX_OK,phyl_OK
A.2.1.1,31,10,76.79301756703865,,,,*,*,*
A.D.2,2386,5,5.070854521697847,1.7749453690424066,176.45010926191517,5.783260921263198e-29,,,
A.D.2.2.1,40,55,3.49713253295623,-126.32427262879725,432.6485452575945,1.346014241128579e-84,,,
