,num_seq,t_ch_MAX,max_CL,CL@BC_t_ch_MAX,aic,PV,PV_OK,t_ch_MAX_OK,phyl_OK
B.D.1,334,6,4.0706452671184215,,,,*,*,*
B.D.4,1413,2,3.2839787330719004,2.543684825279776,12.912630349440448,0.3042212640667039,*,,
