,num_seq,t_ch_MAX,max_CL,CL@BC_t_ch_MAX,aic,PV,PV_OK,t_ch_MAX_OK,phyl_OK
A.1.NmC1,0,961,3.564446814392956,,,,*,*,*
A.1,836,940,2.151273034957037,2.102790270647372,289.79441945870525,3294.4680752838226,*,,
