,num_seq,t_ch_MAX,max_CL,CL@BC_t_ch_MAX,aic,PV,PV_OK,t_ch_MAX_OK,phyl_OK
A.1.NmC2,0,833,50.24187138022535,,,,*,*,*
A.1.NmC1,0,421,31.3931040412139,-59.61800518083058,2703.236010361661,6.947651715098714e-40,,,
