,num_seq,t_ch_MAX,max_CL,CL@BC_t_ch_MAX,aic,PV,PV_OK,t_ch_MAX_OK,phyl_OK
B.D.4,1413,9,3.5548231777923345,,,,*,*,*
B.D.2,1269,8,3.2273466502816457,-6.772653349718354,39.54530669943671,3.263908700239288e-05,*,*,
B.D.4.1,218,7,2.6048483016045423,-7.489319338542729,40.978638677085456,1.5966783897804774e-05,*,,
B.D.4.NmC1,1212,6,1.3215062937521809,-10.634515819574203,47.26903163914841,6.87640269398919e-07,,,
B.D.1,334,4,0.49983218245178374,-12.645456409734571,51.29091281946914,9.213600834566135e-08,,,
B.D.E.2,853,8,0.49387648205694806,-9.506123517943053,45.012247035886105,2.128698069712277e-06,,*,
