,num_seq,t_ch_MAX,max_CL,CL@BC_t_ch_MAX,aic,PV,PV_OK,t_ch_MAX_OK,phyl_OK
A.1.NmC1,0,1347,0.41713258886194676,,,,*,*,*
A.1,836,1346,0.0021527130049658894,0.0021527130049658616,11.995694573990068,14544.962605881383,*,*,
