,num_seq,t_ch_MAX,max_CL,CL@BC_t_ch_MAX,aic,PV,PV_OK,t_ch_MAX_OK,phyl_OK
A.1.NmC2,0,1345,156.62731815435558,,,,*,*,*
A.1.NmC1,0,404,36.957340322022816,27.2522997697588,2815.4954004604824,6.503563781040887e-57,,,
