,num_seq,t_ch_MAX,max_CL,CL@BC_t_ch_MAX,aic,PV,PV_OK,t_ch_MAX_OK,phyl_OK
A.3.1.1,731,62,4.291634735328581,,,,*,*,*
A.D.4.NmC1,2189,62,3.125304032907949,3.125304032907949,5.749391934184102,0.31192266203264674,*,*,
