,num_seq,t_ch_MAX,max_CL,CL@BC_t_ch_MAX,aic,PV,PV_OK,t_ch_MAX_OK,phyl_OK
F.2,70,67,59.75343089562666,,,,*,*,*
F.2.NmC2,0,67,39.230957329431135,39.230957329431135,67.53808534113773,1.2192864821376149e-09,,*,
F.2.NmC1,0,67,18.237210287482586,18.237210287482586,109.52557942503483,9.291655756162917e-19,,*,
