,num_seq,t_ch_MAX,max_CL,CL@BC_t_ch_MAX,aic,PV,PV_OK,t_ch_MAX_OK,phyl_OK
B.D.E.2,853,9,10.491362254705333,,,,*,*,*
B.D.E.3.NmC1,1318,26,0.8501324267009543,-9.457215230761665,68.91443046152332,2.177692515191855e-09,,,
