,num_seq,t_ch_MAX,max_CL,CL@BC_t_ch_MAX,aic,PV,PV_OK,t_ch_MAX_OK,phyl_OK
B.D.E.3.NmC1,0,50,29.630950777862644,,,,*,*,*
B.D.E.3,125,32,19.179982525341316,-12.312211256623936,148.62442251324788,6.1050528654031e-19,,,
B.D.NmC1,0,30,10.868760381459717,-0.12186829767498253,124.24373659534996,1.2015425731771786e-13,,,
B.D,150,31,9.496794918290906,-43.55653380257635,211.1130676051527,1.644971363418304e-32,,,
B.D.3,433,23,3.064968506557005,-35.76941108440672,195.53882216881345,3.95494896345776e-29,,,
