,num_seq,t_ch_MAX,max_CL,CL@BC_t_ch_MAX,aic,PV,PV_OK,t_ch_MAX_OK,phyl_OK
A.D.4.NmC1,2189,6,34.087537546569486,,,,*,*,*
A.3.1,1992,34,13.08917911765398,-143.12548780507177,388.25097561014354,1.0876856266004875e-77,,,
A.3.1.NmC1,266,44,7.551960681240775,-240.32671572225553,582.653431444511,6.653953300324037e-120,,,
A.3.1.1,731,44,6.459767061417548,-70.48277220656152,242.96554441312304,3.8340215973763746e-46,,,
