,num_seq,t_ch_MAX,max_CL,CL@BC_t_ch_MAX,aic,PV,PV_OK,t_ch_MAX_OK,phyl_OK
B.1.17.NmC3,0,55,27.848190306366394,,,,*,*,*
B.1.NmC7,0,62,25.856871200631737,24.211094453398317,61.577811093203366,0.026252343965687947,*,,
B.1,452,52,10.52343122365768,-9.34630892042349,128.692617840847,7.021287325304836e-17,,,
B.1.13.NmC2,0,5,1.6828469701700692,-64.72392161407465,239.4478432281493,6.240053853769569e-41,,,
B.1.1,446,5,1.0405190730286566,-23.713098687737634,157.42619737547528,4.0327847361904514e-23,,,
