,num_seq,t_ch_MAX,max_CL,CL@BC_t_ch_MAX,aic,PV,PV_OK,t_ch_MAX_OK,phyl_OK
B.1.15,19,58,37.260857845507026,,,,*,*,*
B.1.NmC1,132,17,3.339557445642114,-82.85861789687965,297.7172357937593,6.80059377813886e-53,,,
B.1.NmC3,263,17,1.5400621478729353,-53.25556514114029,238.5111302822806,4.8959274151436746e-40,,,
B.1.13.NmC1,402,17,1.1174400544614727,-23.19928001937417,178.39856003874834,5.527842036195648e-27,,,
B.1.1,446,17,0.9112165564187665,-30.704386731367688,193.40877346273538,3.0421143691340338e-30,,,
B.1,452,17,0.27910184308884367,-76.27386014227334,284.5477202845467,4.92465710919725e-50,,,
