,num_seq,t_ch_MAX,max_CL,CL@BC_t_ch_MAX,aic,PV,PV_OK,t_ch_MAX_OK,phyl_OK
A.3.1.NmC1,0,8,13.310184335052917,,,,*,*,*
A.3.1.1,731,1,12.475563677321027,8.557161033020213,14.885677933959574,0.008608544693276493,*,,
A.D.4.NmC1,0,4,9.963708971857418,9.568819099308527,12.862361801382946,0.023754103131305007,*,,
A.3.1,1992,8,8.389087196187132,8.389087196187132,15.221825607625735,0.007299130846788583,*,*,
A.D.4.NmC3,0,1,5.437337415772669,2.4295539920132314,27.140892015973538,1.8831115057022737e-05,*,,
A.D.2.2.NmC1,0,20,2.7139958059180893,-18.197624389359998,68.39524877872,2.0671922837986508e-14,,,
