,num_seq,t_ch_MAX,max_CL,CL@BC_t_ch_MAX,aic,PV,PV_OK,t_ch_MAX_OK,phyl_OK
A.3.1,1992,6,5.930783935017369,,,,*,*,*
A.3,202,7,3.3388896328412008,3.1710489644122686,53.657902071175464,0.23107799147733024,*,*,
A.D.2.2.NmC1,0,15,2.7941700647067167,-2.497795116185907,64.99559023237181,0.0007967257828863397,*,,
A.D.4,176,20,1.9412046396222533,-67.27339376372413,194.54678752744826,5.886861337841752e-32,,,
A.D.5,115,20,1.8803603905320383,-83.31992977289133,226.63985954578266,6.333282263245775e-39,,,
