,num_seq,t_ch_MAX,max_CL,CL@BC_t_ch_MAX,aic,PV,PV_OK,t_ch_MAX_OK,phyl_OK
B.D.E.3,125,40,24.969797079925016,,,,*,*,*
B.D.NmC1,1726,45,22.442030619477343,20.374275676346333,51.251448647307335,0.010102220780978843,*,,
B.D.E.3.NmC1,1318,49,17.796252605079815,16.515584035449,58.968831929102,0.0002128335825953216,*,,
B.D.3,433,31,16.702399119598226,14.0373627047231,63.9252745905538,1.7823370720875278e-05,*,,
B.D,150,45,16.26459597156673,13.570857082559291,64.85828583488141,1.119548484259096e-05,*,,
