,num_seq,t_ch_MAX,max_CL,CL@BC_t_ch_MAX,aic,PV,PV_OK,t_ch_MAX_OK,phyl_OK
A.D,2353,13,2.7844622370846737,,,,*,*,*
A.3.1.1,731,3,1.3945593497956232,-20.65495906862913,79.30991813725825,6.609024231587262e-11,,,
A.D.2.2.NmC1,0,3,0.7457597212845097,-17.025046438663402,72.0500928773268,2.4924491886436156e-09,,,
A.D.3.6,757,3,0.5517280687041247,-5.311947822133111,48.62389564426622,0.00030506063434013197,*,,
A.D.NmC2,0,3,0.5450469286787483,-0.41869333320902896,38.837386666418055,0.04055890163787191,*,,
A.3.1.NmC2,0,3,0.3349732096304365,-50.36703476818771,138.73406953637542,8.265103317973497e-24,,,
A.D.NmC1,0,7,0.19403685830549966,-9.694410343933322,57.38882068786664,3.8019365599696187e-06,,,
