,num_seq,t_ch_MAX,max_CL,CL@BC_t_ch_MAX,aic,PV,PV_OK,t_ch_MAX_OK,phyl_OK
A.D.2.2.1,40,50,39.75457050739513,,,,*,*,*
A.D.4.NmC1,0,63,33.05717390108428,23.44303426678974,127.11393146642052,8.2538581366009e-08,,,
A.D.4.NmC3,0,58,31.328219298543605,28.132163882953233,117.73567223409353,8.93977622368364e-06,,,
A.D.3.NmC2,0,36,19.989475221943444,-12.548405407461342,199.0968108149227,1.9240977159372978e-23,,,
A.2.1.1,31,3,3.827176228359737,-273.347885111038,720.695770222076,1.047674186889908e-136,,,
A.D.4.NmC2,0,40,3.5241078313519,-9.679612189830628,193.35922437966127,3.3935346434251213e-22,,,
