,num_seq,t_ch_MAX,max_CL,CL@BC_t_ch_MAX,aic,PV,PV_OK,t_ch_MAX_OK,phyl_OK
B.D.E.3.NmC1,0,31,10.176035782858932,,,,*,*,*
B.D.E.2,853,57,2.7584746553935733,-30.673834942792276,133.34766988558454,2.1683067878970715e-17,,,
