,num_seq,t_ch_MAX,max_CL,CL@BC_t_ch_MAX,aic,PV,PV_OK,t_ch_MAX_OK,phyl_OK
A.D.1,1413,84,84.64121551881395,,,,*,*,*
A.D.2,2386,73,43.14958816634889,19.980417009887645,160.0391659802247,8.289317990523869e-29,,,
A.D.2.NmC1,0,73,28.136766117437602,0.6522431193339404,198.6955137613321,3.338923470389936e-37,,,
A.D.2.NmC2,0,28,1.7132798871431634,-43.131138788419754,286.2622775768395,3.2373827419484524e-56,,,
