,num_seq,t_ch_MAX,max_CL,CL@BC_t_ch_MAX,aic,PV,PV_OK,t_ch_MAX_OK,phyl_OK
B.D.2,1269,25,13.035024194196179,,,,*,*,*
B.D.E.2,853,11,2.265752487492923,-21.777193963698487,99.55438792739697,7.624459905389723e-16,,,
B.D.4,1413,10,0.4176001217677899,-7.271462889010541,70.54292577802109,1.5193245133114318e-09,,,
