,num_seq,t_ch_MAX,max_CL,CL@BC_t_ch_MAX,aic,PV,PV_OK,t_ch_MAX_OK,phyl_OK
A.D.3.3,1219,13,5.237176745106667,,,,*,*,*
A.D.5.1,539,9,3.442864203645618,-3.52504135867376,45.05008271734752,0.0001568846085865227,*,,
