,num_seq,t_ch_MAX,max_CL,CL@BC_t_ch_MAX,aic,PV,PV_OK,t_ch_MAX_OK,phyl_OK
A.D.3.NmC1,397,44,45.409055972547065,,,,*,*,*
A.D.3.NmC2,401,44,29.52447751652953,29.52447751652953,56.95104496694094,1.262502233100537e-07,,*,
A.D.4.NmC2,848,26,17.922687659532887,12.372527761593556,91.25494447681288,4.49864569543919e-15,,,
A.D.4.NmC1,2189,14,7.19346571306021,-28.320466808107298,172.6409336162146,9.538231289074598e-33,,,
A.D.4.NmC3,1653,26,4.518495828159338,-22.91080322396993,161.82160644793987,2.1330498068400064e-30,,,
