,num_seq,t_ch_MAX,max_CL,CL@BC_t_ch_MAX,aic,PV,PV_OK,t_ch_MAX_OK,phyl_OK
B.D.4.NmC1,0,52,3.506676960925244,,,,*,*,*
B.D.1.1,115,52,3.429864716166559,-39.04361687217368,114.08723374434736,5.579598201421384e-19,,*,
B.D.NmC1,0,50,2.5436954690058258,2.186851164524352,31.626297670951296,0.44932896411722206,*,,
B.D.4.1,218,53,0.3017632896672511,-11.91706080890841,59.83412161781682,3.380743483904743e-07,,*,
B.D,150,51,0.19708025527554388,-12.210910412659711,60.42182082531942,2.517070312886623e-07,,*,
