,num_seq,t_ch_MAX,max_CL,CL@BC_t_ch_MAX,aic,PV,PV_OK,t_ch_MAX_OK,phyl_OK
B.1.15,19,70,72.81879797013879,,,,*,*,*
B.1.NmC1,132,5,2.121502125160367,-161.9756688930355,465.951337786071,1.0710928532207288e-102,,,
B.1.1,446,18,2.076676916888867,-73.16375874723818,288.32751749447635,3.9766746366194124e-64,,,
B.1.NmC3,263,5,0.32581635580785595,-111.0260444965364,364.0520889930728,1.43592241343305e-80,,,
