,num_seq,t_ch_MAX,max_CL,CL@BC_t_ch_MAX,aic,PV,PV_OK,t_ch_MAX_OK,phyl_OK
B.D.4.1.3.NmC1,0,42,33.98224011187951,,,,*,*,*
B.D.4.1.1.NmC1,0,48,22.159089524681825,15.976444814069307,66.04711037186138,1.5154019903840864e-08,,,
