,num_seq,t_ch_MAX,max_CL,CL@BC_t_ch_MAX,aic,PV,PV_OK,t_ch_MAX_OK,phyl_OK
A.D.2.2.NmC1,0,5,15.275682639245575,,,,*,*,*
A.3.1.NmC1,0,22,3.950453779577521,-69.55837557831809,205.11675115663618,1.4342591452085152e-37,,,
A.D.4.NmC1,0,22,2.736808395227362,-16.92558819081838,99.85117638163676,1.0368541797114153e-14,,,
A.3.1,1992,22,1.8484407307393225,-32.20019008362045,130.40038016724088,2.409181234061482e-21,,,
A.3.1.1,731,22,0.7113625043152997,-20.048173528726153,106.0963470574523,4.555619327113299e-16,,,
