,num_seq,t_ch_MAX,max_CL,CL@BC_t_ch_MAX,aic,PV,PV_OK,t_ch_MAX_OK,phyl_OK
B.D.NmC1,1726,55,33.883229390740944,,,,*,*,*
B.D,150,52,24.06386412018208,23.712732882986806,84.57453423402639,3.830232341655569e-05,*,,
B.D.E.3.NmC1,1318,36,6.590968349845157,-23.701429043092567,179.40285808618512,9.798334456801267e-26,,,
B.D.E.3,125,36,1.0162183556664597,-57.66532974708513,247.33065949417028,1.7391625769527213e-40,,,
