,num_seq,t_ch_MAX,max_CL,CL@BC_t_ch_MAX,aic,PV,PV_OK,t_ch_MAX_OK,phyl_OK
A.D.4.NmC3,0,57,35.99686560568899,,,,*,*,*
A.D.4.NmC1,0,62,31.044153554022905,27.02233780118065,149.9553243976387,0.0001265339381510289,*,,
A.D.2.2.1,40,62,29.01235049558103,25.988494963078715,152.02301007384256,4.517349666814326e-05,*,,
A.D.4.NmC2,0,41,5.0184645595619415,-9.438073830656469,222.87614766131293,1.8528071360439873e-20,,,
A.D.3.NmC2,0,37,3.998853208143754,-31.7968443399325,267.593688679865,3.6239072327330496e-30,,,
A.2.1.1,31,3,3.827176228359737,-302.1862168857741,808.3724337715482,1.3498705110709394e-147,,,
