,num_seq,t_ch_MAX,max_CL,CL@BC_t_ch_MAX,aic,PV,PV_OK,t_ch_MAX_OK,phyl_OK
A.D.4.NmC1,0,13,34.33714000507219,,,,*,*,*
A.D.4.NmC3,0,1,31.834477617462376,19.277416234736947,69.4451675305261,2.8808795618974065e-07,,,
A.3.1,1992,41,11.402269727157561,-180.79130717671347,469.58261435342695,3.735937314457236e-94,,,
A.3.1.1,731,39,8.838653982889868,-79.44790779341281,266.8958155868256,3.835326813001034e-50,,,
A.3.1.NmC1,0,49,6.767063875860596,-270.73995870123235,649.4799174024647,3.218184459881285e-133,,,
