,num_seq,t_ch_MAX,max_CL,CL@BC_t_ch_MAX,aic,PV,PV_OK,t_ch_MAX_OK,phyl_OK
B.D.2,1269,12,7.276550787456757,,,,*,*,*
B.D.4.1,218,12,4.938061144928331,4.938061144928331,16.12387771014334,0.09681048252646013,*,*,
B.D.4,1413,18,3.2445220114652327,-0.2061709441772103,26.41234188835442,0.0005642574155726738,*,,
B.D.E.2,853,16,2.257957846985255,-1.2172581197954868,28.434516239590973,0.00020551326011554428,*,,
B.D.4.NmC1,1212,5,0.8104508376390245,-30.623185132187736,87.24637026437547,3.469278269749097e-17,,,
