,num_seq,t_ch_MAX,max_CL,CL@BC_t_ch_MAX,aic,PV,PV_OK,t_ch_MAX_OK,phyl_OK
B.D.4.NmC1,1212,23,4.5498842370804615,,,,*,*,*
B.D.4.1.1,260,10,0.18884944711647705,-23.90076262346934,125.80152524693868,4.408816159761692e-13,,,
