,num_seq,t_ch_MAX,max_CL,CL@BC_t_ch_MAX,aic,PV,PV_OK,t_ch_MAX_OK,phyl_OK
B.D.4.1.1,260,15,7.49888692949644,,,,*,*,*
B.D.1,334,4,0.731348269966584,-4.8922016022651,43.7844032045302,4.159981212197409e-06,,,
