,num_seq,t_ch_MAX,max_CL,CL@BC_t_ch_MAX,aic,PV,PV_OK,t_ch_MAX_OK,phyl_OK
B.D.4.1.1,260,6,2.223083409735999,,,,*,*,*
B.D.1,334,3,0.7984749140775619,-2.259649508119178,22.519299016238357,0.011276887520740568,*,,
