,num_seq,t_ch_MAX,max_CL,CL@BC_t_ch_MAX,aic,PV,PV_OK,t_ch_MAX_OK,phyl_OK
A.1.NmC2,195,1336,76.21278093177246,,,,*,*,*
A.1.NmC1,377,596,8.146044229824804,-18.210475270514095,2864.420950541028,1.9850586112467755e-37,,,
