,num_seq,t_ch_MAX,max_CL,CL@BC_t_ch_MAX,aic,PV,PV_OK,t_ch_MAX_OK,phyl_OK
A.D.4.NmC3,0,53,36.59067018625055,,,,*,*,*
A.D.4.NmC1,0,58,27.51070297554986,23.488887222707607,75.0222255545848,2.045230624523493e-06,,,
A.D.2.2.1,40,43,3.844038968224913,-10.258589814286498,142.517179628573,4.500943101256904e-21,,,
