,num_seq,t_ch_MAX,max_CL,CL@BC_t_ch_MAX,aic,PV,PV_OK,t_ch_MAX_OK,phyl_OK
A.1,836,427,6.249237843844261,,,,*,*,*
A.1.NmC2,0,460,1.1523038012258127,-66.10775586284774,1166.2155117256955,3.525307606905731e-29,,,
A.1.NmC1,0,460,-0.047275918364817926,-27.640233328898148,1089.2804666577963,1.7968248156441835e-12,,,
