,num_seq,t_ch_MAX,max_CL,CL@BC_t_ch_MAX,aic,PV,PV_OK,t_ch_MAX_OK,phyl_OK
A.D.4.NmC3,1653,63,53.74915893241599,,,,*,*,*
A.D.3.NmC2,401,3,1.9379310293948688,-79.61270184564025,313.22540369128046,1.2031407070926604e-58,,,
A.D.4.NmC1,2189,3,0.4176897835902693,-24.06445442744577,202.12890885489153,1.604629938039819e-34,,,
