,num_seq,t_ch_MAX,max_CL,CL@BC_t_ch_MAX,aic,PV,PV_OK,t_ch_MAX_OK,phyl_OK
A.D.4.NmC1,0,48,33.467371942221035,,,,*,*,*
A.D.4.NmC2,0,26,13.849253844767473,-17.251852167889314,150.50370433577862,9.435292112523191e-23,,,
