,num_seq,t_ch_MAX,max_CL,CL@BC_t_ch_MAX,aic,PV,PV_OK,t_ch_MAX_OK,phyl_OK
A.D.5.NmC1,425,31,9.30900991661797,,,,*,*,*
A.3.1.1,731,19,6.7025984431704835,-1.4186801319813855,18.837360263962772,8.961391040299518e-05,*,,
A.3.1,1992,7,3.2799524412388474,-6.991148525254042,29.982297050508084,3.414720520786691e-07,,,
A.3,202,35,1.0199048528833075,-3.854284356277563,23.708568712555127,7.849976655468867e-06,,,
A.2.1.1,31,34,0.6463863185126695,-6.8575002144735056,29.71500042894701,3.888780650192921e-07,,,
