,num_seq,t_ch_MAX,max_CL,CL@BC_t_ch_MAX,aic,PV,PV_OK,t_ch_MAX_OK,phyl_OK
A.3.1.NmC1,266,13,8.58929709440613,,,,*,*,*
A.D.4.NmC1,2189,5,8.368472928147906,7.6481798666675385,20.703640266664923,0.06172908903095885,*,,
A.3.1,1992,5,8.357048660897364,6.17684322546761,23.64631354906478,0.014122302410163974,*,,
A.3.1.1,731,13,7.2270489772144355,8.219917991172602,19.560164017654795,0.10915351424846416,*,*,
A.D.4.NmC3,1653,1,3.583422810771128,1.383033320819334,33.233933358361334,0.00011739103691911839,*,,
