,num_seq,t_ch_MAX,max_CL,CL@BC_t_ch_MAX,aic,PV,PV_OK,t_ch_MAX_OK,phyl_OK
A.3.1.1,731,21,6.333898015432106,,,,*,*,*
A.D.5.NmC1,425,3,1.6637656969931354,-20.517685901685933,101.03537180337187,2.1728096853781966e-12,,,
A.D.5,115,3,1.0727147973512097,-53.848734749879,167.697469499758,7.277573606474358e-27,,,
A.D.2.1,76,3,1.0564788407675632,-22.73665635174754,105.47331270349508,2.371698129521305e-13,,,
