,num_seq,t_ch_MAX,max_CL,CL@BC_t_ch_MAX,aic,PV,PV_OK,t_ch_MAX_OK,phyl_OK
B.D.NmC1,0,43,31.31190854988363,,,,*,*,*
B.D,150,30,15.92445451824822,-6.504695422950053,137.0093908459001,6.987457574863328e-19,,,
B.D.E.3.NmC1,0,33,12.21010566223298,-20.24208578475667,164.48417156951334,7.573288042408275e-25,,,
B.D.3,433,39,7.058134854688266,-27.699278633537,179.398557267074,4.359610000063081e-28,,,
