,num_seq,t_ch_MAX,max_CL,CL@BC_t_ch_MAX,aic,PV,PV_OK,t_ch_MAX_OK,phyl_OK
A.2.1.1,31,11,27.49906927272962,,,,*,*,*
A.3,202,19,27.228649571072648,25.73005088066255,60.5398982386749,0.1703329888254095,*,,
A.3.1.1,731,10,20.014563794407138,19.888000355609663,72.22399928878067,0.0004954718584774098,*,*,
