,num_seq,t_ch_MAX,max_CL,CL@BC_t_ch_MAX,aic,PV,PV_OK,t_ch_MAX_OK,phyl_OK
A.D.4.NmC1,0,12,36.342352100399,,,,*,*,*
A.D.4.NmC3,0,1,32.70634486984731,22.40443620912449,65.19112758175102,8.87373376626002e-07,,,
A.3.1,1992,42,12.943863765869988,-157.52540902046005,425.0508180409201,6.389991284713255e-85,,,
A.3.1.1,731,42,9.920922425869902,-87.98313602617907,285.96627205235814,1.0147020490624392e-54,,,
A.3.1.NmC1,0,58,4.469920935703197,-288.6866759415035,687.373351883007,6.973262586616801e-142,,,
