,num_seq,t_ch_MAX,max_CL,CL@BC_t_ch_MAX,aic,PV,PV_OK,t_ch_MAX_OK,phyl_OK
B.D.4,1413,13,4.873065828959681,,,,*,*,*
B.D.4.NmC1,1212,7,0.6529502745947514,-19.44963849652224,68.89927699304448,2.7276379719207388e-11,,,
B.D.E.2,853,7,0.2168091305394193,-29.757629397128017,89.51525879425603,9.082609016008164e-16,,,
