,num_seq,t_ch_MAX,max_CL,CL@BC_t_ch_MAX,aic,PV,PV_OK,t_ch_MAX_OK,phyl_OK
B.D.E.3.NmC1,1318,48,27.875881906745278,,,,*,*,*
B.D.E.3,125,42,8.546116443982347,-1.3818102452039907,116.76362049040799,1.9711284754492257e-13,,,
