,num_seq,t_ch_MAX,max_CL,CL@BC_t_ch_MAX,aic,PV,PV_OK,t_ch_MAX_OK,phyl_OK
B.D.E.2,853,49,5.28714676217116,,,,*,*,*
B.D.E.3.NmC1,0,51,2.014289362120465,-0.4275492722564048,14.85509854451281,0.003296150521654375,*,,
