,num_seq,t_ch_MAX,max_CL,CL@BC_t_ch_MAX,aic,PV,PV_OK,t_ch_MAX_OK,phyl_OK
B.D.2,1269,21,12.144267585858948,,,,*,*,*
B.D.4.1,218,23,5.027025069430089,4.720914993697072,62.558170012605856,0.0005961608766843584,*,,
B.D.4.1.1,260,24,4.827168954523343,2.6303508541868714,66.73929829162626,7.373743132351144e-05,*,,
B.D.E.2,853,9,3.3640415883885235,3.1017710664667404,65.79645786706652,0.00011797946194038207,*,,
B.D.4,1413,7,2.046597951543707,-0.020203973280018828,72.04040794656004,5.209638970966172e-06,,,
B.D.4.NmC1,0,7,1.3100174017525827,-46.245008484794795,164.4900169695896,4.380717036026378e-26,,,
