,num_seq,t_ch_MAX,max_CL,CL@BC_t_ch_MAX,aic,PV,PV_OK,t_ch_MAX_OK,phyl_OK
A.D.4.NmC1,2189,10,36.193123252055116,,,,*,*,*
A.D.4.NmC3,1653,1,26.879989649125758,17.036776078396112,89.92644784320777,4.77438818508938e-09,,,
A.3.1.1,731,40,12.146966404150133,-113.83804612028757,351.67609224057514,6.928311533855433e-66,,,
A.3.1,1992,48,10.921738490210052,-223.24569544046722,570.4913908809344,2.121483288303697e-113,,,
A.3.1.NmC1,266,51,8.820346635589422,-323.3012264694988,770.6024529389975,7.469735573555955e-157,,,
A.D.4.NmC2,848,16,0.00011770081297524104,-3.986415728395035,131.97283145679006,3.548523756967384e-18,,,
