,num_seq,t_ch_MAX,max_CL,CL@BC_t_ch_MAX,aic,PV,PV_OK,t_ch_MAX_OK,phyl_OK
A.1.NmC2,83,46,1.6037426666640044,,,,*,*,*
A.1,995,44,-0.1273375824505889,-0.15471310093162038,6.309426201863241,0.17204486382305056,*,,
A.1.NmC1,181,46,-9.888849548423366,-9.888849548423355,25.77769909684671,1.0180870904101522e-05,*,*,
