,num_seq,t_ch_MAX,max_CL,CL@BC_t_ch_MAX,aic,PV,PV_OK,t_ch_MAX_OK,phyl_OK
A.D.4.NmC1,0,6,32.97847012434984,,,,*,*,*
A.3.1,1992,36,8.90497140645826,-134.43481528307768,364.86963056615537,1.9615045151778742e-73,,,
A.3.1.NmC1,0,36,8.820346635589422,-219.38207498650286,534.7641499730057,2.520255359047974e-110,,,
A.3.1.1,731,36,7.697791020941564,-61.241515245508204,218.4830304910164,1.2044087862871413e-41,,,
A.D.4.NmC3,0,6,6.407520809648421,6.4075208096484175,83.18495838070316,2.8893198139504922e-12,,*,
