,num_seq,t_ch_MAX,max_CL,CL@BC_t_ch_MAX,aic,PV,PV_OK,t_ch_MAX_OK,phyl_OK
A.3.1,1992,18,10.451546903577503,,,,*,*,*
A.3.1.1,731,18,7.3617109856755,7.3617109856755,55.276578028649,0.04550195440462157,*,*,
A.3.1.NmC1,0,18,4.179780643959057,4.179780643959057,61.64043871208189,0.0018922285832099397,*,*,
A.D.NmC2,0,3,0.8214938606728845,-27.39300630248635,124.7860126049727,3.665433395601045e-17,,,
A.3.1.NmC2,0,3,0.7842629544639835,-50.033356963400585,170.06671392680119,5.391359130028543e-27,,,
A.D.NmC1,0,3,0.7617583771145795,-44.269924734739774,158.53984946947955,1.7195149269873984e-24,,,
A.D,2353,3,0.5810256149247326,-29.21939286997099,128.43878573994198,5.909325367534068e-18,,,
A.D.2.2.NmC1,0,3,0.5702215295355886,-25.56686757461482,121.13373514922964,2.284989634254827e-16,,,
A.D.3.6,757,3,0.5207514923468091,-38.53634176069476,147.07268352138954,5.322121733166705e-22,,,
