,num_seq,t_ch_MAX,max_CL,CL@BC_t_ch_MAX,aic,PV,PV_OK,t_ch_MAX_OK,phyl_OK
B.D.4,1413,14,2.827613942097848,,,,*,*,*
B.D.NmC1,0,14,0.5276882527987825,-0.8705375206875987,33.7410750413752,0.17290724229171625,*,*,
B.D.3,433,12,0.4144905605193717,-10.232414132340018,52.46482826468004,1.4887330630086948e-05,*,,
