,num_seq,t_ch_MAX,max_CL,CL@BC_t_ch_MAX,aic,PV,PV_OK,t_ch_MAX_OK,phyl_OK
B.D.NmC1,0,60,38.91636896961146,,,,*,*,*
B.D,150,38,24.468677936653435,-9.725214710842161,143.45042942168433,7.514782238475604e-22,,,
