,num_seq,t_ch_MAX,max_CL,CL@BC_t_ch_MAX,aic,PV,PV_OK,t_ch_MAX_OK,phyl_OK
A.D.4.NmC3,1653,57,37.87105809427342,,,,*,*,*
A.D.4.NmC1,2189,62,32.78541415215707,28.763598399314812,82.47280320137037,0.00011110887294680468,*,,
A.D.3.NmC2,401,36,17.899396643807968,-27.896300904268298,195.7926018085366,2.745512324825764e-29,,,
A.D.2.2.1,40,30,16.41309987658661,4.428231720331386,131.14353655933724,3.000492359126253e-15,,,
