,num_seq,t_ch_MAX,max_CL,CL@BC_t_ch_MAX,aic,PV,PV_OK,t_ch_MAX_OK,phyl_OK
B.D.4.1,218,11,627.8050636767427,,,,*,*,*
B.D.1,334,341,2.7416290486774746,-240.96678667640805,1153.933573352816,0.0,,,
