,num_seq,t_ch_MAX,max_CL,CL@BC_t_ch_MAX,aic,PV,PV_OK,t_ch_MAX_OK,phyl_OK
A.1.NmC2,0,1338,58.67963252764425,,,,*,*,*
A.1.NmC1,0,32,3.7044097495562687,-68.73698520111293,2975.473970402226,9.341107635091788e-52,,,
