,num_seq,t_ch_MAX,max_CL,CL@BC_t_ch_MAX,aic,PV,PV_OK,t_ch_MAX_OK,phyl_OK
B.1.15,19,67,72.76087309523594,,,,*,*,*
B.1.NmC1,132,5,2.121502125160367,-162.30775534355624,466.6155106871125,8.135722726919539e-103,,,
B.1.1,446,18,2.076676916888867,-73.5415629113526,289.0831258227052,2.9021329063927977e-64,,,
B.1.NmC3,263,5,0.32581635580785595,-111.4671073176253,364.9342146352506,9.81971925169937e-81,,,
