,num_seq,t_ch_MAX,max_CL,CL@BC_t_ch_MAX,aic,PV,PV_OK,t_ch_MAX_OK,phyl_OK
B.D.3,433,51,52.76818196543439,,,,*,*,*
B.D.NmC1,1726,56,28.446514265747282,26.33052091116174,85.33895817767652,3.2904394126290445e-12,,,
B.D.E.3,125,4,4.607444985452683,-106.29118957745496,350.5823791549099,8.339110112871928e-70,,,
B.D.E.3.NmC1,1318,10,3.317638720087535,-86.01391432067577,310.02782864135156,5.326480348274972e-61,,,
