,num_seq,t_ch_MAX,max_CL,CL@BC_t_ch_MAX,aic,PV,PV_OK,t_ch_MAX_OK,phyl_OK
A.3.1,1992,21,11.309253279675938,,,,*,*,*
A.D,2353,5,0.35428982774669715,-28.720088906902582,111.44017781380516,4.122796411979517e-18,,,
