,num_seq,t_ch_MAX,max_CL,CL@BC_t_ch_MAX,aic,PV,PV_OK,t_ch_MAX_OK,phyl_OK
A.D.4.NmC3,1653,57,43.099975020803306,,,,*,*,*
A.D.2.2.1,40,48,34.91372938314967,20.52576828073622,156.94846343852757,1.5696472772390038e-10,,,
A.D.4.NmC1,2189,62,23.92338111776352,19.901565364921264,158.19686927015746,8.401716438858928e-11,,,
A.D.3.NmC2,401,35,18.618707707817038,-15.074843257849983,228.14968651569995,5.431484134359188e-26,,,
A.D.4.NmC2,848,39,7.9043564222607445,-13.604564085869786,225.20912817173956,2.36228016652797e-25,,,
A.2.1.1,31,3,3.827176228359737,-330.18329072606366,858.3665814521273,7.662744106366039e-163,,,
