,num_seq,t_ch_MAX,max_CL,CL@BC_t_ch_MAX,aic,PV,PV_OK,t_ch_MAX_OK,phyl_OK
A.D.4.NmC3,0,57,32.9076935518793,,,,*,*,*
A.D.2.2.1,40,40,29.007581618176776,7.801298643001985,172.39740271399603,1.2441294183316775e-11,,,
A.D.3.NmC2,0,40,28.71090235845772,-17.210583791943325,222.42116758388664,1.7106476574743256e-22,,,
A.D.4.NmC2,0,40,6.232749436155751,-8.108497863352593,204.2169957267052,1.5319350485209193e-18,,,
A.2.1.1,31,3,3.827176228359737,-361.0776522780749,910.1553045561498,7.803996661566448e-172,,,
