,num_seq,t_ch_MAX,max_CL,CL@BC_t_ch_MAX,aic,PV,PV_OK,t_ch_MAX_OK,phyl_OK
A.3,202,31,2.5075375710852206,,,,*,*,*
A.2.1.1,31,37,1.8146590836924574,-15.583272395790901,51.1665447915818,1.3849731372341064e-08,,,
