,num_seq,t_ch_MAX,max_CL,CL@BC_t_ch_MAX,aic,PV,PV_OK,t_ch_MAX_OK,phyl_OK
B.D.1,334,6,7.901756748249353,,,,*,*,*
B.D.NmC1,0,1,4.867973711269123,4.3106921817926,25.3786156364148,0.027598330423249287,*,,
B.D.3,433,1,3.3896166319264416,3.3883499822223664,27.22330003555527,0.010998460175806881,*,,
