,num_seq,t_ch_MAX,max_CL,CL@BC_t_ch_MAX,aic,PV,PV_OK,t_ch_MAX_OK,phyl_OK
A.1,995,33,0.7367459188483312,,,,*,*,*
A.1.NmC1,181,40,0.0,-170.67808411575592,479.35616823151184,3.98005994825839e-74,,,
A.1.NmC2,83,40,-1.5291050287438663,-87.04081982834985,312.08163965669974,8.400015354579646e-38,,,
