,num_seq,t_ch_MAX,max_CL,CL@BC_t_ch_MAX,aic,PV,PV_OK,t_ch_MAX_OK,phyl_OK
A.3.1,1992,4,11.174902484381589,,,,*,*,*
A.3.1.1,731,1,10.119807333728062,9.436866109201347,21.126267781597306,0.17552040061699684,*,,
A.D.4.NmC1,2189,4,9.364743114194034,9.364743114194034,21.27051377161193,0.163654136802704,*,*,
A.3.1.NmC1,266,8,8.273364574863924,6.816007661917538,26.367984676164923,0.01277838764953575,*,,
A.D.4.NmC3,1653,1,2.2180042505439626,1.3231372574577378,37.353725485084524,5.274719301551376e-05,*,,
