,num_seq,t_ch_MAX,max_CL,CL@BC_t_ch_MAX,aic,PV,PV_OK,t_ch_MAX_OK,phyl_OK
A.D.4.NmC1,2189,51,26.885250675140654,,,,*,*,*
A.D.4.NmC3,1653,46,16.195395120202427,13.923568644209698,128.1528627115806,2.352575200009771e-06,,,
A.D.4.NmC2,848,28,14.134571616648776,-15.3857166094639,186.7714332189278,4.389067398794883e-19,,,
A.D.2.2.1,40,69,3.191187159578731,-17.047944753998753,190.0958895079975,8.303705491052768e-20,,,
A.D.3.NmC1,397,9,2.5107382392752817,-80.63314025274411,317.2662805054882,2.0167743340208203e-47,,,
A.D.3.NmC2,401,25,0.868244499613755,-67.01275054470324,290.0255010894065,1.6586247792062304e-41,,,
