,num_seq,t_ch_MAX,max_CL,CL@BC_t_ch_MAX,aic,PV,PV_OK,t_ch_MAX_OK,phyl_OK
A.1.NmC2,0,404,36.52817650614146,,,,*,*,*
A.1.NmC1,0,272,24.759592712893905,-13.717271334819143,1763.4345426696382,2.365172433697504e-10,,,
