,num_seq,t_ch_MAX,max_CL,CL@BC_t_ch_MAX,aic,PV,PV_OK,t_ch_MAX_OK,phyl_OK
A.D.4.NmC2,0,14,31.481126948571323,,,,*,*,*
A.D.4.NmC3,0,1,15.878480306498965,5.534863620840577,106.93027275831885,5.397960062141828e-12,,,
A.D.2.2.NmC1,0,54,4.4659511135935865,-270.4135588563284,658.8271177126568,7.738688859184518e-132,,,
A.D.4,176,54,4.426294890809315,-27.804865427474603,173.6097308549492,1.789994268415775e-26,,,
A.D.5,115,54,4.2119834829045075,-112.85638865725575,343.7127773145115,2.0706464612135152e-63,,,
