,num_seq,t_ch_MAX,max_CL,CL@BC_t_ch_MAX,aic,PV,PV_OK,t_ch_MAX_OK,phyl_OK
A.1,995,35,0.20376077081516053,,,,*,*,*
A.1.NmC1,181,37,0.0,-170.63321852124875,497.2664370424975,8.900671252927725e-72,,,
A.1.NmC2,83,36,-1.4183465087392952,-46.51952597455795,249.0390519491159,7.110209250931378e-18,,*,
