,num_seq,t_ch_MAX,max_CL,CL@BC_t_ch_MAX,aic,PV,PV_OK,t_ch_MAX_OK,phyl_OK
B.D,150,4,8.390317180887847,,,,*,*,*
B.D.NmC1,1726,1,5.818533617767762,4.999032980988445,20.00193403802311,0.033708676899572416,*,,
B.D.4,1413,1,5.440483077565695,5.080746687505173,19.838506624989655,0.036516173753740416,*,,
B.D.1,334,2,3.088762604552964,1.6332490089288947,26.73350198214221,0.0011650398343196144,*,,
B.D.3,433,1,2.123583877879718,0.30976310896475334,29.380473782070492,0.00030967103541862677,*,,
B.D.4.NmC1,1212,1,0.8593594612429531,0.13949058637191603,29.721018827256167,0.00026125855730166754,*,,
