,num_seq,t_ch_MAX,max_CL,CL@BC_t_ch_MAX,aic,PV,PV_OK,t_ch_MAX_OK,phyl_OK
B.D.4.1,218,15,2.030130300598897,,,,*,*,*
B.D.E.2,853,15,1.9201087038558091,1.9201087038558093,10.159782592288382,0.895834135296528,*,*,
B.D.4,1413,14,1.247943101339565,0.23062063808225397,13.538758723835493,0.16529888822158656,*,*,
