,num_seq,t_ch_MAX,max_CL,CL@BC_t_ch_MAX,aic,PV,PV_OK,t_ch_MAX_OK,phyl_OK
A.1.NmC2,0,1323,191.90231838895403,,,,*,*,*
A.1.NmC1,0,1425,151.85026115960986,143.47128274287684,2373.0574345142463,1.1552155533923121e-21,,,
