,num_seq,t_ch_MAX,max_CL,CL@BC_t_ch_MAX,aic,PV,PV_OK,t_ch_MAX_OK,phyl_OK
B.D,150,40,27.19205500691306,,,,*,*,*
B.D.NmC1,1726,43,24.55799109353316,23.574696429692423,54.85060714061515,0.026916925217228063,*,,
B.D.3,433,38,14.938792973553193,13.24953629360713,75.50092741278574,8.829475834462178e-07,,,
B.D.E.3.NmC1,1318,21,7.996221169773068,-12.489752294397249,126.9795045887945,5.850526597696816e-18,,,
