,num_seq,t_ch_MAX,max_CL,CL@BC_t_ch_MAX,aic,PV,PV_OK,t_ch_MAX_OK,phyl_OK
A.1.NmC4,0,111,3.145737940159557,,,,*,*,*
A.1,3213,105,2.5256280281680774,1.7460111799541993,114.5079776400916,1711.2852921526217,*,,
A.1.NmC5,0,157,1.2118603465644295,-50.20669509364798,218.41339018729596,4.695956690659371e-20,,,
A.1.NmC13,0,153,0.9628316792709115,-20.422144949536495,158.84428989907298,4.047484799191677e-07,,,
