,num_seq,t_ch_MAX,max_CL,CL@BC_t_ch_MAX,aic,PV,PV_OK,t_ch_MAX_OK,phyl_OK
A.D.5.NmC1,0,34,27.03264359092973,,,,*,*,*
A.D.2.1,76,43,26.717051661622808,22.123617187377,117.752765625246,0.1817723861753678,*,,
A.D.2.2.1,40,43,4.970173030765922,-0.5553741723692566,163.1107483447385,2.568792702412615e-11,,,
A.D.NmC2,0,18,1.7012605083306909,-176.24513367364366,514.4902673472873,1.283900988432731e-87,,,
A.D.3,128,17,1.2602928650963257,-89.27352214317109,340.54704428634216,7.570466192009055e-50,,,
A.3.1.1,731,5,1.041212681853636,-27.567667652182298,217.1353353043646,4.7562385671074127e-23,,,
A.D.5,115,4,0.9848861119078991,-165.13346314412024,492.2669262882405,8.581105218128301e-83,,,
A.D,2353,18,0.7053663921424017,-145.36996884653342,452.73993769306685,3.2913469278544287e-74,,,
