,num_seq,t_ch_MAX,max_CL,CL@BC_t_ch_MAX,aic,PV,PV_OK,t_ch_MAX_OK,phyl_OK
A.3.1.1,731,35,20.66792331556085,,,,*,*,*
A.D.2.1,76,7,3.7664572883912415,-43.623995526917085,177.24799105383417,1.194087868335289e-28,,,
A.D.5.NmC1,425,11,2.686352116812334,-62.20658824379479,214.41317648758957,1.018227476802731e-36,,,
A.D.5,115,4,0.9848861119078991,-141.94829292010672,373.89658584021345,2.371544907722476e-71,,,
A.D.NmC2,637,10,0.0065725271780630035,-124.81712112658067,339.63424225316135,6.556428060047942e-64,,,
