,num_seq,t_ch_MAX,max_CL,CL@BC_t_ch_MAX,aic,PV,PV_OK,t_ch_MAX_OK,phyl_OK
B.D.4.NmC1,1212,6,7.004448773605173,,,,*,*,*
B.D.1.1,115,20,2.8471028831484926,-60.56760486934345,175.1352097386869,4.493144496005446e-30,,,
B.D.NmC1,1726,20,0.8802258418082474,-7.689438426131504,69.378876852263,4.1499473647040167e-07,,,
