,num_seq,t_ch_MAX,max_CL,CL@BC_t_ch_MAX,aic,PV,PV_OK,t_ch_MAX_OK,phyl_OK
B.D.4,1413,12,5.059188562138868,,,,*,*,*
B.D.2,1269,7,2.370876118804915,-12.332328577157787,76.66465715431558,2.8029732924977552e-08,,,
B.D.E.2,853,11,2.3137437146049917,2.2448670930239176,47.51026581395217,0.059904718740112314,*,*,
B.D.4.NmC1,0,8,1.6216994496031496,0.8715262639366521,50.2569474721267,0.01514628487304702,*,,
B.D.4.1.1,260,12,0.38377428871206465,0.38377428871206465,51.23245142257587,0.00932552513772835,*,*,
