,num_seq,t_ch_MAX,max_CL,CL@BC_t_ch_MAX,aic,PV,PV_OK,t_ch_MAX_OK,phyl_OK
A.1,836,343,21.81377334812833,,,,*,*,*
A.1.NmC2,0,155,7.111615637709569,-87.53757173506713,2727.075143470134,1.7617879687767854e-45,,,
