,num_seq,t_ch_MAX,max_CL,CL@BC_t_ch_MAX,aic,PV,PV_OK,t_ch_MAX_OK,phyl_OK
A.1.NmC2,195,176,78.70102329603773,,,,*,*,*
A.1.NmC1,377,980,30.792153559177397,-11.66850436250874,2845.3370087250173,1.4049022070317534e-29,,,
