,num_seq,t_ch_MAX,max_CL,CL@BC_t_ch_MAX,aic,PV,PV_OK,t_ch_MAX_OK,phyl_OK
A.D.4.NmC2,848,40,28.389291615299296,,,,*,*,*
A.D.4,176,18,11.379465154611413,-21.948141536676385,175.89628307335278,1.3728269018136074e-22,,,
A.D.4.NmC1,2189,24,10.94297716372556,-4.896087869165707,141.79217573833142,3.5035487903688462e-15,,,
A.D.3.NmC1,397,21,8.9725941209231,-29.517660213361722,191.03532042672344,7.07956466517258e-26,,,
A.D.4.NmC3,1653,24,8.13024403089435,2.2920988133342264,127.41580237333154,4.622894924668662e-12,,,
A.D.3,128,24,3.1063046461899986,-13.09887087450081,158.1977417490016,9.57462880187345e-19,,,
A.3,202,4,1.0976532140636568,-78.48804303225302,288.97608606450603,3.824773962343356e-47,,,
A.D.2.2.1,40,24,0.9859230466260788,-4.129351258269264,140.25870251653853,7.529106641832756e-15,,,
