,num_seq,t_ch_MAX,max_CL,CL@BC_t_ch_MAX,aic,PV,PV_OK,t_ch_MAX_OK,phyl_OK
A.D.4.NmC2,0,29,21.798169004593944,,,,*,*,*
A.D.4.NmC1,0,25,17.390186330283594,13.423792234207655,77.1524155315847,0.00023055986759244081,*,,
A.D.4,176,18,14.413374454047393,-0.36144547872162636,104.72289095744325,2.3770279098576767e-10,,,
A.D.3.NmC1,0,21,12.742924361846885,3.239809778294955,97.52038044341009,8.699502472413724e-09,,,
A.D.4.NmC3,0,29,10.200960617359831,10.200960617359831,83.59807876528033,9.166087736247634e-06,,*,
A.D.3,128,43,9.193572903494516,1.1067651797832772,101.78646964043345,1.0286691063310827e-09,,,
A.D.2.2.1,40,29,3.3378715946362343,3.3378715946362343,97.32425681072753,9.614437134238856e-09,,*,
A.3,202,3,0.7578016875640681,-37.57830152541599,179.15660305083196,1.6277723405505936e-26,,,
