,num_seq,t_ch_MAX,max_CL,CL@BC_t_ch_MAX,aic,PV,PV_OK,t_ch_MAX_OK,phyl_OK
A.D.4.NmC3,0,38,29.109619072184046,,,,*,*,*
A.D.3.NmC2,0,32,25.304544483066422,-2.526673559150848,101.0533471183017,3.34073653425768e-14,,,
A.D.4.NmC1,0,39,18.802802858721737,18.802802858721737,58.394394282556526,6.128349505322213e-05,*,*,
A.D.2.2.1,40,23,15.388478297132451,5.974747606057365,84.05050478788527,1.6418947822218568e-10,,,
A.D.4.NmC2,0,38,8.501460027985377,6.817889184954419,82.36422163009117,3.8222946268711055e-10,,*,
