,num_seq,t_ch_MAX,max_CL,CL@BC_t_ch_MAX,aic,PV,PV_OK,t_ch_MAX_OK,phyl_OK
A.1.NmC5,0,24,16.001424977450434,,,,*,*,*
A.1.NmC4,0,148,1.6585092538685424,-59.01118224764357,428.02236449528715,4.190806350327784e-34,,,
A.1.NmC13,0,148,1.2175207552653475,-46.15636416812044,402.31272833624087,1.603810890548638e-28,,,
