,num_seq,t_ch_MAX,max_CL,CL@BC_t_ch_MAX,aic,PV,PV_OK,t_ch_MAX_OK,phyl_OK
A.D.4.NmC1,0,47,25.168222430287337,,,,*,*,*
A.D.4.NmC2,0,29,20.644206367097368,-5.595782482933684,171.19156496586737,4.354419480665921e-14,,,
A.D.4,176,19,16.282945557424636,-50.44545191484788,260.89090382969573,1.4481806852405543e-33,,,
A.D.3.NmC1,0,22,12.020973583986407,-33.17363522733307,226.34727045466616,4.5823520660603376e-26,,,
A.D.4.NmC3,0,29,11.8683311721936,1.776799024897981,156.44640195020403,6.913223473052113e-11,,,
A.D.2.2.1,40,29,5.047498113805686,-21.912777636553326,203.82555527310666,3.5583144116912686e-21,,,
A.3,202,5,0.5927232869744894,-80.01863487872028,320.0372697574405,2.0728288690408e-46,,,
