,num_seq,t_ch_MAX,max_CL,CL@BC_t_ch_MAX,aic,PV,PV_OK,t_ch_MAX_OK,phyl_OK
A.D.3.6,757,10,5.862131651261599,,,,*,*,*
A.D.2.2.NmC1,0,11,2.322397662972008,1.5810470692692549,34.83790586146149,0.028296985484186816,*,*,
A.D.NmC2,0,3,0.8214938606728845,-5.936910976717461,49.87382195343492,1.5417613011934388e-05,*,,
A.3.1.NmC2,0,3,0.7842629544639835,-41.07223550517752,120.14447101035503,8.493379289517779e-21,,,
A.D.NmC1,0,3,0.7617583771145795,-4.141757295783058,46.28351459156612,9.28059317959454e-05,*,,
A.3.1,1992,3,0.6250728530767242,-15.120352273231191,68.24070454646238,1.5813293229491547e-09,,,
A.D,2353,3,0.5810256149247326,-5.795535413062895,49.59107082612579,1.773447628854833e-05,*,,
A.3.1.1,731,3,0.5252628294081298,-14.637958220213747,67.2759164404275,2.55554584025514e-09,,,
