,num_seq,t_ch_MAX,max_CL,CL@BC_t_ch_MAX,aic,PV,PV_OK,t_ch_MAX_OK,phyl_OK
B.D.2,1269,21,14.671813669920372,,,,*,*,*
B.D.4.1.1,260,24,8.561445030962224,6.364626930625752,57.27074613874849,0.00024727734426178174,*,,
B.D.4.1,218,23,4.216545692009375,3.9104356162763576,62.17912876744728,2.1232022938522093e-05,*,,
B.D.E.2,853,8,2.237532398829682,-4.2389075154898075,78.47781503097961,6.1304357787884215e-09,,,
B.D.4,1413,4,1.5400450578681366,-5.343744129108941,80.68748825821788,2.030467042820325e-09,,,
B.D.4.NmC1,0,3,0.1984072801846949,-49.69052550528608,169.38105101057215,1.1189408898306827e-28,,,
