,num_seq,t_ch_MAX,max_CL,CL@BC_t_ch_MAX,aic,PV,PV_OK,t_ch_MAX_OK,phyl_OK
A.D.4.NmC1,2189,53,30.84154121472544,,,,*,*,*
A.D.4.NmC3,1653,48,15.467171721868874,13.195345245876146,101.6093095082477,2.172070247700788e-08,,,
A.D.2.2.1,40,65,8.109318503861427,-9.639191521046529,147.27838304209305,2.6288110556833704e-18,,,
