,num_seq,t_ch_MAX,max_CL,CL@BC_t_ch_MAX,aic,PV,PV_OK,t_ch_MAX_OK,phyl_OK
A.3.1,1992,5,11.4934899054116,,,,*,*,*
A.D.4.NmC1,2189,5,11.311173146190571,10.607952014420789,22.784095971158422,1.046027859908717,*,*,
A.3.1.1,731,2,9.601365144887671,9.23192547074748,25.53614905850504,0.26315817545602893,*,,
A.3.1.NmC1,266,10,8.820346635589422,5.3195469709647645,33.36090605807047,0.005273821694617376,*,,
A.D.4.NmC3,1653,1,1.341954392856789,0.5314547921517246,42.93709041569655,4.383841807636854e-05,*,,
