,num_seq,t_ch_MAX,max_CL,CL@BC_t_ch_MAX,aic,PV,PV_OK,t_ch_MAX_OK,phyl_OK
B.D.4.NmC1,0,23,5.493810481736839,,,,*,*,*
B.D.1.1,115,24,5.114487321656981,-39.114125167409895,112.22825033481979,6.780946994385752e-19,,*,
B.D.NmC1,0,23,3.4429787767141535,-13.701113197637408,61.402226395274816,7.394087866662085e-08,,*,
B.D.4.1,218,27,0.3017632896672511,-11.676114470636145,57.35222894127229,5.601843001222515e-07,,,
B.D,150,26,0.035783217761530095,-26.97607692655845,87.9521538531169,1.269478528823391e-13,,,
