,num_seq,t_ch_MAX,max_CL,CL@BC_t_ch_MAX,aic,PV,PV_OK,t_ch_MAX_OK,phyl_OK
B.D.4.NmC1,1212,19,12.043994268183445,,,,*,*,*
B.D.4,1413,14,3.434702018629949,-41.3316914057419,148.6633828114838,3.0025356215441815e-23,,,
B.D.1,334,14,1.6925533327326516,-29.16705183238561,124.33410366477122,5.763423604356455e-18,,,
B.D.E.2,853,8,0.6708837063590598,-55.3888747717848,176.7777495435696,2.3512984249490688e-29,,,
