,num_seq,t_ch_MAX,max_CL,CL@BC_t_ch_MAX,aic,PV,PV_OK,t_ch_MAX_OK,phyl_OK
A.D.2.2.1,40,12,13.486035621174354,,,,*,*,*
A.D.4.NmC3,1653,12,12.557061382725438,12.557061382725438,10.885877234549124,0.3945537103716009,*,*,
A.D.3.NmC2,401,12,4.80653121417183,4.80653121417183,26.38693757165634,0.0001699510675990275,*,*,
A.2.1.1,31,3,3.827176228359737,-49.463433161809405,134.9268663236188,4.583131984538181e-28,,,
