,num_seq,t_ch_MAX,max_CL,CL@BC_t_ch_MAX,aic,PV,PV_OK,t_ch_MAX_OK,phyl_OK
A.D.4.NmC1,2189,13,38.004465930669284,,,,*,*,*
A.D.4.NmC3,1653,1,23.59627410082097,11.039212718095529,89.92157456380895,1.9464770856647063e-12,,,
A.3.1,1992,46,11.665966708605685,-176.74011056768362,465.48022113536723,5.463003562023074e-94,,,
A.3.1.1,731,53,7.1177577777083645,-97.33631091564479,306.6726218312896,1.6694938332909556e-59,,,
A.3.1.NmC1,266,55,6.525319301376363,-294.5074359738889,701.0148719477778,3.915090651675991e-145,,,
