,num_seq,t_ch_MAX,max_CL,CL@BC_t_ch_MAX,aic,PV,PV_OK,t_ch_MAX_OK,phyl_OK
B.D.4.NmC1,1212,6,12.518357003295984,,,,*,*,*
B.D.NmC1,1726,1,9.925613741610697,6.745999245252098,50.508001509495806,0.0031041976586493143,*,,
B.D.1.1,115,21,3.429864716166559,-53.21748989003309,170.4349797800662,2.829125623141932e-29,,,
B.D.4.1,218,22,0.3017632896672511,-36.51274116219041,137.02548232438082,5.062558793362923e-22,,,
B.D,150,20,0.19708025527554388,-30.482989240289054,124.96597848057812,2.104581777530901e-19,,,
