,num_seq,t_ch_MAX,max_CL,CL@BC_t_ch_MAX,aic,PV,PV_OK,t_ch_MAX_OK,phyl_OK
B.D.4.NmC1,1212,6,4.575267899721321,,,,*,*,*
B.D.1.1,115,16,3.429864716166559,-35.291225578540434,110.58245115708087,4.8623977181366835e-18,,,
B.D.NmC1,1726,6,3.3554479957194365,3.3554479957194365,33.289104008561125,0.29523016692401455,*,*,
B.D.4.1,218,17,0.3017632896672511,-10.212816408226006,60.42563281645201,3.7738498129295865e-07,,,
B.D,150,15,0.19708025527554388,-12.844806689255698,65.6896133785114,2.7201329123601998e-08,,,
