,num_seq,t_ch_MAX,max_CL,CL@BC_t_ch_MAX,aic,PV,PV_OK,t_ch_MAX_OK,phyl_OK
B.D,150,39,33.01369036357717,,,,*,*,*
B.D.NmC1,1726,26,17.198498532628136,11.258056114498,81.48388777100399,3.5638838879543174e-10,,,
B.D.3,433,23,14.270485494459157,-7.459295672772603,118.91859134554521,2.6419880259354142e-18,,,
B.D.E.3.NmC1,1318,21,7.996221169773068,-30.68976043906925,165.3795208781385,2.1541206814439903e-28,,,
