,num_seq,t_ch_MAX,max_CL,CL@BC_t_ch_MAX,aic,PV,PV_OK,t_ch_MAX_OK,phyl_OK
A.D.4.NmC3,1653,57,33.01063434708279,,,,*,*,*
A.D.3.NmC2,401,40,27.54306433246408,-7.696071240938949,203.3921424818779,2.099148264017158e-18,,,
A.D.2.2.1,40,43,18.220052194730275,7.242866559687828,173.51426688062435,6.462531511834349e-12,,,
A.D.4.NmC2,848,44,5.386386169158564,0.6197048922194123,186.76059021556117,8.574360344797092e-15,,,
A.2.1.1,31,3,3.827176228359737,-361.0776522780749,910.1553045561498,7.061348189613274e-172,,,
