,num_seq,t_ch_MAX,max_CL,CL@BC_t_ch_MAX,aic,PV,PV_OK,t_ch_MAX_OK,phyl_OK
B.D.E.5,276,491,706.8068171394178,,,,*,*,*
B.D.4.1.2,1305,495,662.6171180243801,657.2618669027318,193.4762661945365,3.040044172891601e-22,,,
B.D.E.4,1372,123,37.78815310017954,-83.55268449264453,1675.105368985289,0.0,,,
B.D.E.1,1124,28,20.655818672986943,-380.31232346714154,2268.624646934283,0.0,,,
B.D.E.1.2,165,6,3.913832119967892,-905.5750199988097,3319.1500399976194,0.0,,,
B.D.E.7,23,3,1.6892120301013978,-1292.8598278349884,4093.719655669977,0.0,,,
B.D.E.1.1,68,6,-1.2884344287756324,-1552.8985968018744,4613.797193603748,0.0,,,
