,num_seq,t_ch_MAX,max_CL,CL@BC_t_ch_MAX,aic,PV,PV_OK,t_ch_MAX_OK,phyl_OK
A.3,202,4,45.69916443609121,,,,*,*,*
A.D.4.NmC1,2189,2,18.4743316515935,16.99940109619736,86.00119780760528,3.4335894776402575e-13,,,
A.D.4.NmC3,1653,42,0.30017813267275495,-45.9092525511691,211.81850510233818,1.6378816331110793e-40,,,
A.3.1,1992,39,0.08438307780635379,-167.72810331716784,455.4562066343357,2.0348327900076877e-93,,,
