,num_seq,t_ch_MAX,max_CL,CL@BC_t_ch_MAX,aic,PV,PV_OK,t_ch_MAX_OK,phyl_OK
A.3.1.1,731,7,49.78116053513649,,,,*,*,*
A.3,202,24,43.59604793184342,35.4184427425252,105.1631145149496,5.80137901766728e-07,,,
A.2.1.1,31,71,10.770456369723377,-20.508442502502444,217.0168850050049,2.9746842021202506e-31,,,
