,num_seq,t_ch_MAX,max_CL,CL@BC_t_ch_MAX,aic,PV,PV_OK,t_ch_MAX_OK,phyl_OK
A.D.2.2.1,40,43,35.22574930091281,,,,*,*,*
A.D.4.NmC3,0,54,34.55173286540769,31.697492678455934,86.60501464308814,0.02930491586704072,*,,
A.D.4.NmC1,0,59,30.408286156032702,19.902625655802318,110.19474868839536,2.2213067547100832e-07,,,
A.D.3.NmC2,0,12,4.80653121417183,-14.107684453016848,178.2153689060337,3.750435797395689e-22,,,
A.2.1.1,31,3,3.827176228359737,-214.9985981096273,579.9971962192546,2.1313916780635586e-109,,,
A.D.4.NmC2,0,38,2.43742202473157,-0.30610803804938136,150.61221607609878,3.7112230594247774e-16,,,
