,num_seq,t_ch_MAX,max_CL,CL@BC_t_ch_MAX,aic,PV,PV_OK,t_ch_MAX_OK,phyl_OK
B.D.2,1269,20,13.954618801460352,,,,*,*,*
B.D.4.1,218,22,9.583518924521123,9.277408848788104,33.44518230242379,0.009279013887064726,*,,
B.D.4,1413,9,3.180015385973148,-3.5650158535409027,59.130031707081805,2.4612780411346257e-08,,,
B.D.E.2,853,7,0.6965206051591384,-15.317677135583626,82.63535427116724,1.932097516552506e-13,,,
B.D.4.NmC1,0,7,0.6293470929570251,-47.401188958773695,146.8023779175474,2.258718260075851e-27,,,
