,num_seq,t_ch_MAX,max_CL,CL@BC_t_ch_MAX,aic,PV,PV_OK,t_ch_MAX_OK,phyl_OK
A.D.4.NmC2,0,40,26.37161795482961,,,,*,*,*
A.D.4.NmC3,0,47,13.260705457594671,9.574131442429975,104.85173711514005,5.0818773171952986e-08,,,
A.D.4.NmC1,0,27,11.629318917890838,-2.978705599762771,129.95741119952555,1.7924908859331557e-13,,,
A.D.3.NmC1,0,23,4.880202800131287,-21.70291238502568,167.40582477005137,1.322186694712315e-21,,,
A.D.4,176,6,3.492576650322355,-38.81510570836107,201.63021141672215,4.9035905242367146e-29,,,
A.3,202,5,1.0215149300453499,-82.8987567141919,289.7975134283838,3.5046282907243314e-48,,,
