,num_seq,t_ch_MAX,max_CL,CL@BC_t_ch_MAX,aic,PV,PV_OK,t_ch_MAX_OK,phyl_OK
A.D,2353,5,1.7002457411312908,,,,*,*,*
A.D.NmC1,0,5,1.4349884620602502,0.5026268014502411,14.994746397099519,0.7082203534678001,*,*,
A.D.3.6,757,4,0.9402081128428648,-1.0935127182933542,18.18702543658671,0.14298722333809286,*,*,
A.3.1.1,731,4,0.9227143506643833,-9.226994239727608,34.45398847945522,4.211948911691908e-05,*,*,
A.D.NmC2,0,3,0.8214938606728845,-10.322798896118615,36.645597792237226,1.4020359987158353e-05,*,,
A.3.1.NmC2,0,3,0.7842629544639835,-19.215737045536017,54.43147409107203,1.9314399966096502e-09,,,
A.3.1,1992,3,0.6250728530767242,-11.862350937387456,39.72470187477491,3.0207663514817982e-06,,,
A.D.2.2.NmC1,0,3,0.5702215295355886,-10.530481976562978,37.060963953125956,1.1421648638660505e-05,*,,
