,num_seq,t_ch_MAX,max_CL,CL@BC_t_ch_MAX,aic,PV,PV_OK,t_ch_MAX_OK,phyl_OK
A.D.2.2.1,40,13,11.382055993457918,,,,*,*,*
A.D.4.NmC3,0,13,10.343616685658384,10.343616685658384,15.312766628683232,0.35522638092495146,*,*,
A.D.3.NmC2,0,13,5.129714575323848,5.129714575323848,25.740570849352302,0.001930454136227711,*,*,
A.2.1.1,31,3,3.827176228359737,-56.39339744068186,148.78679488136373,3.678675576902718e-30,,,
