,num_seq,t_ch_MAX,max_CL,CL@BC_t_ch_MAX,aic,PV,PV_OK,t_ch_MAX_OK,phyl_OK
A.D.2.2.1,40,47,37.529894410742486,,,,*,*,*
A.D.4.NmC3,0,54,31.682196700168042,29.23536283096127,115.52927433807746,0.0002497625228877424,*,,
A.D.4.NmC1,0,59,25.343668747498704,19.856628603448637,134.28674279310272,2.107875870434844e-08,,,
A.D.3.NmC2,0,20,11.65930439849481,-36.91686619927253,247.83373239854507,4.666027507104166e-33,,,
A.2.1.1,31,3,3.827176228359737,-254.97369895967287,683.9473979193458,9.261739696808506e-128,,,
A.D.4.NmC2,0,38,1.8170073853708468,-10.97994544418622,195.95989088837243,8.558047307679655e-22,,,
