,num_seq,t_ch_MAX,max_CL,CL@BC_t_ch_MAX,aic,PV,PV_OK,t_ch_MAX_OK,phyl_OK
B.D.E.3.NmC1,1318,58,39.707224196026935,,,,*,*,*
B.D.E.3,125,47,24.947223683401795,15.694498637885989,104.61100272422803,3.7375713279442696e-11,,,
B.D.NmC1,1726,33,2.1467377716283074,-42.30794649129729,220.61589298259457,2.4062351504314418e-36,,,
