,num_seq,t_ch_MAX,max_CL,CL@BC_t_ch_MAX,aic,PV,PV_OK,t_ch_MAX_OK,phyl_OK
B.D.E.2,853,20,17.436667335934402,,,,*,*,*
B.D.2,1269,9,3.4051451812830846,-29.478444938959925,104.95688987791985,4.21768733470087e-21,,,
B.D.4,1413,7,2.046597951543707,-39.12932939647628,124.25865879295256,2.717268981117213e-25,,,
B.D.4.NmC1,0,7,1.3100174017525827,-46.15337508871728,138.30675017743457,2.4166507738363636e-28,,,
B.D.4.1,218,8,0.49432790661439185,-36.73836241313326,119.47672482626652,2.9654898567038556e-24,,,
