,num_seq,t_ch_MAX,max_CL,CL@BC_t_ch_MAX,aic,PV,PV_OK,t_ch_MAX_OK,phyl_OK
B.D.E.3.NmC1,1318,38,6.940559705795487,,,,*,*,*
B.D.4.1,218,52,3.5028602632499006,-11.537663239965118,87.07532647993024,9.424058523572099e-09,,,
B.D.4.NmC1,1212,56,2.213422104947448,-22.47745803210148,108.95491606420296,1.6796848876084949e-13,,,
B.D.1.1,115,56,2.154304173590048,-106.02590046089611,276.0518009217922,8.708108905802469e-50,,,
B.D.2,1269,48,2.08475814114766,-12.711081752242052,89.4221635044841,2.92491621826799e-09,,,
B.D.NmC1,1726,56,0.9832946638407384,-21.685372413139486,107.37074482627898,3.701011678592659e-13,,,
