,num_seq,t_ch_MAX,max_CL,CL@BC_t_ch_MAX,aic,PV,PV_OK,t_ch_MAX_OK,phyl_OK
B.D.E.3,125,37,31.973478522078356,,,,*,*,*
B.D.E.3.NmC1,0,55,30.73214583546154,21.855430439292615,36.28913912141477,0.00010675223172340693,*,,
B.D.NmC1,0,43,8.159751067498146,7.547404428414095,64.9051911431718,6.510628679662588e-11,,,
B.D.3,433,29,0.16971462709308127,-1.2712139343427038,82.54242786868541,9.667564293065679e-15,,,
