,num_seq,t_ch_MAX,max_CL,CL@BC_t_ch_MAX,aic,PV,PV_OK,t_ch_MAX_OK,phyl_OK
B.D.E.3.NmC1,0,47,33.63080401698837,,,,*,*,*
B.D.E.3,125,47,22.925681372349967,22.68338824132714,78.63322351734573,2.370084159775201e-05,*,*,
B.D,150,26,8.230484753753043,-65.55458279905162,255.10916559810323,1.1288043765777146e-43,,,
B.D.NmC1,0,25,7.969781593896438,-9.111662534128417,142.22332506825683,3.6844334425476176e-19,,,
B.D.3,433,25,2.6938766925543685,-76.11011609725651,276.220232194513,2.9419848238348936e-48,,,
