,num_seq,t_ch_MAX,max_CL,CL@BC_t_ch_MAX,aic,PV,PV_OK,t_ch_MAX_OK,phyl_OK
A.1.NmC1,0,1424,169.48769614672176,,,,*,*,*
A.1.NmC2,0,1431,151.34439221803842,82.88023391938471,2778.2395321612307,1.5766590276844082e-33,,,
