,num_seq,t_ch_MAX,max_CL,CL@BC_t_ch_MAX,aic,PV,PV_OK,t_ch_MAX_OK,phyl_OK
A.1.NmC5,0,24,13.995150187421807,,,,*,*,*
A.1.NmC4,0,143,1.6585092538685424,-51.872508403388686,407.74501680677736,3.906152170439094e-30,,,
A.1.NmC13,0,143,1.2175207552653475,-34.33201312172368,372.6640262434474,1.6272183867427556e-22,,,
