,num_seq,t_ch_MAX,max_CL,CL@BC_t_ch_MAX,aic,PV,PV_OK,t_ch_MAX_OK,phyl_OK
A.D.3,128,6,6.4625593594541035,,,,*,*,*
A.D.4.NmC2,0,1,5.843032228702476,3.2707655836179237,47.458468832764154,902.3477699283719,*,,
A.D,2353,13,5.264815362257633,3.8262740421398997,46.3474519157202,1571.8365629577186,*,,
A.D.4.NmC3,0,6,4.719373415911041,-5.2806265840889575,64.56125316817791,0.1746449889668107,*,*,
A.D.3.6,757,17,3.2032902921134214,-2.1272474219823585,58.254494843964714,4.0959554040711765,*,,
A.D.3.NmC1,0,19,2.632792492885735,-26.215635464059154,106.43127092811831,1.4131919355090273e-10,,,
A.D.3.NmC2,0,19,1.2770510662174521,-9.489859625414482,72.97971925082896,0.00259284383460238,*,,
A.D.NmC1,0,19,0.6643433913891258,-25.5585242355536,105.11704847110721,2.7205958802618263e-10,,,
