,num_seq,t_ch_MAX,max_CL,CL@BC_t_ch_MAX,aic,PV,PV_OK,t_ch_MAX_OK,phyl_OK
A.D.NmC1,0,40,6.824788370763808,,,,*,*,*
A.D.3.6,757,41,4.378385440675762,2.344799778807201,23.3104004423856,0.011333413154667397,*,*,
A.D.4.NmC3,0,40,3.5511998437394547,3.5511998437394556,20.89760031252109,0.037816869229325104,*,*,
A.D,2353,40,3.4442952050079167,3.4442952050079167,21.111409589984167,0.034047454734599344,*,*,
A.3.1.NmC1,0,40,2.534658100838038,2.5346581008380387,22.930683798323923,0.013704925297364945,*,*,
A.3.1.1,731,40,1.476529687527064,1.4765296875270633,25.046940624945872,0.004748150999411473,*,*,
