,num_seq,t_ch_MAX,max_CL,CL@BC_t_ch_MAX,aic,PV,PV_OK,t_ch_MAX_OK,phyl_OK
A.D.4.NmC2,0,39,27.384151869948138,,,,*,*,*
A.D.4.NmC3,0,46,15.977984716689843,12.292098813334228,105.41580237333154,2.7817929085538706e-07,,,
A.D.4.NmC1,0,25,11.57073699820929,-3.343470240351801,136.6869404807036,4.5095226345586646e-14,,,
A.D.4,176,18,11.379465154611413,-11.94814153667639,153.89628307335278,8.26088458069548e-18,,,
A.D.3.NmC1,0,21,8.9725941209231,-19.517660213361722,169.03532042672344,4.260075797123415e-21,,,
A.D.3,128,36,7.92139818315831,-3.0988708745008093,136.1977417490016,5.761462230292027e-14,,,
A.D.2.2.1,40,39,5.870648741730736,5.870648741730736,118.25870251653853,4.530584364406079e-10,,*,
A.3,202,4,1.0976532140636568,-82.31409007711477,294.62818015422954,2.2797925767408585e-48,,,
