,num_seq,t_ch_MAX,max_CL,CL@BC_t_ch_MAX,aic,PV,PV_OK,t_ch_MAX_OK,phyl_OK
B.D.4.NmC1,0,28,14.798083584616627,,,,*,*,*
B.D.1,334,6,2.2000686351104024,-34.07270940578372,126.14541881156744,5.940967779046551e-22,,,
