,num_seq,t_ch_MAX,max_CL,CL@BC_t_ch_MAX,aic,PV,PV_OK,t_ch_MAX_OK,phyl_OK
A.D.4.NmC1,0,7,34.78822698670099,,,,*,*,*
A.D.4.NmC3,0,8,18.536342705338402,8.536342705338393,104.92731458932322,3.9591173773982045e-12,,*,
A.3.1,1992,47,11.273148037470156,-242.32286195411643,606.6457239082329,4.471823432946067e-121,,,
A.3.1.NmC1,0,51,8.820346635589422,-348.6866759415035,819.373351883007,2.8768919575486912e-167,,,
A.3.1.1,731,45,8.654610105712656,-146.1832529979509,414.3665059959018,2.5325389739273147e-79,,,
