,num_seq,t_ch_MAX,max_CL,CL@BC_t_ch_MAX,aic,PV,PV_OK,t_ch_MAX_OK,phyl_OK
B.D.E.2,853,49,5.417179737488317,,,,*,*,*
B.D.E.3.NmC1,0,54,0.8171576166178565,-0.24304670296170985,20.48609340592342,0.0034825168982116662,*,,
