,num_seq,t_ch_MAX,max_CL,CL@BC_t_ch_MAX,aic,PV,PV_OK,t_ch_MAX_OK,phyl_OK
A.D.4.NmC3,0,57,32.77630486416714,,,,*,*,*
A.D.3.NmC2,0,39,27.707793848309954,-28.21369230209109,244.42738460418218,3.253715294101696e-27,,,
A.D.2.2.1,40,39,27.571193311737968,-3.635089663436824,195.27017932687366,1.5393519064880427e-16,,,
A.D.4.NmC2,0,39,5.770920769715075,-18.570326529793277,225.14065305958655,5.025159219234957e-23,,,
A.2.1.1,31,3,3.827176228359737,-372.0757856535825,932.151571307165,1.4992670673876209e-176,,,
