,num_seq,t_ch_MAX,max_CL,CL@BC_t_ch_MAX,aic,PV,PV_OK,t_ch_MAX_OK,phyl_OK
B.D.2,1269,22,14.326426867956144,,,,*,*,*
B.D.4.1.1,260,25,3.036880449959587,0.840062349623115,68.31987530075376,1.39167847964212e-06,,,
B.D.E.2,853,8,2.6443199137339066,-10.083830968918843,90.16766193783769,2.5053689846090828e-11,,,
B.D.4,1413,6,1.61142219489088,-15.941385918877208,101.88277183775442,7.179224019324934e-14,,,
B.D.4.1,218,7,1.4504179866932592,-6.107801121405468,82.21560224281093,1.3341119132243799e-09,,,
B.D.4.NmC1,1212,6,0.6364680968000334,-49.184457126515234,168.36891425303048,2.6179265303836094e-28,,,
