,num_seq,t_ch_MAX,max_CL,CL@BC_t_ch_MAX,aic,PV,PV_OK,t_ch_MAX_OK,phyl_OK
A.D.4.NmC3,1653,56,32.89352292031138,,,,*,*,*
A.D.4.NmC1,2189,61,29.663502563685732,25.641686810843478,148.71662637831304,0.0007066323793013759,*,,
A.D.2.2.1,40,21,20.39016149398353,-6.187545328174403,212.37509065634882,1.0607185765936926e-17,,,
A.D.3.NmC2,401,35,18.334829839795503,-27.460867708280762,254.92173541656152,6.139832801972904e-27,,,
A.2.1.1,31,3,3.827176228359737,-309.50157441980997,819.0031488396199,1.994072153344329e-149,,,
