,num_seq,t_ch_MAX,max_CL,CL@BC_t_ch_MAX,aic,PV,PV_OK,t_ch_MAX_OK,phyl_OK
A.1.NmC2,195,1295,141.0068599356484,,,,*,*,*
A.1.NmC1,377,1224,118.6333654072114,100.72246700734907,2600.555065985302,6.494925085841972e-12,,,
