,num_seq,t_ch_MAX,max_CL,CL@BC_t_ch_MAX,aic,PV,PV_OK,t_ch_MAX_OK,phyl_OK
A.D.4.NmC1,0,50,31.591645169448313,,,,*,*,*
A.D.4.NmC2,0,28,14.614826781607272,-15.861678249697187,183.72335649939438,2.4701699473669368e-21,,,
A.D.4.NmC3,0,45,13.57589810699187,11.304071630999141,129.3918567380017,1.5500169044158318e-09,,,
A.D.3.NmC1,0,20,5.874891672666952,-72.4463548408564,296.8927096817128,6.579207370862852e-46,,,
A.D.2.2.1,40,68,5.582050450316707,-15.540174234033364,183.08034846806672,3.4017396171472755e-21,,,
A.D.3.NmC2,0,20,1.2673616019568401,-76.78713330946863,305.57426661893726,8.57700224465187e-48,,,
