,num_seq,t_ch_MAX,max_CL,CL@BC_t_ch_MAX,aic,PV,PV_OK,t_ch_MAX_OK,phyl_OK
B.D.NmC1,0,55,28.395513511692126,,,,*,*,*
B.D.3,433,35,20.156393198664688,-21.322953957407613,198.6459079148152,3.549127717380557e-20,,,
B.D,150,52,18.702633755875645,12.799466864061943,130.40106627187612,2.3465014283569624e-05,*,,
B.D.E.3.NmC1,0,33,12.647066243544709,-17.074621648407035,190.14924329681406,2.48813062098023e-18,,,
B.D.E.3,125,7,4.774897738868331,-51.90645346731418,259.81290693462836,1.8595008078051152e-33,,,
B,21,3,0.8823995848092048,-258.10321686121017,672.2064337224203,5.22244894414449e-123,,,
