,num_seq,t_ch_MAX,max_CL,CL@BC_t_ch_MAX,aic,PV,PV_OK,t_ch_MAX_OK,phyl_OK
B.D.4.1.3.NmC1,0,61,13.782114911966596,,,,*,*,*
B.D.4.1.1.NmC1,0,87,5.289072753199662,-48.29172826008919,214.58345652017837,1.3327072742184833e-26,,,
