,num_seq,t_ch_MAX,max_CL,CL@BC_t_ch_MAX,aic,PV,PV_OK,t_ch_MAX_OK,phyl_OK
B.D.E.2,853,53,5.4375959434582555,,,,*,*,*
B.D.E.3.NmC1,0,52,3.2291905332539432,2.2139670794544095,21.57206584109118,1306.3601009895629,*,*,
B.D.4.1,218,57,1.7558113139676308,-18.104784251933822,62.209568503867644,1.9552353268123943e-06,,,
