,num_seq,t_ch_MAX,max_CL,CL@BC_t_ch_MAX,aic,PV,PV_OK,t_ch_MAX_OK,phyl_OK
B.D.E.2,853,17,4.787238466041437,,,,*,*,*
B.D.4,1413,6,3.7996870074784006,-6.2216087667355024,60.44321753347101,1.6535516090711098e-05,*,,
B.D.2,1269,18,3.114291802266929,-6.25147513975116,60.50295027950232,1.6046817735150053e-05,*,*,
