,num_seq,t_ch_MAX,max_CL,CL@BC_t_ch_MAX,aic,PV,PV_OK,t_ch_MAX_OK,phyl_OK
B.D.4.1.1,260,11,7.596869187061695,,,,*,*,*
B.D.1,334,5,0.9521249357657593,-3.868799148516461,29.73759829703292,1.0490924582726865e-05,*,,
