,num_seq,t_ch_MAX,max_CL,CL@BC_t_ch_MAX,aic,PV,PV_OK,t_ch_MAX_OK,phyl_OK
A.D.4.NmC1,2189,13,37.16910702040657,,,,*,*,*
A.3.1,1992,40,14.500060046562115,-152.65867160757944,417.31734321515887,3.613087675351296e-83,,,
A.D.4.NmC3,1653,1,10.547890373938552,-2.009171008786888,116.01834201757377,9.64588764641966e-18,,,
A.3.1.NmC1,266,52,8.433420282825033,-281.1782124990623,674.3564249981246,5.5252468557105856e-139,,,
A.3.1.1,731,52,7.366270374117819,-106.07102244059,324.14204488118,6.189540545289004e-63,,,
