,num_seq,t_ch_MAX,max_CL,CL@BC_t_ch_MAX,aic,PV,PV_OK,t_ch_MAX_OK,phyl_OK
B.D.4.1,218,20,4.000679424213856,,,,*,*,*
B.D.4.NmC1,1212,25,2.213422104947448,-15.724518682542836,89.44903736508567,17.030400300396206,*,,
B.D.E.3.NmC1,1318,14,2.1900121254692273,-7.022861643381711,72.04572328676342,102231.99802809446,*,,
B.D.1.1,115,25,2.154304173590048,-130.40227049325944,318.8045409865189,2.6822863773865925e-49,,,
B.D.2,1269,20,1.2610629909628321,-72.95588009037476,203.91176018074952,2.3798613551719203e-24,,*,
B.D.NmC1,1726,25,0.9832946638407384,-34.77522603139401,127.55045206278803,9.076428188867869e-08,,,
