,num_seq,t_ch_MAX,max_CL,CL@BC_t_ch_MAX,aic,PV,PV_OK,t_ch_MAX_OK,phyl_OK
A.1.NmC2,0,509,46.10829089880533,,,,*,*,*
A.1,835,49,0.3968590423702349,-35.98791930394744,2879.9758386078947,1.3363843178749626e-29,,,
