,num_seq,t_ch_MAX,max_CL,CL@BC_t_ch_MAX,aic,PV,PV_OK,t_ch_MAX_OK,phyl_OK
A.D.3.NmC2,0,74,47.194793804260776,,,,*,*,*
A.D.2.2.1,40,54,32.94949784438223,-68.30412374403633,336.60824748807266,1.570665430613681e-47,,,
A.D.2.2,545,6,0.4891788804995569,-553.5903034261287,1307.1806068522574,2.7509711435954007e-258,,,
