,num_seq,t_ch_MAX,max_CL,CL@BC_t_ch_MAX,aic,PV,PV_OK,t_ch_MAX_OK,phyl_OK
A.D.3.6,757,5,14.961259712539531,,,,*,*,*
A.D.3.NmC1,397,13,12.842506542357098,7.819703708213486,36.36059258357303,0.0007927520964664684,*,,
A.D.3,128,13,10.190962522878776,3.88751674402947,44.22496651194106,1.557256259874334e-05,*,,
A.D.3.NmC2,401,13,9.889495913766442,4.451088219486177,43.097823561027646,2.7262457100759517e-05,*,,
A.D.NmC1,515,20,2.3432061868105003,-16.162355306547852,84.3247106130957,3.053203300433017e-14,,,
A.D,2353,20,1.9598386981056664,-24.456054947228235,100.91210989445648,7.625757592053319e-18,,,
A.D.4.NmC3,1653,2,1.903056852832929,-0.038604379484431406,52.077208758968865,3.059023205018258e-07,,,
A.D.NmC2,637,20,0.36423824399105353,-32.47898854689103,116.95797709378206,2.494995568064278e-21,,,
