,num_seq,t_ch_MAX,max_CL,CL@BC_t_ch_MAX,aic,PV,PV_OK,t_ch_MAX_OK,phyl_OK
B.D.NmC1,1726,44,19.20704492703252,,,,*,*,*
B.D.E.3.NmC1,1318,30,14.409731125871936,2.553249612713735,108.89350077457253,5.874851269925236e-08,,,
B.D.E.3,125,9,8.030446237096665,-18.001535250024464,150.00307050004892,6.951424349123207e-17,,,
B.D.3,433,18,6.111600653494103,-18.611444495230426,151.22288899046086,3.777062461401736e-17,,,
B.D,150,18,3.8388724688157243,-31.691460677630882,177.38292135526177,7.881018437554411e-23,,,
