,num_seq,t_ch_MAX,max_CL,CL@BC_t_ch_MAX,aic,PV,PV_OK,t_ch_MAX_OK,phyl_OK
B.D.4.1,218,22,6.143674957795624,,,,*,*,*
B.D.1.1,115,30,2.0921474884558404,-62.03789222010286,158.07578444020572,2.441353966781831e-30,,,
B.D.4.NmC1,1212,30,1.7509694780197904,-8.264794192303674,50.52958838460735,5.51844242428616e-07,,,
