,num_seq,t_ch_MAX,max_CL,CL@BC_t_ch_MAX,aic,PV,PV_OK,t_ch_MAX_OK,phyl_OK
A.1.NmC2,0,1413,187.00113503430987,,,,*,*,*
A.1.NmC1,0,1224,124.12791386055109,99.54013861795485,2646.9197227640902,2.2884921749131913e-34,,,
