,num_seq,t_ch_MAX,max_CL,CL@BC_t_ch_MAX,aic,PV,PV_OK,t_ch_MAX_OK,phyl_OK
A.D.1,1413,84,87.69099814337979,,,,*,*,*
A.D.2,2386,79,45.155517662235575,42.50169162765043,114.99661674469914,2.3671858862679147e-20,,,
A.D.2.NmC1,464,28,14.034084145427821,-6.811590838695055,213.6231816773901,9.10272578742244e-42,,,
A.D.2.NmC2,132,28,2.1879600642728008,-37.261188976085634,274.52237795217127,5.431308683023232e-55,,,
