,num_seq,t_ch_MAX,max_CL,CL@BC_t_ch_MAX,aic,PV,PV_OK,t_ch_MAX_OK,phyl_OK
A.3,202,7,27.953071812688155,,,,*,*,*
A.D.4.NmC1,0,1,21.114140955747402,17.212631356094267,85.57473728781147,0.4771139155210368,*,,
A.D.2.2.NmC1,0,39,2.0372126088785163,-190.94678091410614,501.8935618282123,1.8874816164381216e-91,,,
A.D.4,176,39,1.9412046396222533,-122.22303040985145,364.4460608197029,1.320077797863347e-61,,,
A.D.5,115,39,1.8803603905320383,-156.54705773057321,433.09411546114643,1.6429067270605638e-76,,,
A.3.1.1,731,36,0.7796248260468133,-88.37217835517092,296.74435671034183,6.662530522502674e-47,,,
