,num_seq,t_ch_MAX,max_CL,CL@BC_t_ch_MAX,aic,PV,PV_OK,t_ch_MAX_OK,phyl_OK
B.D.4.1.1,260,5,3.17596249527782,,,,*,*,*
B.D.1,334,5,0.9521249357657593,0.9521249357657593,8.095750128468481,0.10806741863482931,*,*,
