,num_seq,t_ch_MAX,max_CL,CL@BC_t_ch_MAX,aic,PV,PV_OK,t_ch_MAX_OK,phyl_OK
B.D.E.3,125,51,40.9504922239818,,,,*,*,*
B.D.E.3.NmC1,1318,48,29.517363766499596,22.216069024297497,77.567861951405,5.491853634881867e-09,,,
B.D.NmC1,1726,39,0.9140126825446336,-20.89219528840511,163.7843905768102,1.0458160720483223e-27,,,
