,num_seq,t_ch_MAX,max_CL,CL@BC_t_ch_MAX,aic,PV,PV_OK,t_ch_MAX_OK,phyl_OK
B.D.E.2,853,16,9.572316694718493,,,,*,*,*
B.D.2,1269,10,3.2567566965506236,-10.038338581228507,60.07667716245702,3.0442843135833875e-09,,,
B.D.4,1413,14,3.0149888911236986,1.4938524633797177,37.012295073240566,0.00031122326794321467,*,,
B.D.4.NmC1,1212,8,1.9007333986651946,-11.709725632281005,63.419451264562014,5.730775890021381e-10,,,
