,num_seq,t_ch_MAX,max_CL,CL@BC_t_ch_MAX,aic,PV,PV_OK,t_ch_MAX_OK,phyl_OK
B.1.17.NmC1,375,44,4.125743184840332,,,,*,*,*
B.1,452,46,2.749901657349019,1.7482612890696667,30.503477421860666,0.09301448921066349,*,,
