,num_seq,t_ch_MAX,max_CL,CL@BC_t_ch_MAX,aic,PV,PV_OK,t_ch_MAX_OK,phyl_OK
A.D,2353,21,9.510549872462141,,,,*,*,*
A.3.1.1,731,23,4.573621292158281,3.044545113899843,43.91090977220031,0.001556991259229377,*,,
A.D.2.2.NmC1,0,11,4.551614359435668,-24.097243794520356,98.1944875890407,2.5440985804670316e-15,,,
A.D.NmC2,0,8,2.4417584046146548,-12.652009998161077,75.30401999632215,2.377027909857685e-10,,,
A.D.NmC1,0,5,2.324936548347204,-18.357685530066846,86.71537106013369,7.874315095446324e-13,,,
