,num_seq,t_ch_MAX,max_CL,CL@BC_t_ch_MAX,aic,PV,PV_OK,t_ch_MAX_OK,phyl_OK
A.D.4.NmC1,0,14,36.41323948053994,,,,*,*,*
A.D.4.NmC3,0,1,28.623994248078215,15.62552829983002,86.74894340033995,9.354438438211143e-10,,,
A.3.1,1992,43,13.338178624118948,-168.21702256831767,454.43404513663535,1.3499577240885979e-89,,,
A.3.1.1,731,53,6.935311685357561,-92.2411674541183,302.48233490823657,1.3361137419311117e-56,,,
A.3.1.NmC1,0,60,4.469920935703197,-300.9587252468338,719.9174504936676,3.019250645972737e-147,,,
