,num_seq,t_ch_MAX,max_CL,CL@BC_t_ch_MAX,aic,PV,PV_OK,t_ch_MAX_OK,phyl_OK
A.D.5,115,18,10.416470226536962,,,,*,*,*
A.D.5.NmC1,0,14,7.048326444251066,0.24250979683426,51.51498040633148,3.8302323416555554e-05,*,,
A.D,2353,19,1.9824797725124337,1.0046795384581297,49.99064092308374,8.190094735139904e-05,*,*,
