,num_seq,t_ch_MAX,max_CL,CL@BC_t_ch_MAX,aic,PV,PV_OK,t_ch_MAX_OK,phyl_OK
B.1.177.18,561,13,29.721152606044626,,,,*,*,*
B.1.177.44,1152,4,2.622146375005511,-37.510749660170134,105.02149932034027,6.344274735969817e-30,,,
