,num_seq,t_ch_MAX,max_CL,CL@BC_t_ch_MAX,aic,PV,PV_OK,t_ch_MAX_OK,phyl_OK
A.1,836,329,8.916353430886051,,,,*,*,*
A.1.NmC2,0,284,-10.0,-81.54138530263003,1511.08277060526,1.8054658132398126e-39,,,
A.1.NmC1,0,284,-10.0,-45.40385280375511,1438.8077056075101,8.908823871868146e-24,,,
