,num_seq,t_ch_MAX,max_CL,CL@BC_t_ch_MAX,aic,PV,PV_OK,t_ch_MAX_OK,phyl_OK
A.D,2353,6,3.004866763574291,,,,*,*,*
A.D.NmC1,515,5,2.2999733518799728,-8.632388308730036,39.26477661746007,2.070780242435359e-05,*,*,
A.D.NmC2,637,5,2.2320252655323225,-8.654449654030326,39.30889930806065,2.019652496079635e-05,*,*,
A.D.2.2.NmC1,394,5,1.8170294019172784,-9.1205476589464,40.2410953178928,1.2686146330715025e-05,*,*,
A.D.3.6,757,6,1.5320312494323214,0.5726761810730131,20.854647637853972,0.20597509820488344,*,*,
A.3.1.NmC2,67,3,0.7842629544639835,-22.48211478463024,66.96422956926048,2.0005777681870692e-11,,,
A.3.1,1992,3,0.6250728530767242,-15.429888041876943,52.859776083753886,2.3063835706725335e-08,,,
A.3.1.1,731,3,0.5252628294081298,-11.19421336506671,44.38842673013342,1.592827211940512e-06,,,
A.D.5.NmC1,425,5,0.46142568758241576,-10.404270942802428,42.80854188560485,3.509629786432929e-06,,*,
