,num_seq,t_ch_MAX,max_CL,CL@BC_t_ch_MAX,aic,PV,PV_OK,t_ch_MAX_OK,phyl_OK
A.3.1.1,731,28,15.509484834181638,,,,*,*,*
A.D.3.6,757,7,1.1103678979394043,-97.42351079883035,282.8470215976607,8.973310304145036e-50,,,
A.D.NmC2,0,3,0.8214938606728845,-102.3992388031491,292.7984776062982,6.199228418578881e-52,,,
A.3.1.NmC2,0,3,0.7842629544639835,-138.6296020686587,365.2592041373174,1.1424798771131827e-67,,,
A.D.NmC1,0,3,0.7617583771145795,-127.93770661386581,343.87541322773166,5.017144055805091e-63,,,
A.3.1,1992,3,0.6250728530767242,-13.32241946550795,114.6448389310159,3.015019231972819e-13,,,
A.D,2353,3,0.5810256149247326,-98.20441141710234,284.40882283420467,4.113419384727183e-50,,,
A.D.2.2.NmC1,0,3,0.5702215295355886,-27.338708794412266,142.67741758882454,2.4574316673306996e-19,,,
