,num_seq,t_ch_MAX,max_CL,CL@BC_t_ch_MAX,aic,PV,PV_OK,t_ch_MAX_OK,phyl_OK
B.D,150,5,38.30388737863882,,,,*,*,*
B.D.NmC1,0,2,35.54277571759008,35.452964577756624,55.09407084448675,0.05784432087483838,*,,
B.D.4.NmC1,0,36,16.337644203943377,-239.2048629016466,604.4097258032932,3.0125781858211668e-121,,,
B.D.1.1,115,51,5.114487321656981,-327.0419091488958,780.0838182977916,2.1512085189425096e-159,,,
B.D.4.1,218,54,0.3017632896672511,-239.66537153084238,605.3307430616848,1.9017913395197585e-121,,,
