,num_seq,t_ch_MAX,max_CL,CL@BC_t_ch_MAX,aic,PV,PV_OK,t_ch_MAX_OK,phyl_OK
B.D.NmC1,1726,44,23.748509296518378,,,,*,*,*
B.D.E.3.NmC1,1318,34,14.218559792355933,2.744732759257026,102.51053448148595,7.544742250004933e-10,,,
B.D.E.3,125,14,10.38600675146327,-3.598773911970351,115.1975478239407,1.3244815712981989e-12,,,
B.D.3,433,16,7.434712970305789,-6.521603733340259,121.04320746668051,7.143417490148113e-14,,,
B.D,150,18,5.949988955209217,-6.582707641521926,121.16541528304386,6.693864107338885e-14,,,
