,num_seq,t_ch_MAX,max_CL,CL@BC_t_ch_MAX,aic,PV,PV_OK,t_ch_MAX_OK,phyl_OK
B.D.4.1,218,21,2.64849753480404,,,,*,*,*
B.D.4.NmC1,0,24,2.213422104947448,-3.8193732341005155,33.638746468201035,554044.3407602682,*,,
B.D.1.1,115,24,2.154304173590048,-54.24402085498097,134.48804170996192,6.986268508675704e-17,,,
B.D.NmC1,0,24,0.9832946638407384,-3.031267690992581,32.062535381985164,1220779.3204185,*,,
