,num_seq,t_ch_MAX,max_CL,CL@BC_t_ch_MAX,aic,PV,PV_OK,t_ch_MAX_OK,phyl_OK
B.D.E.3.NmC1,0,40,26.9880724280097,,,,*,*,*
B.D,150,30,11.723713369180446,-10.642034312732548,131.2840686254651,6.563550385764243e-18,,,
B.D.E.3,125,21,10.674345548895738,-1.887026700259984,113.77405340051997,4.1628140583616225e-14,,,
B.D.NmC1,0,29,10.505548061774695,3.581172343189789,102.83765531362042,9.835724512985759e-12,,,
B.D.3,433,6,2.4257713225964634,-20.714750676456156,151.42950135291233,2.764533890415466e-22,,,
