,num_seq,t_ch_MAX,max_CL,CL@BC_t_ch_MAX,aic,PV,PV_OK,t_ch_MAX_OK,phyl_OK
A.3.1,1992,24,8.099229645282962,,,,*,*,*
A.3.1.1,731,25,7.810867297928723,7.75469939431007,40.49060121137986,0.7082203534677982,*,*,
A.3,202,6,2.581840051301728,-35.20814585753967,126.41629171507934,1.5513364215366972e-19,,,
