,num_seq,t_ch_MAX,max_CL,CL@BC_t_ch_MAX,aic,PV,PV_OK,t_ch_MAX_OK,phyl_OK
A.3.1.1,731,19,6.925024339105709,,,,*,*,*
A.D,2353,17,4.7626445526265515,-9.853912620287119,77.70782524057424,5.1586800574592125e-08,,,
A.3.1.NmC1,0,4,1.4416171616853088,-12.109582610654618,82.21916522130924,5.410090586274583e-09,,,
A.D.NmC1,0,7,1.3002078026608999,-30.901376545560016,119.80275309112002,3.739480061970993e-17,,,
A.D.NmC2,0,7,1.2971142734844656,-21.19840707146801,100.39681414293602,6.101936677605303e-13,,,
A.D.2.2.NmC1,0,7,0.7030848610829357,-17.83933920025585,93.6786784005117,1.7566981974463086e-11,,,
A.D.3.6,757,3,0.6774439107029626,-16.37033052264151,90.74066104528302,7.640293532575104e-11,,,
