,num_seq,t_ch_MAX,max_CL,CL@BC_t_ch_MAX,aic,PV,PV_OK,t_ch_MAX_OK,phyl_OK
B.D.4.1.3.NmC1,0,19,9.088803589132514,,,,*,*,*
B.D.4.1.1.NmC1,0,20,6.219801150856073,1.5397236599579456,54.92055268008411,0.0005261101271160632,*,*,
