,num_seq,t_ch_MAX,max_CL,CL@BC_t_ch_MAX,aic,PV,PV_OK,t_ch_MAX_OK,phyl_OK
B.D.4.NmC1,1212,5,6.798888397135517,,,,*,*,*
B.D.NmC1,1726,4,4.25018685357558,3.74679012156951,40.50641975686098,0.04712272077032793,*,*,
B.D.1.1,115,18,3.429864716166559,-42.67357335389205,133.3471467077841,3.2604722468004505e-22,,,
B.D.4.1,218,19,0.3017632896672511,-5.225058663187275,58.45011732637455,5.992511209807918e-06,,,
B.D.4,1413,5,0.24444062207731904,0.24444062207731831,47.51111875584537,0.0014229828670044445,*,*,
B.D,150,17,0.19708025527554388,-1.1608051309754548,50.32161026195091,0.0003491531174598261,*,,
