,num_seq,t_ch_MAX,max_CL,CL@BC_t_ch_MAX,aic,PV,PV_OK,t_ch_MAX_OK,phyl_OK
B.1.23,11,46,35.68617373607521,,,,*,*,*
B.1.13.NmC1,0,74,23.851628900619872,6.605266441284403,80.7894671174312,2.348099338835769e-13,,,
B.1.17.NmC1,0,7,1.3864260962300075,-7.133295066624229,108.26659013324846,2.532271603481891e-19,,,
