,num_seq,t_ch_MAX,max_CL,CL@BC_t_ch_MAX,aic,PV,PV_OK,t_ch_MAX_OK,phyl_OK
A.D.4.NmC2,0,11,4.5323046251314025,,,,*,*,*
A.D.4.NmC1,0,10,4.346122787495171,2.842143173744279,32.31571365251144,0.18451952399298935,*,*,
A.D.3.NmC1,0,10,3.265702695706376,-1.6141881327658636,41.22837626553173,0.0021441758919131795,*,*,
A.D.4.NmC3,0,11,2.545803066782147,2.545803066782147,32.9083938664357,0.13738061411695457,*,*,
