,num_seq,t_ch_MAX,max_CL,CL@BC_t_ch_MAX,aic,PV,PV_OK,t_ch_MAX_OK,phyl_OK
A.D.4.NmC3,0,40,31.367741928282637,,,,*,*,*
A.D.2.2.1,40,34,28.275358010517305,23.169107251459256,83.6617854970815,0.0005054810539642021,*,,
A.D.3.NmC2,0,34,20.642974836122058,-7.188243206095211,144.37648641219042,3.300079571966276e-17,,,
A.D.4.NmC1,0,41,16.45619374948856,16.45619374948856,97.08761250102287,6.129392553291701e-07,,*,
A.2.1.1,31,3,3.827176228359737,-203.62744024942776,537.2548804988555,1.61394176074026e-102,,,
A.D.4.NmC2,0,40,3.1090629463518393,1.4254921033208812,127.14901579335823,1.819580916515352e-13,,*,
