,num_seq,t_ch_MAX,max_CL,CL@BC_t_ch_MAX,aic,PV,PV_OK,t_ch_MAX_OK,phyl_OK
B.D.1,334,4,11.381717802225984,,,,*,*,*
B.D.NmC1,0,2,7.033821484982015,6.301389943667089,25.39722011266582,0.006219909015942578,*,,
B.D.3,433,11,2.405323065173161,-14.010315342375472,66.02063068475094,9.40292786641853e-12,,,
B.D.4.NmC1,0,2,2.2215807425912844,1.4854889219489336,35.02902215610213,5.042618369659572e-05,*,,
