,num_seq,t_ch_MAX,max_CL,CL@BC_t_ch_MAX,aic,PV,PV_OK,t_ch_MAX_OK,phyl_OK
B.D.E.2,853,9,2.3412812630086144,,,,*,*,*
B.D.2,1269,9,2.3161949443447836,2.3161949443447836,27.367610111310434,0.9753099120283323,*,*,
B.D.4.1.1,260,9,0.8931719003528704,0.8931719003528704,30.21365619929426,0.23574607655586347,*,*,
