,num_seq,t_ch_MAX,max_CL,CL@BC_t_ch_MAX,aic,PV,PV_OK,t_ch_MAX_OK,phyl_OK
A.D.2.2.1,40,9,10.448359798520576,,,,*,*,*
A.D.4.NmC3,0,9,9.20883494681051,9.20883494681051,3.582330106378979,0.2893842179390506,*,*,
A.2.1.1,31,3,3.827176228359737,-16.171062882803625,54.34212576560725,2.7484060238226446e-12,,,
A.D.3.NmC2,0,9,1.5922885143007912,1.5922885143007912,18.81542297139842,0.00014195506416301115,*,*,
