,num_seq,t_ch_MAX,max_CL,CL@BC_t_ch_MAX,aic,PV,PV_OK,t_ch_MAX_OK,phyl_OK
A.D.4.NmC3,0,56,38.19313682831882,,,,*,*,*
A.D.4.NmC1,0,61,31.992362282148882,27.970546529306628,142.05890694138674,3.625258024588065e-05,*,,
A.D.2.2.1,40,35,20.00795068388471,14.552885438923886,168.89422912215224,5.411011386238112e-11,,,
A.D.3.NmC2,0,35,17.121026600627257,-16.465927812900294,230.93185562580058,1.8258437918054865e-24,,,
A.2.1.1,31,3,3.827176228359737,-306.31233569290447,810.6246713858089,2.4175725279289758e-150,,,
