,num_seq,t_ch_MAX,max_CL,CL@BC_t_ch_MAX,aic,PV,PV_OK,t_ch_MAX_OK,phyl_OK
A.D.NmC2,0,3,0.8214938606728845,,,,*,*,*
A.3.1.NmC2,0,3,0.7842629544639835,0.7842629544639835,4.431474091072033,0.9656054162575668,*,*,
A.D.NmC1,0,3,0.7617583771145795,0.7617583771145795,4.476483245770841,0.9417645335842486,*,*,
A.3.1,1992,3,0.6250728530767242,0.6250728530767242,4.749854293846552,0.8228346580560185,*,*,
A.D,2353,3,0.5810256149247326,0.5810256149247326,4.837948770150534,0.7866278610665536,*,*,
A.D.2.2.NmC1,0,3,0.5702215295355886,0.5702215295355886,4.859556940928822,0.7788007830714049,*,*,
A.3.1.1,731,3,0.5252628294081298,0.5252628294081298,4.94947434118374,0.7445315874659094,*,*,
A.D.3.6,757,3,0.5207514923468091,0.5207514923468091,4.958497015306381,0.740818220681718,*,*,
