,num_seq,t_ch_MAX,max_CL,CL@BC_t_ch_MAX,aic,PV,PV_OK,t_ch_MAX_OK,phyl_OK
B.D.NmC1,1726,42,18.97974841757905,,,,*,*,*
B.D,150,20,13.716238653560964,-12.622766701690464,131.24553340338093,1.879848713228073e-14,,,
B.D.3,433,20,12.91421901799138,-18.02317107895885,142.0463421579177,8.490488873160813e-17,,,
B.D.E.3.NmC1,1318,31,9.314439574438605,-7.245836424604253,120.4916728492085,4.07969045199417e-12,,,
