,num_seq,t_ch_MAX,max_CL,CL@BC_t_ch_MAX,aic,PV,PV_OK,t_ch_MAX_OK,phyl_OK
A.1.NmC2,0,1351,192.28180330999106,,,,*,*,*
A.1.NmC1,0,1280,140.9047562550308,112.20474868218021,2579.5905026356395,1.789689662393006e-24,,,
