,num_seq,t_ch_MAX,max_CL,CL@BC_t_ch_MAX,aic,PV,PV_OK,t_ch_MAX_OK,phyl_OK
A.1.NmC2,195,170,0.9848453025887149,,,,*,*,*
A.1,835,856,0.5217833322635315,-53.33610737647487,1886.6722147529497,1.7977424330926334e-18,,,
A.1.NmC1,377,801,-4.021368277330815,-81.96005168217431,1943.9201033643485,6.653465739977441e-31,,,
