,num_seq,t_ch_MAX,max_CL,CL@BC_t_ch_MAX,aic,PV,PV_OK,t_ch_MAX_OK,phyl_OK
B.D.4.NmC1,1212,6,8.034526960550277,,,,*,*,*
B.D.NmC1,1726,16,4.073809434828748,-1.9208351486464124,63.84167029729282,4.7489591369458006e-05,*,,
B.D.1.1,115,19,3.429864716166559,-32.52000430787456,125.04000861574912,2.438862333698727e-18,,,
B.D.1,334,3,0.8992051152681879,-0.21829197276564766,60.4365839455313,0.0002599555248110359,*,,
B.D.4.1,218,20,0.3017632896672511,-27.27854422199604,114.55708844399209,4.601404062522645e-16,,,
B.D,150,18,0.19708025527554388,-19.830892599559473,99.66178519911895,7.913785264115738e-13,,,
