,num_seq,t_ch_MAX,max_CL,CL@BC_t_ch_MAX,aic,PV,PV_OK,t_ch_MAX_OK,phyl_OK
A.D.5.NmC1,0,11,3.7016071087166043,,,,*,*,*
A.D.2.1,76,6,3.4783552942704,-4.240945474126142,32.481890948252286,0.00035620647830703495,*,,
A.D.5,115,4,0.9848861119078991,-8.58769065780631,41.17538131561262,4.597490255461662e-06,,,
A.3.1.1,731,6,0.3956968826916781,-13.720891622232706,51.44178324446541,2.7201329123601998e-08,,,
