,num_seq,t_ch_MAX,max_CL,CL@BC_t_ch_MAX,aic,PV,PV_OK,t_ch_MAX_OK,phyl_OK
A.D.2.2.1,40,12,94.29811469016595,,,,*,*,*
A.D.2.1,76,8,92.42789014193514,90.14719091033172,81.70561817933657,0.01568579112962115,*,,
A.D.1,1413,34,38.467824487824515,-35.62647063124469,333.2529412624894,3.752229890268898e-57,,,
