,num_seq,t_ch_MAX,max_CL,CL@BC_t_ch_MAX,aic,PV,PV_OK,t_ch_MAX_OK,phyl_OK
A.D.2.2.NmC1,394,5,1.8072436645371397,,,,*,*,*
A.3.1.1,731,4,1.3783606647898734,1.1952119391103093,15.609576121779382,0.6872892787909722,*,*,
A.D.3.6,757,4,1.2443409514158696,-1.1469894033418044,20.293978806683608,0.06620495300707324,*,*,
A.D,2353,5,0.815930610552047,0.17820511273863238,17.643589774522734,0.24907530463166805,*,*,
A.D.5.NmC1,425,5,0.5428043239841535,-9.457195676015846,36.91439135203169,1.6289334328458052e-05,*,*,
