,num_seq,t_ch_MAX,max_CL,CL@BC_t_ch_MAX,aic,PV,PV_OK,t_ch_MAX_OK,phyl_OK
B.D.NmC1,0,46,26.558710149851834,,,,*,*,*
B.D.3,433,46,24.45054664311131,20.866366952595385,70.26726609480923,0.020650825181712584,*,*,
B.D.E.3,125,4,4.607444985452683,-31.342080440533486,174.684160881067,4.3913088442562785e-25,,,
B.D.E.3.NmC1,0,4,0.007515829761141152,-16.222372597881122,144.44474519576224,1.6185515978072132e-18,,,
