,num_seq,t_ch_MAX,max_CL,CL@BC_t_ch_MAX,aic,PV,PV_OK,t_ch_MAX_OK,phyl_OK
A.3.1,1992,22,7.025376743323949,,,,*,*,*
A.3.1.1,731,10,1.8281860351983816,-13.820704799803629,101.64140959960726,5.423171239858281e-08,,,
A.3,202,5,1.8142089822876621,-64.56995770701437,203.13991541402874,4.940926132393494e-30,,,
