,num_seq,t_ch_MAX,max_CL,CL@BC_t_ch_MAX,aic,PV,PV_OK,t_ch_MAX_OK,phyl_OK
B.D.2,1269,4,12.04895998730331,,,,*,*,*
B.D.E.3,125,1,7.436792806941942,4.61608345344225,26.7678330931155,0.0005902289768491079,*,,
B.D.3,433,19,4.447761040352246,-47.633178765416304,131.2663575308326,1.1998690404080032e-26,,,
