,num_seq,t_ch_MAX,max_CL,CL@BC_t_ch_MAX,aic,PV,PV_OK,t_ch_MAX_OK,phyl_OK
A.3.1,1992,5,11.844647858018526,,,,*,*,*
A.3.1.1,731,10,7.766372931318495,-1.0334178189104288,50.06683563782086,6.459232857050463e-06,,,
A.D.4.NmC1,0,5,7.6881735753500955,6.984952443580313,34.030095112839376,0.0196436725530653,*,*,
