,num_seq,t_ch_MAX,max_CL,CL@BC_t_ch_MAX,aic,PV,PV_OK,t_ch_MAX_OK,phyl_OK
B.D.NmC1,1726,33,16.08850683800748,,,,*,*,*
B.D.E.3.NmC1,1318,31,11.081023579256218,1.5770317014200477,84.8459365971599,6.347719731158554e-07,,,
B.D,150,14,8.509617932902387,-13.48896418838459,114.97792837676919,1.819580916515352e-13,,,
B.D.3,433,14,7.8225246637181876,-21.813690486544996,131.62738097309,4.4103170526470614e-17,,,
