,num_seq,t_ch_MAX,max_CL,CL@BC_t_ch_MAX,aic,PV,PV_OK,t_ch_MAX_OK,phyl_OK
B.D.NmC1,1726,51,4.083236121248426,,,,*,*,*
B.D.1.1,115,54,2.81609813105859,-168.67984023673137,425.35968047346273,1.0929516526067168e-75,,,
B.D.4.1,218,48,2.607240927721004,-56.89798086941559,201.79596173883118,3.837409428109546e-27,,,
B.D.4.NmC1,1212,54,2.1953802264942843,-39.01074812199005,166.0214962439801,2.2571811745204173e-19,,,
B,21,54,1.8302335476624867,-180.22591693789872,448.45183387579743,1.0584519747543625e-80,,,
B.D.1,334,54,0.7377438042018465,-93.74599596504798,275.491991930096,3.823472338002163e-43,,,
