,num_seq,t_ch_MAX,max_CL,CL@BC_t_ch_MAX,aic,PV,PV_OK,t_ch_MAX_OK,phyl_OK
A.D.2.2.NmC1,0,46,9.612795577810347,,,,*,*,*
A.D.4,176,49,3.379337684569949,-26.62066231543005,67.2413246308601,1.833747134638909e-16,,,
A.D.5,115,49,3.2887075148211555,-26.711292485178845,67.42258497035769,1.6759186922482508e-16,,,
A.D.4.NmC2,0,50,0.6394332122152728,-2.261490337756129,18.522980675512258,6.962304723487946e-06,,,
