,num_seq,t_ch_MAX,max_CL,CL@BC_t_ch_MAX,aic,PV,PV_OK,t_ch_MAX_OK,phyl_OK
A.D.4.NmC2,0,45,32.71011427897173,,,,*,*,*
A.D.4.NmC1,0,28,20.708493962730774,-9.794684058410626,163.58936811682125,3.469868742543057e-19,,,
A.D.4.NmC3,0,43,18.35116470406287,-2.2303746734680034,148.460749346936,6.695003406159714e-16,,,
A.D.4,176,13,11.604736324232443,-31.88386711226605,207.7677342245321,8.846020499577768e-29,,,
A.D.2.2.1,40,39,8.381019780677313,-14.707537171222413,173.41507434244483,2.5453978219000013e-21,,,
A.D.3.NmC1,0,12,6.88218956260078,-30.03578758057937,204.07157516115873,5.6259093870550775e-28,,,
A.3,202,5,0.5927232869744894,-106.9126163591654,357.82523271833077,2.299497619188487e-61,,,
