,num_seq,t_ch_MAX,max_CL,CL@BC_t_ch_MAX,aic,PV,PV_OK,t_ch_MAX_OK,phyl_OK
B.D.1,334,8,43.94090631868349,,,,*,*,*
B.D.1.1,115,37,2.81609813105859,-242.86879968263557,615.7375993652711,1.2159814533661639e-124,,,
B.D.4.NmC1,0,37,2.1953802264942843,-180.794231076033,491.588462152066,1.1060045537678256e-97,,,
B,21,37,1.8302335476624867,-160.06018658689834,450.1203731737967,1.1190590334467647e-88,,,
B.D.4.1,218,37,1.6162130663410017,-110.67219610093484,351.3443922018697,3.1525171551450254e-67,,,
B.D.NmC1,0,37,0.907189873049588,-22.107871617315112,174.21574323463022,9.115421931235675e-29,,,
B.D.3,433,2,0.8744221391266715,-3.2890546521948267,136.57810930438964,1.358935754402102e-20,,,
