,num_seq,t_ch_MAX,max_CL,CL@BC_t_ch_MAX,aic,PV,PV_OK,t_ch_MAX_OK,phyl_OK
A.D.NmC2,637,5,12.150579770344578,,,,*,*,*
A.D.4.NmC3,1653,1,8.871095276862501,8.12167749967284,27.75664500065432,0.017774329953659428,*,,
A.D,2353,5,7.766907800543678,7.766907800543677,28.466184398912645,0.012462888134332661,*,*,
A.D.NmC1,515,10,7.15387584612849,4.5374315032838215,34.92513699343236,0.0004930006822738129,*,,
A.D.3,128,1,5.848306516321763,4.254315277494032,35.491369445011934,0.00037260190018912725,*,,
A.D.3.NmC2,401,16,3.2885091812135383,-31.064928940035,106.12985788007,1.7059408332224802e-19,,,
A.D.3.6,757,16,3.2061985234550625,-27.646925947757012,99.29385189551402,5.214961333213391e-18,,,
A.D.3.NmC1,397,16,2.191921685626094,-25.904265438686284,95.80853087737256,2.9711425651272133e-17,,,
A.D.4.NmC2,848,8,1.8930215857223816,-0.2918219217646102,44.583643843529224,3.957096534412328e-06,,,
