,num_seq,t_ch_MAX,max_CL,CL@BC_t_ch_MAX,aic,PV,PV_OK,t_ch_MAX_OK,phyl_OK
A.1,16,5,3.970725218147698,,,,*,*,*
B.1.13.NmC1,402,5,2.267399105350517,2.267399105350517,13.465201789298966,0.1817723861753675,*,*,
F.6,33,4,0.1730466081889053,-9.826953391811095,37.65390678362219,1.020722344936357e-06,,*,
B.1.6,35,4,0.17074955270171144,-9.82925044729829,37.65850089459658,1.0156314710024939e-06,,*,
B.1.10,103,4,0.17032913713776682,-9.829670862862233,37.65934172572447,1.0156314710024939e-06,,*,
B.1.17.NmC6,201,4,0.12138411228147053,-9.87861588771853,37.75723177543706,9.66098539666515e-07,,*,
B.1.22.NmC1,23,4,0.06892493598252043,-9.93107506401748,37.862150128034955,9.189813578979587e-07,,*,
B.1.5,25,4,0.009447363131832393,-9.990552636868168,37.98110527373633,8.654640498933917e-07,,*,
B.1.2,132,4,0.005291275193022027,-9.994708724806978,37.98941744961395,8.611475299365608e-07,,*,
