,num_seq,t_ch_MAX,max_CL,CL@BC_t_ch_MAX,aic,PV,PV_OK,t_ch_MAX_OK,phyl_OK
A.1,16,19,5.136558947283508,,,,*,*,*
B.1.5,25,20,3.865792090745497,-12.290697748391969,132.58139549678393,1.6785418413844163e-05,*,*,
