,num_seq,t_ch_MAX,max_CL,CL@BC_t_ch_MAX,aic,PV,PV_OK,t_ch_MAX_OK,phyl_OK
B.D.E.2,853,17,9.680074531948835,,,,*,*,*
B.D.2,1269,10,3.2567566965506236,-10.327805664220874,62.65561132844175,2.0406448012267936e-09,,,
B.D.4,1413,14,3.0149888911236986,2.195511754085321,37.60897649182936,0.0005614431699718223,*,,
B.D.4.NmC1,0,8,1.9007333986651946,-10.566941053068353,63.13388210613671,1.6132742942963236e-09,,,
