,num_seq,t_ch_MAX,max_CL,CL@BC_t_ch_MAX,aic,PV,PV_OK,t_ch_MAX_OK,phyl_OK
A.D.4.NmC1,0,53,36.23998395723722,,,,*,*,*
A.D.4.NmC2,0,28,14.47633070435335,-63.800192174952805,327.6003843499056,2.0202747838563762e-38,,,
A.D.4.NmC3,0,47,13.584293064920463,-39.704652221215134,279.40930444243025,5.8848579561814685e-28,,,
A.D.3.NmC1,0,19,6.398949236621184,-159.6138004166023,519.2276008332046,4.93724478374719e-80,,,
A.D.4,176,19,5.650417839055261,-276.9331825591258,753.8663651182516,5.521486857271624e-131,,,
A.D.2.2.1,40,19,3.49866185840121,-52.99031303135484,305.9806260627097,1.0003081162615611e-33,,,
A.D.3.NmC2,0,24,1.0076827385221696,-135.74586165757535,471.4917233151507,1.1484020066290611e-69,,,
