,num_seq,t_ch_MAX,max_CL,CL@BC_t_ch_MAX,aic,PV,PV_OK,t_ch_MAX_OK,phyl_OK
A.2.1.1,31,6,26.02474954912563,,,,*,*,*
A.D.2.2,545,18,5.490216953439015,0.015063949126291387,35.96987210174742,5.058252742843803e-12,,,
