,num_seq,t_ch_MAX,max_CL,CL@BC_t_ch_MAX,aic,PV,PV_OK,t_ch_MAX_OK,phyl_OK
B.D.2,1269,23,14.41755950881837,,,,*,*,*
B.D.4.1,218,25,5.082536340534585,4.776426264801567,60.447147470396864,6.474850153299368e-05,*,,
B.D.E.2,853,10,4.1767114477583975,0.7539367552300342,68.49212648953993,1.1624275779071872e-06,,,
B.D.4.1.1,260,26,3.4681859620713666,1.2713678617348942,67.45726427653021,1.945483549936717e-06,,,
B.D.4,1413,8,2.408624196991008,-10.52206008820072,91.04412017640144,1.474672635218914e-11,,,
B.D.4.NmC1,1212,8,1.0782724614249302,-49.759013423328774,169.51802684665756,1.339615461612252e-28,,,
