,num_seq,t_ch_MAX,max_CL,CL@BC_t_ch_MAX,aic,PV,PV_OK,t_ch_MAX_OK,phyl_OK
A.D.5.NmC1,425,30,24.22855088644278,,,,*,*,*
A.D.2.1,76,38,21.75849097455651,18.008923469253354,59.98215306149329,0.04904583548701688,*,,
A.D.2.2.NmC1,394,27,8.577429867651722,4.842439189382659,86.31512162123468,9.352846579322413e-08,,,
A.D,2353,13,5.6331627246803055,-150.4421725139955,396.884345027991,3.4174066520486617e-75,,,
A.D.NmC1,515,13,3.887587339465359,-203.54525258171606,503.0905051634321,2.954528604463757e-98,,,
