,num_seq,t_ch_MAX,max_CL,CL@BC_t_ch_MAX,aic,PV,PV_OK,t_ch_MAX_OK,phyl_OK
A.D.4.NmC1,2189,9,36.0892963869839,,,,*,*,*
A.D.4.NmC3,1653,1,24.587614175082887,16.495546569849107,85.00890686030178,3.0902927791231837e-09,,,
A.3.1,1992,40,11.706365245427207,-201.93394353799079,521.8678870759816,4.236975424354074e-104,,,
A.3.1.1,731,38,10.357016307179142,-105.62799621725854,329.2559924345171,2.8299973227524615e-62,,,
A.3.1.NmC1,266,56,6.525319301376363,-313.10642230641463,744.2128446128293,2.2209480074042597e-152,,,
