,num_seq,t_ch_MAX,max_CL,CL@BC_t_ch_MAX,aic,PV,PV_OK,t_ch_MAX_OK,phyl_OK
B.D.E.3.NmC1,0,50,37.067334077376835,,,,*,*,*
B.D.E.3,125,35,15.240939613025956,-1.155764853671215,128.31152970734243,1.3652826651637672e-16,,,
B.D,150,28,4.328528715807883,-71.397055022751,268.794110045502,4.269511298625971e-47,,,
B.D.NmC1,0,27,2.9996847268139475,-36.14539380714212,198.29078761428423,8.694781132242674e-32,,,
B.D.3,433,3,1.814231374814649,-68.15764383301767,262.3152876660354,1.084727913668865e-45,,,
