,num_seq,t_ch_MAX,max_CL,CL@BC_t_ch_MAX,aic,PV,PV_OK,t_ch_MAX_OK,phyl_OK
B.D.4.1,218,52,2.968907582210332,,,,*,*,*
B.D.4.NmC1,0,58,2.213422104947448,-19.221716383169138,62.443432766338276,2.3067761182415339e-10,,,
B.D.1.1,115,58,2.154304173590048,-54.24402085498097,132.48804170996192,1.4185387959159522e-25,,,
B.D.NmC1,0,58,0.9832946638407384,-12.667384727898948,49.3347694557979,1.6210849559261242e-07,,,
B.D.2,1269,52,0.7750459433340529,0.7750459433340526,22.449908113331894,0.11135856150491256,*,*,
