,num_seq,t_ch_MAX,max_CL,CL@BC_t_ch_MAX,aic,PV,PV_OK,t_ch_MAX_OK,phyl_OK
B.D.E.2,853,7,0.49859414731166,,,,*,*,*
B.D.2,1269,5,0.47423078182142997,-26.37059153810493,88.74118307620986,6.462531511834326e-12,,,
