,num_seq,t_ch_MAX,max_CL,CL@BC_t_ch_MAX,aic,PV,PV_OK,t_ch_MAX_OK,phyl_OK
A.D.4.NmC3,1653,13,13.506388812356233,,,,*,*,*
A.D.2.2.1,40,9,10.448359798520576,3.486035621174354,31.027928757651292,4.4500950921407545e-05,*,,
A.D.3.NmC2,401,13,5.986620648659341,5.986620648659341,26.02675870268132,0.0005421325658456086,*,*,
A.2.1.1,31,3,3.827176228359737,-59.463433161809405,156.9268663236188,2.0395373151026745e-32,,,
