,num_seq,t_ch_MAX,max_CL,CL@BC_t_ch_MAX,aic,PV,PV_OK,t_ch_MAX_OK,phyl_OK
B.D.4.NmC1,0,8,3.607550218824639,,,,*,*,*
B.D.4,1413,8,2.6160533317833545,-2.02471676999855,42.049433539997096,0.00016658581098763354,*,*,
B.D.2,1269,6,1.079380567270364,-17.367702225813616,72.73540445162723,3.6090191179119714e-11,,,
B.D.E.2,853,6,1.0389816290308853,-15.879526796532062,69.75905359306412,1.6013562556085684e-10,,,
B.D.1,334,8,0.25363918928666673,-2.66055031789854,43.32110063579708,8.82797330925096e-05,*,*,
