,num_seq,t_ch_MAX,max_CL,CL@BC_t_ch_MAX,aic,PV,PV_OK,t_ch_MAX_OK,phyl_OK
A.D.2.2.NmC1,394,36,16.54688531421377,,,,*,*,*
A.D.NmC1,515,17,12.654460734887769,-240.2669062415605,600.533812483121,1.232889041358696e-110,,,
A.D,2353,17,5.681212364220293,-181.69556456845822,483.39112913691645,3.369393994130452e-85,,,
A.D.5.NmC1,425,39,1.7852892122166244,-1.4189115503749197,122.83782310074984,6.606775087743381e-07,,,
A.D.NmC2,637,4,1.6556684817170282,-236.0293249263465,592.058649852693,8.514538688839062e-109,,,
A.3.1.NmC2,67,3,0.7842629544639835,-283.29539112619057,686.5907822523811,2.5306520485466142e-129,,,
A.3.1,1992,3,0.6250728530767242,-101.36005784846986,322.72011569693973,2.609750569959017e-50,,,
A.3.1.1,731,3,0.5252628294081298,-50.96219159169024,221.92438318338048,2.0185564027695283e-28,,,
A.D.3.6,757,3,0.5207514923468091,-155.65280668637203,431.30561337274406,6.864044749127055e-74,,,
