,num_seq,t_ch_MAX,max_CL,CL@BC_t_ch_MAX,aic,PV,PV_OK,t_ch_MAX_OK,phyl_OK
A.D.5.NmC1,0,21,16.444002512148312,,,,*,*,*
A.D.2.1,76,29,13.715696010453566,9.44832421811467,55.10335156377066,0.022595601851121885,*,,
A.D.2.2.NmC1,0,18,3.3998546435595873,-0.3351360347094734,74.67027206941894,1.271898362415779e-06,,,
