,num_seq,t_ch_MAX,max_CL,CL@BC_t_ch_MAX,aic,PV,PV_OK,t_ch_MAX_OK,phyl_OK
A.1.NmC2,0,1437,8.402140455232711,,,,*,*,*
A.1.NmC1,0,1425,0.7583630111394086,-59.815292563281204,163.6305851265624,5.218512595215748e-26,,,
A.1,836,1418,-0.09944835328985846,-3.879931704572414,51.75986340914483,0.10228420671553771,*,,
