,num_seq,t_ch_MAX,max_CL,CL@BC_t_ch_MAX,aic,PV,PV_OK,t_ch_MAX_OK,phyl_OK
B.D.4,1413,12,5.479271773347609,,,,*,*,*
B.D.4.NmC1,0,10,3.010764888307893,-7.567164443902817,41.13432888780564,2.1608692211871883e-06,,,
B.D.1,334,5,0.09760392263501322,-19.69818836489628,65.39637672979256,1.1600185808156338e-11,,,
