,num_seq,t_ch_MAX,max_CL,CL@BC_t_ch_MAX,aic,PV,PV_OK,t_ch_MAX_OK,phyl_OK
B.D.4,1413,13,5.598998185107927,,,,*,*,*
B.D.4.NmC1,0,17,4.635926754407984,1.1292497934827397,43.74150041303452,0.011447315850505681,*,,
B.D.4.1,218,7,2.615742921604422,-6.2877220732625805,58.57544414652516,6.858649510262771e-06,,,
B.D.2,1269,5,0.8925264077217887,-23.681592175664324,93.36318435132864,1.9224611399869286e-13,,,
B.D.E.2,853,5,0.3192599543762682,-10.093086944183234,66.18617388836647,1.526680317418208e-07,,,
