,num_seq,t_ch_MAX,max_CL,CL@BC_t_ch_MAX,aic,PV,PV_OK,t_ch_MAX_OK,phyl_OK
B.D.2,1269,10,14.284900329032066,,,,*,*,*
B.D.E.3.NmC1,0,15,9.858263602126494,1.0573917421133414,41.885216515773315,1.7959076665728809e-06,,,
B.D.E.3,125,16,5.3937021752765,-1.2897651819123679,46.57953036382474,1.721327251257233e-07,,,
B.D.E.2,853,25,2.2927869424586587,-9.088569209146916,62.177138418293836,7.05287985111216e-11,,,
B.D.4.1,218,24,0.11939596516406847,-12.005686333408393,68.01137266681678,3.822945183215157e-12,,,
