,num_seq,t_ch_MAX,max_CL,CL@BC_t_ch_MAX,aic,PV,PV_OK,t_ch_MAX_OK,phyl_OK
A.D.2.2.NmC1,394,5,2.805022475862639,,,,*,*,*
A.D.NmC1,515,5,2.2232556888329054,2.2232556888329054,11.55348862233419,0.559898366565402,*,*,
A.D.5.NmC1,425,5,2.026090951091354,2.026090951091354,11.947818097817292,0.45840601130522385,*,*,
A.D.NmC2,637,4,1.6556684817170282,-8.344331518282972,32.68866303656594,1.437528709002915e-05,*,*,
A.D,2353,4,1.4683379407691004,1.2110762488584328,13.577847502283134,0.20290852850254412,*,*,
A.3.1.NmC2,67,3,0.7842629544639835,-12.482114784630241,40.96422956926048,2.3004290544674928e-07,,,
A.3.1,1992,3,0.6250728530767242,-3.7263211733005566,23.452642346601113,0.0014590058497868598,*,,
A.3.1.1,731,3,0.5252628294081298,-11.441956295930972,38.88391259186194,6.508413021208095e-07,,,
A.D.3.6,757,3,0.5207514923468091,-10.980642138767474,37.96128427753494,1.030980775049509e-06,,,
