,num_seq,t_ch_MAX,max_CL,CL@BC_t_ch_MAX,aic,PV,PV_OK,t_ch_MAX_OK,phyl_OK
B.D.E.2,853,14,10.368468442225579,,,,*,*,*
B.D.4.1,218,7,1.4585736065595976,-18.178936853361442,78.35787370672288,3.9892618305939783e-13,,,
B.D.2,1269,6,1.0900042460752406,-32.205091031703894,106.41018206340779,3.235284171431992e-19,,,
B.D.4,1413,7,1.0446785468021054,-10.218223681266016,62.436447362532036,1.1425536909470633e-09,,,
B.D.4.NmC1,0,4,0.3755183009255372,-26.22774367156416,94.45548734312831,1.2729811194234273e-16,,,
