,num_seq,t_ch_MAX,max_CL,CL@BC_t_ch_MAX,aic,PV,PV_OK,t_ch_MAX_OK,phyl_OK
B.D.E.3.NmC1,0,52,31.61891085691788,,,,*,*,*
B.D.E.3,125,39,14.300594939491237,-6.232798337208679,144.46559667441736,3.62896172393347e-17,,,
B.D.NmC1,0,36,8.387109451681745,-13.741936875172497,159.483873750345,1.997111446587779e-20,,,
B.D,150,26,8.230484753753043,-48.055898579743044,228.1117971594861,2.4979696322189174e-35,,,
B.D.3,433,25,2.6938766925543685,-81.18562285029545,294.37124570059086,1.0219060466739759e-49,,,
