,num_seq,t_ch_MAX,max_CL,CL@BC_t_ch_MAX,aic,PV,PV_OK,t_ch_MAX_OK,phyl_OK
B.D.4.NmC1,0,10,12.461762690671902,,,,*,*,*
B.D.NmC1,0,1,8.518761362227243,6.395331854491105,45.20933629101779,0.0023227580145299587,*,,
B.D.1.1,115,27,4.7945852539663285,-77.4449998115914,212.8899996231828,9.010618540986234e-40,,,
B.D.4.1,218,29,0.3017632896672511,-42.07733327243055,142.1546665448611,2.0689520682260555e-24,,,
B.D,150,28,0.035783217761530095,-31.057944612958043,120.11588922591608,1.257488863497411e-19,,,
