,num_seq,t_ch_MAX,max_CL,CL@BC_t_ch_MAX,aic,PV,PV_OK,t_ch_MAX_OK,phyl_OK
B.D.3,433,12,11.49444191792425,,,,*,*,*
B.D.NmC1,0,12,4.739124435547265,4.739124435547265,20.52175112890547,0.0011650398343196144,*,*,
B.D.E.3.NmC1,0,9,4.434022096426748,-6.211391609074425,42.42278321814885,2.0455787237381585e-08,,,
B.D,150,4,2.8320875503957694,-22.135775917019107,74.2715518340382,2.4812845627067103e-15,,,
