,num_seq,t_ch_MAX,max_CL,CL@BC_t_ch_MAX,aic,PV,PV_OK,t_ch_MAX_OK,phyl_OK
A.D.4.NmC1,2189,52,35.147673804781334,,,,*,*,*
A.D.4.NmC2,848,29,16.634733133352874,-21.80758857602878,179.61517715205756,1.8305698738487818e-25,,,
A.D.3.NmC1,397,4,1.6038383104211564,-97.74180980664161,331.4836196132832,1.9346673385780705e-58,,,
