,num_seq,t_ch_MAX,max_CL,CL@BC_t_ch_MAX,aic,PV,PV_OK,t_ch_MAX_OK,phyl_OK
A.D.3.12,401,14,15.091472136602194,,,,*,*,*
A.D.5.1,539,14,13.906596786136411,13.906596786136411,36.18680642772718,0.30574617949871213,*,*,
A.D.3.3,1219,14,13.816000570144128,13.816000570144128,36.36799885971175,0.2794309682214077,*,*,
A.D.1.6,77,3,7.599416624601277,-14.122745594790509,92.24549118958102,2.0515717545649762e-13,,,
A.D.5.3,354,14,6.54875307507563,6.54875307507563,50.90249384984874,0.0001954902601469749,*,*,
A.D.1.9,133,3,5.472352363604081,-22.148275821650472,108.29655164330094,6.71233300221812e-17,,,
A.2.1,366,3,3.8536664381856145,-17.378857804754706,98.7577156095094,7.915132194091504e-15,,,
