,num_seq,t_ch_MAX,max_CL,CL@BC_t_ch_MAX,aic,PV,PV_OK,t_ch_MAX_OK,phyl_OK
B.D.NmC1,1726,57,31.424291880076108,,,,*,*,*
B.D,150,54,6.953881504523844,1.0507146127101383,119.89857077457972,8.944341662994955e-12,,,
