,num_seq,t_ch_MAX,max_CL,CL@BC_t_ch_MAX,aic,PV,PV_OK,t_ch_MAX_OK,phyl_OK
B.D.4.NmC1,0,24,2.213422104947448,,,,*,*,*
B.D.1.1,115,24,2.154304173590048,-30.485976906786235,78.97195381357247,1.0627404795919899e-10,,*,
B.D.4.1,218,22,1.2814566670447838,-9.681944392347045,37.36388878469409,0.11532512103806251,*,,
B.D.NmC1,0,24,0.9832946638407384,-5.5113308515838915,29.022661703167785,7.463317347319193,*,*,
