,num_seq,t_ch_MAX,max_CL,CL@BC_t_ch_MAX,aic,PV,PV_OK,t_ch_MAX_OK,phyl_OK
B.D.E.3.NmC1,0,58,36.08816489663971,,,,*,*,*
B.D.E.3,125,47,33.82197303527744,26.36490555178174,67.27018889643652,5.977040016914693e-05,*,,
B.D.NmC1,0,45,8.311217059852643,-15.749331376658384,151.49866275331678,3.06319086457743e-23,,,
B.D.3,433,34,0.2433589267834596,-42.67006771170513,205.34013542341026,6.236868757734187e-35,,,
