,num_seq,t_ch_MAX,max_CL,CL@BC_t_ch_MAX,aic,PV,PV_OK,t_ch_MAX_OK,phyl_OK
B.D.4.1.1,260,9,6.343068900474402,,,,*,*,*
B.D.4.1,218,43,4.035895143089652,-2.710554295594297,25.421108591188595,2.572813378588322,*,,
B.D.1,334,5,0.9521249357657593,0.35737070226602086,19.28525859546796,55.1468705634638,*,,
