,num_seq,t_ch_MAX,max_CL,CL@BC_t_ch_MAX,aic,PV,PV_OK,t_ch_MAX_OK,phyl_OK
B.D.NmC1,0,48,26.56575729944899,,,,*,*,*
B.D.3,433,48,23.895047073140894,20.31086738262497,69.37826523475006,0.011737106030942503,*,*,
B.D.E.3.NmC1,0,44,6.3413466280213875,-2.9773591085104156,115.95471821702083,9.057618338237826e-13,,,
