,num_seq,t_ch_MAX,max_CL,CL@BC_t_ch_MAX,aic,PV,PV_OK,t_ch_MAX_OK,phyl_OK
A.3.1.NmC2,0,11,12.112740387025877,,,,*,*,*
A.D.NmC2,0,3,0.8214938606728845,-31.47385543776138,116.94771087552276,5.867667168160477e-23,,,
A.D.NmC1,0,3,0.7617583771145795,-30.94165900137121,115.88331800274241,1.0018737992408319e-22,,,
A.3.1,1992,3,0.6250728530767242,-10.96523778236707,75.93047556473414,4.7407308041649535e-14,,,
A.D,2353,3,0.5810256149247326,-13.483358943183076,80.96671788636615,3.81437336208507e-15,,,
A.D.2.2.NmC1,0,3,0.5702215295355886,-34.964187155000054,123.92837431000011,1.789689662393108e-24,,,
A.3.1.1,731,3,0.5252628294081298,-8.308643446625135,70.61728689325027,6.743682960028529e-13,,,
A.D.3.6,757,3,0.5207514923468091,-29.78217480219668,113.56434960439336,3.1959105706672647e-22,,,
