,num_seq,t_ch_MAX,max_CL,CL@BC_t_ch_MAX,aic,PV,PV_OK,t_ch_MAX_OK,phyl_OK
C.1.NmC1,66,58,1.9991474032443306,,,,*,*,*
B.1.NmC8,55,58,0.5720310476041849,0.5720310476041849,10.855937904791631,2.435129651289876,*,*,
B.1.17.NmC5,119,59,0.1656170267175638,0.15133378877715023,11.6973324224457,1.5999941932173614,*,*,
