,num_seq,t_ch_MAX,max_CL,CL@BC_t_ch_MAX,aic,PV,PV_OK,t_ch_MAX_OK,phyl_OK
A.D.5.NmC1,425,27,20.996433153231308,,,,*,*,*
A.D.2.2.NmC1,394,26,8.272060021365037,-11.65261887094269,101.30523774188538,4.400428224246301e-20,,*,
A.3,202,40,1.0199048528833075,-82.91196702725205,243.8239340545041,4.987026012919831e-51,,,
A.2.1.1,31,39,0.6463863185126695,-136.9938611575801,351.9877223151602,1.6181716189105908e-74,,,
