,num_seq,t_ch_MAX,max_CL,CL@BC_t_ch_MAX,aic,PV,PV_OK,t_ch_MAX_OK,phyl_OK
A.2.1.1,31,33,1.682296830704886,,,,*,*,*
A.D.2.2,545,32,0.023375965365686646,-2.175274709798048,10.350549419596096,0.021173603310116536,*,*,
