,num_seq,t_ch_MAX,max_CL,CL@BC_t_ch_MAX,aic,PV,PV_OK,t_ch_MAX_OK,phyl_OK
B.D.4.NmC1,1212,5,16.141590960750207,,,,*,*,*
B.D,150,1,6.10219153281747,3.4269955294727033,59.146008941054596,3.0057002164497353e-06,,,
B.D.1.1,115,25,3.429864716166559,-88.60807463514136,243.21614927028273,3.2184963476983778e-46,,,
B.D.NmC1,1726,24,2.1132235889427986,-3.1603114692702983,72.3206229385406,4.150653687698238e-09,,,
B.D.4.1,218,26,0.3017632896672511,-41.6429610708207,149.28592214164138,8.022197748726874e-26,,,
