,num_seq,t_ch_MAX,max_CL,CL@BC_t_ch_MAX,aic,PV,PV_OK,t_ch_MAX_OK,phyl_OK
A.3.1,1992,6,1.348070501097514,,,,*,*,*
A.D.3.6,757,4,1.08249188908616,-11.535109925325916,41.07021985065183,5.042618369659572e-05,*,,
