,num_seq,t_ch_MAX,max_CL,CL@BC_t_ch_MAX,aic,PV,PV_OK,t_ch_MAX_OK,phyl_OK
B.D.E.2,853,9,11.366165103556758,,,,*,*,*
B.D.E.3.NmC1,1318,16,2.4662187412454917,-8.724022044034527,67.44804408806905,1.88375257318135e-09,,,
