,num_seq,t_ch_MAX,max_CL,CL@BC_t_ch_MAX,aic,PV,PV_OK,t_ch_MAX_OK,phyl_OK
B.D.E.3.NmC1,0,52,28.43950578482618,,,,*,*,*
B.D.E.3,125,47,20.763387606748246,5.770241570859739,130.45951685828052,2.74084382124381e-09,,,
B.D.3,433,13,3.2446413684787343,-91.57672341569133,325.15344683138267,1.4504005253898548e-51,,,
B.D.NmC1,0,13,3.128631634860669,-27.186644365260726,196.37328873052144,1.3357021903656382e-23,,,
B.D,150,5,2.693448007258959,-48.128568386112406,238.2571367722248,1.0700688324630286e-32,,,
