,num_seq,t_ch_MAX,max_CL,CL@BC_t_ch_MAX,aic,PV,PV_OK,t_ch_MAX_OK,phyl_OK
A.D.2.2.1,40,24,17.67663890617872,,,,*,*,*
A.D.4.NmC3,0,72,6.382615605597666,-0.4294840084249678,160.85896801684993,7.38905609893065,*,,
A.2.1.1,31,3,3.5702884314816226,-321.93702764341504,803.8740552868301,1.7407706651435538e-139,,,
A.D.2.2,545,5,0.6051825905514339,-389.38658438263207,938.7731687652641,8.862959303302181e-169,,,
