,num_seq,t_ch_MAX,max_CL,CL@BC_t_ch_MAX,aic,PV,PV_OK,t_ch_MAX_OK,phyl_OK
A.D.4.NmC3,0,6,1.7175473533545902,,,,*,*,*
A.D.4.NmC2,0,17,1.0224786619159476,1.0224786619159476,37.955042676168105,8.93521311469876,*,,
