,num_seq,t_ch_MAX,max_CL,CL@BC_t_ch_MAX,aic,PV,PV_OK,t_ch_MAX_OK,phyl_OK
B.1.3.NmC2,0,60,34.37816032791121,,,,*,*,*
B.1.8.NmC2,0,6,5.6680979189399165,-98.08780518791559,326.1756103758312,2.9444893122268894e-58,,,
