,num_seq,t_ch_MAX,max_CL,CL@BC_t_ch_MAX,aic,PV,PV_OK,t_ch_MAX_OK,phyl_OK
B.D.3,433,29,6.1227926316988475,,,,*,*,*
B.D.4,1413,40,3.2365088415349463,-23.80126452436329,85.60252904872658,1.0086433488066845e-13,,,
B.D.1,334,41,3.1736157908443383,-38.25174888629764,114.50349777259528,5.347888766186028e-20,,,
B.D.NmC1,1726,40,1.799727891505007,-17.50836621526118,73.01673243052235,5.438134193682062e-11,,,
