,num_seq,t_ch_MAX,max_CL,CL@BC_t_ch_MAX,aic,PV,PV_OK,t_ch_MAX_OK,phyl_OK
B.1,452,55,2.749901657349019,,,,*,*,*
B.1.17.NmC1,0,55,2.2985565693369865,2.2985565693369856,5.402886861326029,0.6376281516217732,*,*,
