,num_seq,t_ch_MAX,max_CL,CL@BC_t_ch_MAX,aic,PV,PV_OK,t_ch_MAX_OK,phyl_OK
A.D.4.NmC3,1653,55,41.949428339932766,,,,*,*,*
A.D.4.NmC1,2189,59,28.18155551249265,25.060845379179007,131.878309241642,4.6213216885454045e-08,,,
A.D.2.2.1,40,59,21.69865233849471,19.396650139373424,143.20669972125316,1.6013562556085627e-10,,,
A.2.1.1,31,3,3.827176228359737,-308.4119425128078,798.8238850256156,6.92764014705625e-153,,,
