,num_seq,t_ch_MAX,max_CL,CL@BC_t_ch_MAX,aic,PV,PV_OK,t_ch_MAX_OK,phyl_OK
A.D.3.NmC1,0,60,6.943875176893791,,,,*,*,*
A.D.3.NmC2,0,60,5.772689488510853,5.221502562842035,9.55699487431593,0.1781730517728984,*,*,
A.3.1.NmC2,0,60,4.072353910754235,-0.9261192295722585,21.852238459144516,0.00038203436220004633,*,*,
A.D.2.2,545,61,1.7072470688763712,1.6812741925157717,16.637451614968455,0.005169393028320329,*,*,
