,num_seq,t_ch_MAX,max_CL,CL@BC_t_ch_MAX,aic,PV,PV_OK,t_ch_MAX_OK,phyl_OK
A.D.4.NmC2,0,38,26.50962960908227,,,,*,*,*
A.D.4.NmC1,0,26,7.223313086525639,-5.55311985645151,135.10623971290303,1.523775751749992e-14,,,
A.D.4,176,9,6.121896183600393,-19.458791641535583,162.91758328307117,1.3933373768097647e-20,,,
A.D.3.NmC1,0,6,5.051714313801778,-14.96789554735465,153.93579109470932,1.2417624161806303e-18,,,
A.D.4.NmC3,0,46,4.596999918655693,0.911114015300077,122.17777196939984,9.786668632322207e-12,,,
A.3,202,3,0.7578016875640681,-81.23368923478071,286.4673784695614,2.067829219357085e-47,,,
