,num_seq,t_ch_MAX,max_CL,CL@BC_t_ch_MAX,aic,PV,PV_OK,t_ch_MAX_OK,phyl_OK
B.D.E.2,853,9,9.521141249019397,,,,*,*,*
B.D.E.3.NmC1,0,1,6.0326522123194275,0.7055777981971105,46.588844403605776,0.00014848895196963887,*,,
