,num_seq,t_ch_MAX,max_CL,CL@BC_t_ch_MAX,aic,PV,PV_OK,t_ch_MAX_OK,phyl_OK
B.D.E.2,853,45,5.04080559467826,,,,*,*,*
B.D.E.3.NmC1,1318,44,1.3898094530159424,1.3898094530159424,17.220381093968115,572.4927090136719,*,*,
