,num_seq,t_ch_MAX,max_CL,CL@BC_t_ch_MAX,aic,PV,PV_OK,t_ch_MAX_OK,phyl_OK
A.D.2.NmC2,0,9,101.53380779391091,,,,*,*,*
A.D.2,2386,1,67.10821564787825,60.43991098353412,63.12017803293176,1.4212427627436944e-18,,,
A.D.2.NmC1,0,72,5.496630466154656,-27.078858189884933,238.15771637976985,1.390641578148398e-56,,,
A.D.2.2.1,40,60,3.1611384904474162,-54.42907577985035,292.8581515597007,1.8418791425386104e-68,,,
A.D.1,1413,88,2.9333509560673257,-19.432456583868163,222.86491316773632,2.921245097601763e-53,,,
