,num_seq,t_ch_MAX,max_CL,CL@BC_t_ch_MAX,aic,PV,PV_OK,t_ch_MAX_OK,phyl_OK
A.1.NmC4,0,9,18.90687195891478,,,,*,*,*
A.1.NmC13,0,146,1.5450237806574707,-52.093401139219004,448.186802278438,1.4845888761032998e-31,,,
A.1.NmC5,0,159,1.5351705079276767,-149.2475534435992,642.4951068871984,9.500048288175264e-74,,,
A.1,3213,68,1.4039204330181583,-17.87860203739544,379.7572040747909,1.0739693826490384e-16,,,
