,num_seq,t_ch_MAX,max_CL,CL@BC_t_ch_MAX,aic,PV,PV_OK,t_ch_MAX_OK,phyl_OK
B.D.4.1.1,260,36,15.354992324405748,,,,*,*,*
B.D.2,1269,31,4.699356670843832,-30.513136819210565,151.02627363842112,1.5151441121432517e-06,,,
B.D.4.1,218,36,2.935355131543783,-15.420772289596625,120.84154457919325,5.4466459652128,*,*,
B.D.1,334,5,0.9521249357657593,-67.69048527356048,225.38097054712097,1.0853169301599768e-22,,,
