,num_seq,t_ch_MAX,max_CL,CL@BC_t_ch_MAX,aic,PV,PV_OK,t_ch_MAX_OK,phyl_OK
B.D.4.1.1,260,46,18.38547781276981,,,,*,*,*
B.D.4.1.3.NmC1,0,41,2.9508296014434894,0.45849458527995335,153.0830108294401,5.341521609404953e-06,,,
