,num_seq,t_ch_MAX,max_CL,CL@BC_t_ch_MAX,aic,PV,PV_OK,t_ch_MAX_OK,phyl_OK
A.D,2353,42,5.7410588270457,,,,*,*,*
A.D.3,128,42,5.602813062958278,5.602813062958278,10.794373874083444,0.8737159116880346,*,*,
A.D.4.NmC3,0,42,4.44430625121621,4.44430625121621,13.11138749756758,0.2738978643314456,*,*,
A.D.3.NmC2,0,44,3.8351706698427264,2.294530598181368,17.410938803637265,0.03190476204260796,*,,
A.D.3.6,757,44,3.664001892321441,2.3455498268671233,17.30890034626575,0.03354055417214865,*,,
A.D.NmC1,0,43,3.189673951728426,-2.1765213013315017,26.353042602663002,0.0003652238882369587,*,*,
A.D.NmC2,0,46,2.0928360981786733,1.5492384971295405,18.90152300574092,0.015146284873046992,*,,
A.D.3.NmC1,0,46,1.9854761824966132,-1.1933602656057083,24.386720531211417,0.000973123068714697,*,,
