,num_seq,t_ch_MAX,max_CL,CL@BC_t_ch_MAX,aic,PV,PV_OK,t_ch_MAX_OK,phyl_OK
A.D.2.2.1,40,13,16.78146540392454,,,,*,*,*
A.D.4.NmC3,0,13,13.30967851811018,13.30967851811018,11.38064296377964,0.03111703066106086,*,*,
A.D.3.NmC2,0,13,4.410584662609489,4.410584662609489,29.17883067478102,4.24401840716993e-06,,*,
A.2.1.1,31,3,3.827176228359737,-59.4634331618094,156.9268663236188,7.712891593356619e-34,,,
