,num_seq,t_ch_MAX,max_CL,CL@BC_t_ch_MAX,aic,PV,PV_OK,t_ch_MAX_OK,phyl_OK
A.D.5.NmC1,0,22,3.2717206198652242,,,,*,*,*
A.2.1.1,31,36,3.093952201108701,-25.206069952665317,96.41213990533063,4.299962100926258e-13,,,
