,num_seq,t_ch_MAX,max_CL,CL@BC_t_ch_MAX,aic,PV,PV_OK,t_ch_MAX_OK,phyl_OK
A.D.4.NmC2,0,49,33.78225705695009,,,,*,*,*
A.D.4.NmC3,0,49,23.763116468076532,20.472821118116066,117.05435776376787,1.666141639710502e-06,,*,
A.D.4.NmC1,0,30,14.67367110101231,-29.577576732634327,217.15515346526865,3.0415966879465396e-28,,,
A.D.2.2.1,40,53,11.583435428825394,9.28143322970411,139.4371335405918,2.289734845645553e-11,,,
A.D.3.NmC2,0,28,7.59951589346701,-67.45627236167492,292.9125447233498,1.0819274124763586e-44,,,
A.D.3.NmC1,0,11,5.094862948100304,-55.23900301900038,268.4780060380008,2.1832588082439747e-39,,,
A.D.4,176,25,1.2551497655056754,-11.739521244724532,181.47904248944906,1.701826115083095e-20,,,
