,num_seq,t_ch_MAX,max_CL,CL@BC_t_ch_MAX,aic,PV,PV_OK,t_ch_MAX_OK,phyl_OK
B.1.6,35,7,27.519928695723596,,,,*,*,*
B.1.NmC10,223,1,18.833909215043274,12.770679184458055,98.45864163108389,3.927863545481039e-07,,,
A.1.NmC1,241,53,5.567681445301632,-175.59567711207504,475.1913542241501,6.141526190317048e-89,,,
