,num_seq,t_ch_MAX,max_CL,CL@BC_t_ch_MAX,aic,PV,PV_OK,t_ch_MAX_OK,phyl_OK
A.D.4.NmC1,2189,53,42.26016856669857,,,,*,*,*
A.D.4.NmC2,848,15,3.814681091409968,-48.874564834516804,239.7491296690336,2.6337369198438004e-40,,,
A.3,202,6,3.6015705026063083,-99.0970981077803,340.1941962155606,4.076650786449739e-62,,,
A.D.4.NmC3,1653,14,0.5784252525642014,-20.406420744178796,182.8128414883576,6.0944748829078645e-28,,,
