,num_seq,t_ch_MAX,max_CL,CL@BC_t_ch_MAX,aic,PV,PV_OK,t_ch_MAX_OK,phyl_OK
A.1,836,153,6.88904335441789,,,,*,*,*
A.1.NmC1,0,124,-0.09568053874809657,-19.426037692236363,1106.8520753844728,4.679848964876309e-09,,,
A.1.NmC2,0,124,-0.12776885329959775,-49.713126913064144,1167.4262538261282,3.276815431948928e-22,,,
