,num_seq,t_ch_MAX,max_CL,CL@BC_t_ch_MAX,aic,PV,PV_OK,t_ch_MAX_OK,phyl_OK
A.D.5,115,52,7.403158604411729,,,,*,*,*
A.D.2.2.NmC1,394,53,6.137892023931847,-3.862107976068155,29.724215952136312,1.2813644220992936e-05,*,*,
A.D.4,176,55,4.426294890809315,-16.821605914674944,55.64321182934989,3.014506161605645e-11,,,
A.D.4.NmC2,848,53,2.405536111627994,0.2440868685573762,21.511826262885247,0.0007770545532175816,*,*,
