,num_seq,t_ch_MAX,max_CL,CL@BC_t_ch_MAX,aic,PV,PV_OK,t_ch_MAX_OK,phyl_OK
A.D.4.NmC3,0,56,41.32868403892223,,,,*,*,*
A.D.4.NmC1,0,61,25.31744977402804,21.295634021185787,153.40873195762842,1.9902611015655816e-09,,,
A.D.2.2.1,40,48,24.184093909326595,19.796132806913143,156.40773438617373,4.4408727832951857e-10,,,
A.D.3.NmC2,0,19,10.75291079448434,-5.074843257849977,206.14968651569995,7.023677581512129e-21,,,
A.D.4.NmC2,0,43,8.476600331735465,6.32744245611424,183.34511508777152,6.273669859113217e-16,,,
A.2.1.1,31,3,3.827176228359737,-320.18329072606366,836.3665814521273,9.90901246535613e-158,,,
