,num_seq,t_ch_MAX,max_CL,CL@BC_t_ch_MAX,aic,PV,PV_OK,t_ch_MAX_OK,phyl_OK
A.D.4.NmC3,1653,53,38.49432506533989,,,,*,*,*
A.D.2.2.1,40,57,24.03748357845376,21.99551391160952,130.00897217678096,6.825603376334919e-08,,,
A.D.3.NmC2,401,21,15.971267975687272,-18.843145073753433,211.68629014750687,1.251856093591918e-25,,,
A.D.4.NmC2,848,56,11.01084339985623,10.372179098170959,153.25564180365808,6.101936677605367e-13,,,
A.D.4.NmC1,2189,40,5.529551292537739,-11.860338957954454,197.7206779159089,1.352388171984875e-22,,,
A.2.1.1,31,3,3.827176228359737,-305.11757816848785,784.2351563369757,5.887102546903587e-150,,,
