,num_seq,t_ch_MAX,max_CL,CL@BC_t_ch_MAX,aic,PV,PV_OK,t_ch_MAX_OK,phyl_OK
A.1.NmC2,0,1336,74.82388148543082,,,,*,*,*
A.1.NmC1,0,596,6.01040771998156,-22.350293777956267,2872.7005875559125,1.262676322464759e-38,,,
