,num_seq,t_ch_MAX,max_CL,CL@BC_t_ch_MAX,aic,PV,PV_OK,t_ch_MAX_OK,phyl_OK
A.D.4.NmC3,0,57,46.98824920016433,,,,*,*,*
A.D.2.2.1,40,32,17.06495571358286,-13.402421263095565,166.80484252619112,5.928655808500843e-27,,,
A.D.3.NmC2,0,32,16.18457208867309,-27.448441201597674,194.89688240319535,4.6894160673141104e-33,,,
A.D.4.NmC1,0,32,12.523835327999029,-1.9757486423758412,143.9514972847517,5.429635723962249e-22,,,
