,num_seq,t_ch_MAX,max_CL,CL@BC_t_ch_MAX,aic,PV,PV_OK,t_ch_MAX_OK,phyl_OK
A.D.4.NmC3,1653,59,39.69681968786976,,,,*,*,*
A.D.2.2.1,40,12,13.486035621174354,-32.71129642270355,271.4225928454071,3.588459406835796e-32,,,
A.D.3.NmC2,401,12,4.80653121417183,-40.93943718421711,287.87887436843425,9.5645480155851e-36,,,
A.2.1.1,31,3,3.827176228359737,-336.2641657736179,878.5283315472358,5.280153931696006e-164,,,
