,num_seq,t_ch_MAX,max_CL,CL@BC_t_ch_MAX,aic,PV,PV_OK,t_ch_MAX_OK,phyl_OK
A.D.2,2386,83,75.28347827594752,,,,*,*,*
A.D.2.NmC1,0,70,51.02912759266839,16.721524971932595,256.55695005613484,6.469133876015749e-24,,,
A.D.1,1413,70,35.02322376767184,-1.3102293456070413,292.6204586912141,9.56129306545401e-32,,,
A.D.2.NmC2,0,52,18.02599761552842,-31.707764330625295,353.4155286612506,5.997418848378574e-45,,,
A.D.2.1,76,91,17.25398831063303,9.306666462513922,271.38666707497214,3.895404444753592e-27,,,
A.D.4.1,103,14,6.091106150137227,-32.42840129004421,354.8568025800884,2.9192571543851294e-45,,,
