,num_seq,t_ch_MAX,max_CL,CL@BC_t_ch_MAX,aic,PV,PV_OK,t_ch_MAX_OK,phyl_OK
A.1,836,481,9.02864019508969,,,,*,*,*
A.1.NmC2,0,313,0.0,-74.04666450124199,1552.093329002484,8.336541488874502e-37,,,
A.1.NmC1,0,313,-0.5285389167167871,-37.80357488361969,1479.6071497672394,4.5689661451782664e-21,,,
