,num_seq,t_ch_MAX,max_CL,CL@BC_t_ch_MAX,aic,PV,PV_OK,t_ch_MAX_OK,phyl_OK
A.1.NmC2,0,9,2.4733604921513077,,,,*,*,*
A.1,995,10,-0.970950491765241,-1.2062807886509952,8.41256157730199,0.025222974835227212,*,*,
A.1.NmC1,0,8,-1.160516286099707,-2.987030601380816,11.974061202761632,0.004253555744815125,*,*,
