,num_seq,t_ch_MAX,max_CL,CL@BC_t_ch_MAX,aic,PV,PV_OK,t_ch_MAX_OK,phyl_OK
A.D.4.NmC1,2189,6,30.53852290478715,,,,*,*,*
A.D.4.NmC3,1653,6,15.881255356941923,15.881255356941917,66.23748928611616,4.2977672813685386e-07,,*,
A.3.1,1992,28,12.527955310154203,-127.33262121952995,352.6652424390599,2.7274617548923724e-69,,,
A.3.1.1,731,26,9.175061075053225,-59.31847021698861,216.6369404339772,9.425358028881787e-40,,,
A.3.1.NmC1,266,41,6.525319301376363,-220.7399587012323,539.4799174024646,7.42134441925175e-110,,,
