,num_seq,t_ch_MAX,max_CL,CL@BC_t_ch_MAX,aic,PV,PV_OK,t_ch_MAX_OK,phyl_OK
A.3.1,1992,5,1.6274426544593235,,,,*,*,*
A.D.2.2.NmC1,0,3,1.2772445144363795,-9.646780635543408,41.293561271086816,0.0012005205795111008,*,,
A.D,2353,3,0.7772751437821828,-10.10871923931001,42.217438478620025,0.0007540891204935341,*,,
A.D.3.6,757,3,0.6357275946951317,-11.981874219716946,45.96374843943389,0.00011622297658541522,*,,
