,num_seq,t_ch_MAX,max_CL,CL@BC_t_ch_MAX,aic,PV,PV_OK,t_ch_MAX_OK,phyl_OK
B.D.NmC1,0,56,19.067615635196837,,,,*,*,*
B.D.E.3.NmC1,0,37,17.995605664081165,-18.737497072113527,163.47499414422705,3.8150225702261546e-17,,,
B.D.E.3,125,37,14.566759861216592,-36.23415226702133,198.46830453404266,9.57951845298211e-25,,,
B.D.3,433,33,14.503762844175203,-23.24769426989038,172.49538853978078,4.175010055850514e-19,,,
