,num_seq,t_ch_MAX,max_CL,CL@BC_t_ch_MAX,aic,PV,PV_OK,t_ch_MAX_OK,phyl_OK
B.D.NmC1,1726,37,21.373620286691295,,,,*,*,*
B.D,150,23,16.680156608381743,-7.032842256385102,126.0656845127702,4.588743360513475e-13,,,
B.D.3,433,23,16.095741598944155,2.864231478153375,106.27153704369326,9.145535502100315e-09,,,
B.D.E.3.NmC1,1318,35,13.610065205748093,3.1172940758243968,105.7654118483512,1.1743100033916888e-08,,,
B.D.E.3,125,28,5.329893118785711,-15.854021731297749,143.7080434625955,6.779793070414926e-17,,,
B,21,10,0.01868754738004652,-118.9513845949004,349.9027691898008,1.1418967237923507e-61,,,
