,num_seq,t_ch_MAX,max_CL,CL@BC_t_ch_MAX,aic,PV,PV_OK,t_ch_MAX_OK,phyl_OK
A.1.NmC1,0,312,26.84111990594842,,,,*,*,*
A.1.NmC2,0,239,13.077560207714104,4.907163750128247,1450.1856724997435,4.2053666687732703e-16,,,
