,num_seq,t_ch_MAX,max_CL,CL@BC_t_ch_MAX,aic,PV,PV_OK,t_ch_MAX_OK,phyl_OK
A.D.4.NmC3,1653,54,39.94404823605265,,,,*,*,*
A.D.2.2.1,40,58,31.69865233849471,29.396650139373424,141.20669972125316,2.6193480867752936e-05,*,,
A.D.4.NmC1,2189,58,26.45702840831438,23.336318275000735,153.32736344999853,6.114608498515972e-08,,,
A.D.3.NmC2,401,36,9.201158511682113,-28.322515308725666,256.6450306174513,2.2424136090613853e-30,,,
A.2.1.1,31,3,3.827176228359737,-298.4119425128078,796.8238850256156,1.1331582776478052e-147,,,
