,num_seq,t_ch_MAX,max_CL,CL@BC_t_ch_MAX,aic,PV,PV_OK,t_ch_MAX_OK,phyl_OK
A.D.3.6,757,22,14.8107155079146,,,,*,*,*
A.D.2.2.NmC1,394,13,5.023955651616543,-38.54666955327357,169.09333910654715,1.260100275991072e-14,,,
A.D.NmC2,637,6,1.4501509430066848,-88.88802143035826,269.77604286071653,1.7212716478239023e-36,,,
A.D.NmC1,515,6,1.447081620239357,-105.60437185714767,303.20874371429534,9.47582758993187e-44,,,
A.3.1.1,731,9,1.2013703055747575,-39.64607545687117,171.29215091374235,4.194509444373997e-15,,,
A.D,2353,6,1.1224564193330504,-67.18610532251165,226.3722106450233,4.594213196740083e-27,,,
A.3.1.NmC2,67,3,0.7842629544639835,-133.98951925267886,359.9790385053577,4.4582896577191885e-56,,,
A.3.1,1992,3,0.6250728530767242,-61.62562226935146,215.2512445387029,1.193681503449342e-24,,,
A.D.5,115,8,0.3239855826374055,-65.00394366680146,222.00788733360292,4.0641816956220143e-26,,,
