,num_seq,t_ch_MAX,max_CL,CL@BC_t_ch_MAX,aic,PV,PV_OK,t_ch_MAX_OK,phyl_OK
A.1,836,464,23.150342235173298,,,,*,*,*
A.1.NmC1,0,514,6.582846269437928,-67.95240117341919,1987.9048023468383,7.285008648178405e-39,,,
