,num_seq,t_ch_MAX,max_CL,CL@BC_t_ch_MAX,aic,PV,PV_OK,t_ch_MAX_OK,phyl_OK
A.1.NmC1,0,968,2.9101267554631587,,,,*,*,*
A.1,836,961,0.3275640483347031,-0.8069109192828389,153.61382183856568,32208.96149144578,*,,
