,num_seq,t_ch_MAX,max_CL,CL@BC_t_ch_MAX,aic,PV,PV_OK,t_ch_MAX_OK,phyl_OK
A.D.5.NmC1,425,52,14.471674675518557,,,,*,*,*
A.2.1.1,31,73,1.8146590836924574,-82.90302311251322,237.80604622502645,5.135406478878559e-43,,,
