,num_seq,t_ch_MAX,max_CL,CL@BC_t_ch_MAX,aic,PV,PV_OK,t_ch_MAX_OK,phyl_OK
A.D.3.6,757,15,2.3275792046383144,,,,*,*,*
A.D.4.NmC3,1653,13,2.302537819030749,2.302537819030749,11.394924361938502,1.7074482422542119,*,,
A.D,2353,13,2.1924733339604896,2.1924733339604896,11.615053332079022,1.521961555618635,*,,
A.D.3,128,13,2.157343091290771,2.157343091290771,11.685313817418457,1.4696143214411452,*,,
A.D.NmC2,637,16,2.0308974611657358,-10.148146039577636,36.29629207915527,6.655945783409185e-06,,*,
A.D.NmC1,515,16,1.9771292839043746,-9.408842958051682,34.817685916103365,1.3950433149996304e-05,*,*,
A.D.3.NmC2,401,16,1.7908366293282918,-8.65605474235458,33.31210948470916,2.968110232572986e-05,*,*,
A.D.3.NmC1,397,16,1.0684448744203514,-1.3295093767129145,18.65901875342583,0.04504920239355782,*,*,
