,num_seq,t_ch_MAX,max_CL,CL@BC_t_ch_MAX,aic,PV,PV_OK,t_ch_MAX_OK,phyl_OK
A.D.4,176,43,9.648912583462415,,,,*,*,*
A.D.5,115,42,9.299292478144626,8.896887614518938,16.206224770962123,0.4700106147305376,*,*,
A.D.4.NmC2,848,41,7.719658283967369,5.175595728092024,23.648808543815953,0.011390222124513377,*,,
A.D.2.2.NmC1,394,44,7.517352906761289,5.92357166771941,22.152856664561178,0.024113100426816875,*,*,
