,num_seq,t_ch_MAX,max_CL,CL@BC_t_ch_MAX,aic,PV,PV_OK,t_ch_MAX_OK,phyl_OK
B.D.2,1269,22,14.182436867743416,,,,*,*,*
B.D.4.1.1,260,25,10.03342217390395,7.836604073567479,56.32679185286504,0.0017555027427177288,*,,
B.D.4.1,218,24,5.160122742323017,4.854012666589999,62.29197466682,8.916695916023522e-05,*,,
B.D.4,1413,7,1.5031426487759076,-5.379529106160017,82.75905821232003,3.2003681080211303e-09,,,
B.D.E.2,853,9,1.0844882893449204,-5.3919516249745705,82.78390324994913,3.168523913282466e-09,,,
B.D.4.NmC1,1212,7,1.0641647097753442,-46.76141397628874,165.52282795257747,3.4205368445257175e-27,,,
B.D.1,334,5,0.13133448732816078,-28.521963796956236,129.04392759391249,2.855128260269702e-19,,,
