,num_seq,t_ch_MAX,max_CL,CL@BC_t_ch_MAX,aic,PV,PV_OK,t_ch_MAX_OK,phyl_OK
B.D.4,1413,11,2.8515353216827775,,,,*,*,*
B.D.2,1269,13,1.210103997374477,-14.601360092503144,53.202720185006285,2.639740835458239e-08,,,
B.D.E.3,125,13,0.36693883452166454,-1.2830907221542744,26.566181444308548,0.016002665129819207,*,,
