,num_seq,t_ch_MAX,max_CL,CL@BC_t_ch_MAX,aic,PV,PV_OK,t_ch_MAX_OK,phyl_OK
B.D.4.NmC1,1212,6,13.107755559814148,,,,*,*,*
B.D.NmC1,1726,1,6.867723815022548,5.73353954521085,42.5329209095783,0.0006267266984484576,*,,
B.D.1.1,115,21,5.114487321656981,-69.94413227829251,193.88826455658503,8.504950798137894e-37,,,
B.D.4.1,218,24,0.3017632896672511,-25.50277385754121,105.00554771508243,1.697143563187678e-17,,,
B.D,150,23,0.035783217761530095,-40.53604567816236,135.07209135632473,5.038166528434818e-24,,,
