,num_seq,t_ch_MAX,max_CL,CL@BC_t_ch_MAX,aic,PV,PV_OK,t_ch_MAX_OK,phyl_OK
A.D.5.NmC1,0,41,11.484606672664652,,,,*,*,*
A.2.1.1,31,60,2.1824790643688528,-75.08295592456767,218.16591184913534,2.5300360047730063e-38,,,
