,num_seq,t_ch_MAX,max_CL,CL@BC_t_ch_MAX,aic,PV,PV_OK,t_ch_MAX_OK,phyl_OK
B.D.4.NmC1,1212,20,9.888407389062385,,,,*,*,*
B.D.1.1,115,3,3.1592576530116774,-30.80654229827477,113.61308459654954,2.1202450548049524e-18,,,
B.D.1,334,5,2.429626043920857,-4.507079560039957,61.01415912007991,5.601843001222524e-07,,,
