,num_seq,t_ch_MAX,max_CL,CL@BC_t_ch_MAX,aic,PV,PV_OK,t_ch_MAX_OK,phyl_OK
A.3.1.1,731,21,50.647328063959,,,,*,*,*
A.2.1.1,31,71,20.770456369723377,-72.94003452972731,315.8800690594546,2.409103411121046e-50,,,
A.3,202,9,20.438993811773457,19.734073949917487,130.53185210016503,4.266743670808971e-10,,,
