,num_seq,t_ch_MAX,max_CL,CL@BC_t_ch_MAX,aic,PV,PV_OK,t_ch_MAX_OK,phyl_OK
F.6,33,4,0.1730466081889053,,,,*,*,*
B.1.6,35,4,0.17074955270171144,-0.3804506332152563,34.760901266430515,0.9656054162575664,*,*,
B.1.10,103,4,0.17032913713776682,-0.5012927916120852,35.00258558322417,0.8564151774836125,*,*,
B.1.17.NmC6,0,4,0.12138411228147053,-0.2306099136695195,34.461219827339036,1.1218734375719366,*,*,
B.1.9,21,5,0.094235333721789,-4.654952022500809,43.309904045001616,0.013433549594245277,*,*,
B.1.22.NmC1,0,4,0.06892493598252043,-4.941652475819053,43.88330495163811,0.010102220780978806,*,*,
B.1.5,25,4,0.009447363131832393,-0.5299183651381324,35.05983673027627,0.8311042838521238,*,*,
B.1.2,132,4,0.005291275193022027,-0.3559388566514959,34.71187771330299,0.9900498337491666,*,*,
