,num_seq,t_ch_MAX,max_CL,CL@BC_t_ch_MAX,aic,PV,PV_OK,t_ch_MAX_OK,phyl_OK
B.D.NmC1,1726,47,32.59000795059789,,,,*,*,*
B.D.3,433,27,14.470532039093346,-18.85616902210352,169.71233804420703,4.546952093152086e-23,,,
B.D.E.3.NmC1,1318,27,12.272679225153507,-27.63785962778265,187.2757192555653,6.957342041644455e-27,,,
B.D,150,27,7.481169596705931,-18.910791106611562,169.8215822132231,4.3036226246244867e-23,,,
B.D.E.3,125,7,0.47049955063981064,-89.1571387470227,310.3142774940454,1.339116313236561e-53,,,
