,num_seq,t_ch_MAX,max_CL,CL@BC_t_ch_MAX,aic,PV,PV_OK,t_ch_MAX_OK,phyl_OK
B.D.E.3.NmC1,0,44,27.945773283807487,,,,*,*,*
B.D.E.3,125,5,6.011569514596091,-12.262381934925198,118.5247638698504,3.844069895260145e-18,,,
B.D.NmC1,0,13,3.3048893244402544,-8.27118036519135,110.5423607303827,2.077907728931805e-16,,,
