,num_seq,t_ch_MAX,max_CL,CL@BC_t_ch_MAX,aic,PV,PV_OK,t_ch_MAX_OK,phyl_OK
A.3.1.1,731,16,39.8063246034504,,,,*,*,*
A.3,202,9,38.03263338302721,31.446843497938023,57.106313004123955,0.00023404433376915794,*,,
A.2.1.1,31,1,25.17190473968997,0.05281990037841311,119.89436019924318,5.454994842887922e-18,,,
