,num_seq,t_ch_MAX,max_CL,CL@BC_t_ch_MAX,aic,PV,PV_OK,t_ch_MAX_OK,phyl_OK
B.D.4.1,218,60,4.134221487635994,,,,*,*,*
B.D.4.NmC1,0,66,2.213422104947448,-20.38429465196695,68.76858930393391,2.244395057926028e-11,,,
B.D.1.1,115,66,2.154304173590048,-55.97666247953649,139.95332495907297,7.84438124731504e-27,,,
B.D.NmC1,0,66,0.9832946638407384,-11.946914865806509,51.89382973161302,1.0388305932682435e-07,,,
B.D.2,1269,61,0.5077237174890219,0.2563160582028061,27.487367883594388,0.020650825181712584,*,*,
