,num_seq,t_ch_MAX,max_CL,CL@BC_t_ch_MAX,aic,PV,PV_OK,t_ch_MAX_OK,phyl_OK
C.1.1,90,19,12.284960865281112,,,,*,*,*
E.3,17,19,12.26779211495385,-9.339048025188132,124.67809605037627,0.002879899158088238,*,*,
C.1.1.NmC1,0,19,12.22966861802117,0.0901387420323827,105.81972251593524,35.873540847062955,*,*,
E.2,69,19,11.923293635175568,-9.336375868637662,124.67275173727532,0.002894334712691134,*,*,
E.1,76,24,4.16699765065597,-64.56462068909896,235.12924137819792,2.988577467577327e-27,,,
C.1.NmC1,0,19,3.8328140572759923,-29.424735912740694,164.84947182548137,5.4522104626800666e-12,,*,
B.1.17.NmC5,0,20,-0.33443638155614636,-11.223310404895926,128.44662080979185,0.0004372523804241502,*,*,
