,num_seq,t_ch_MAX,max_CL,CL@BC_t_ch_MAX,aic,PV,PV_OK,t_ch_MAX_OK,phyl_OK
A.3.1.1,731,27,12.573256261621953,,,,*,*,*
A.D.2.1,76,6,3.2330502397875716,-1.8155441553150946,99.63108831063019,0.0013267804310269915,*,,
A.D.5.NmC1,425,6,1.9425624007010778,-35.219382542735545,166.4387650854711,4.122796411979517e-18,,,
A.D.5,115,4,0.9848861119078991,-212.50819042221045,521.0163808444208,4.160286052104869e-95,,,
A.D.NmC2,637,21,0.015300743948018503,-176.65809366469733,449.31618732939467,1.5437620801001304e-79,,,
