,num_seq,t_ch_MAX,max_CL,CL@BC_t_ch_MAX,aic,PV,PV_OK,t_ch_MAX_OK,phyl_OK
A.D.NmC2,0,7,2.589661505120652,,,,*,*,*
A.D.NmC1,0,4,1.654385073239892,-9.074317996297927,38.14863599259586,8.589242584100285e-06,,,
A.D,2353,4,1.4683379407691004,0.18121074823204963,19.637578503535902,0.08981529457224763,*,,
A.D.2.2.NmC1,0,4,1.2751886883438779,-9.763406945770933,39.52681389154186,4.308158531587784e-06,,,
A.3.1.NmC2,0,3,0.7842629544639835,-17.807822626371127,55.615645252742254,1.3816325910795407e-09,,,
A.3.1,1992,3,0.6250728530767242,-4.60150432308764,29.203008646175277,0.0007540891204935341,*,,
A.3.1.1,731,3,0.5252628294081298,-0.6776041540671394,21.35520830813428,0.038006427075174334,*,,
A.D.3.6,757,3,0.5207514923468091,-2.080032747260514,24.160065494521028,0.009372269527006058,*,,
