,num_seq,t_ch_MAX,max_CL,CL@BC_t_ch_MAX,aic,PV,PV_OK,t_ch_MAX_OK,phyl_OK
A.1.NmC5,0,24,9.773279211239128,,,,*,*,*
A.1.NmC4,0,146,1.6585092538685424,-68.2285367270376,446.4570734540752,1.4592070354908481e-34,,,
A.1.NmC13,0,146,1.2175207552653475,-62.49525006891506,434.9905001378301,4.5164350450750156e-32,,,
A.1,3213,133,-0.5699121145079763,-62.931858364026866,435.86371672805376,2.923328825830041e-32,,,
