,num_seq,t_ch_MAX,max_CL,CL@BC_t_ch_MAX,aic,PV,PV_OK,t_ch_MAX_OK,phyl_OK
B.D.E.3,125,42,26.13348765333546,,,,*,*,*
B.D.E.3.NmC1,0,55,24.96061169538427,19.592653059597545,48.81469388080491,0.0014444884990205394,*,,
B.D.NmC1,0,46,13.088001574552843,12.068358139536663,63.863283720926674,7.791985075358407e-07,,,
B.D.3,433,34,1.0967334452304993,-2.154863873585594,92.3097277471712,5.173793691684676e-13,,,
