,num_seq,t_ch_MAX,max_CL,CL@BC_t_ch_MAX,aic,PV,PV_OK,t_ch_MAX_OK,phyl_OK
A.D.4,176,41,40.131348940826896,,,,*,*,*
A.D.4.NmC3,0,48,18.69753571055808,14.660856705143852,92.6782865897123,8.679996417385311e-12,,,
A.D.4.NmC2,0,20,16.594282871794512,5.45424339595869,111.09151320808262,8.726474822530325e-16,,,
A.D.4.NmC1,0,27,15.497134155801547,-2.2210022851100484,126.44200457022009,4.0516198612202633e-19,,,
A.D.3.NmC1,0,20,11.359364846206006,-25.184102556696583,172.36820511339317,4.3058204344376387e-29,,,
A.D.2.2.1,40,20,0.9139827192726488,-4.532240282086933,131.06448056417386,4.021688582686403e-20,,,
A.3,202,5,0.5927232869744894,-66.57829755440315,255.1565951088063,4.533523132769469e-47,,,
