,num_seq,t_ch_MAX,max_CL,CL@BC_t_ch_MAX,aic,PV,PV_OK,t_ch_MAX_OK,phyl_OK
B.D.4.1.2,1305,361,97.83633775844866,,,,*,*,*
B.D.E.4,1372,21,20.35296601087154,-263.67418374929395,1817.3483674985878,4.327580760803091e-147,,,
B.D.E.1,1124,30,10.414913263182825,-510.8121933387183,2311.6243866774366,2.0271150416314557e-254,,,
B.D.E.1.2,165,3,2.7737833318407206,-1127.3976998466048,3544.7953996932097,0.0,,,
