,num_seq,t_ch_MAX,max_CL,CL@BC_t_ch_MAX,aic,PV,PV_OK,t_ch_MAX_OK,phyl_OK
A.D.4.NmC3,0,54,38.159662072118344,,,,*,*,*
A.D.2.2.1,40,42,36.868965839829706,29.396650139373424,141.20669972125316,0.00015610214333684912,*,,
A.D.4.NmC1,0,58,28.161776500552804,25.04106636723916,149.9178672655217,2.0047323447642898e-06,,,
A.D.3.NmC2,0,35,19.201158511682117,-28.32251530872566,256.6450306174513,1.3363843178748485e-29,,,
A.2.1.1,31,3,3.827176228359737,-298.41194251280785,796.8238850256157,6.753147348906867e-147,,,
