,num_seq,t_ch_MAX,max_CL,CL@BC_t_ch_MAX,aic,PV,PV_OK,t_ch_MAX_OK,phyl_OK
A.D.4.NmC3,1653,48,32.87356917183293,,,,*,*,*
A.D.2.2.1,40,36,25.611166019387795,6.118361562748884,109.76327687450222,2.4013260747930837e-12,,,
A.D.3.NmC2,401,32,21.53248801393851,1.801724948584721,118.39655010283056,3.193735714218163e-14,,,
A.D.4.NmC1,2189,37,19.850936588715406,10.627521729669088,100.74495654066183,2.183329335569402e-10,,,
A.D.4.NmC2,848,43,14.904037618889232,14.398824484975279,93.20235103004944,9.471296813501711e-09,,,
