,num_seq,t_ch_MAX,max_CL,CL@BC_t_ch_MAX,aic,PV,PV_OK,t_ch_MAX_OK,phyl_OK
A.D.5.NmC1,425,49,17.285349962099843,,,,*,*,*
A.2.1.1,31,62,2.6690118862762557,-76.27605418565031,208.55210837130062,2.3302808871948076e-41,,,
A.D.2.2.NmC1,394,55,0.36725438100363395,-6.400805120241253,68.8016102404825,5.172913259413839e-11,,,
