,num_seq,t_ch_MAX,max_CL,CL@BC_t_ch_MAX,aic,PV,PV_OK,t_ch_MAX_OK,phyl_OK
A.D.4.NmC3,1653,57,40.96219346308054,,,,*,*,*
A.D.4.NmC1,2189,63,25.327529409587314,20.513143401185342,160.9737131976293,1.3208372778905797e-09,,,
A.D.2.2.1,40,47,12.092314917523233,-0.7183124460028809,203.43662489200577,7.917826741826402e-19,,,
A.D.3.NmC2,401,36,5.5180770649958815,-28.85546167475563,259.7109233495113,4.783334430046071e-31,,,
A.2.1.1,31,3,3.827176228359737,-330.18329072606366,862.3665814521273,6.51290155981757e-162,,,
