,num_seq,t_ch_MAX,max_CL,CL@BC_t_ch_MAX,aic,PV,PV_OK,t_ch_MAX_OK,phyl_OK
B.D.E.3.NmC1,0,67,37.57197070944254,,,,*,*,*
B.D.E.3,125,62,17.271671893314767,15.897887759187421,106.20422448162516,3.880061212547312e-10,,,
B.D.NmC1,0,23,1.230180704022783,-43.89410922695291,225.7882184539058,4.17061433618389e-36,,,
