,num_seq,t_ch_MAX,max_CL,CL@BC_t_ch_MAX,aic,PV,PV_OK,t_ch_MAX_OK,phyl_OK
B.D.4,1413,38,1.7959222520295905,,,,*,*,*
B.D.NmC1,0,40,1.3835275713923656,-0.4288790171850546,12.857758034370109,0.10806741863482931,*,,
B.D.3,433,40,1.1957652965967165,-2.388414393919209,16.77682878783842,0.015222205941915557,*,,
B.D,150,40,0.5281134512903305,-1.891372816440563,15.782745632881126,0.02509717472341408,*,,
