,num_seq,t_ch_MAX,max_CL,CL@BC_t_ch_MAX,aic,PV,PV_OK,t_ch_MAX_OK,phyl_OK
B.D.1,334,3,1.892834035634464,,,,*,*,*
B.D.4.1,218,3,0.25227408505373505,-37.2570475434841,104.5140950869682,4.777639427478893e-17,,*,
