,num_seq,t_ch_MAX,max_CL,CL@BC_t_ch_MAX,aic,PV,PV_OK,t_ch_MAX_OK,phyl_OK
B.D.4.1,218,26,2.917888787769306,,,,*,*,*
B.D.4,1413,16,2.250369343625448,2.250369343625449,45.4992613127491,1.3208799458143923e+20,*,,
B.D.4.NmC1,1212,31,2.213422104947448,-37.68311030598642,125.36622061197284,598.8433232229117,*,,
B.D.1.1,115,31,2.154304173590048,-104.29979697814476,258.5995939562895,7.027264491624625e-27,,,
B.D.NmC1,1726,31,0.9832946638407384,-30.735879446662594,111.47175889332519,624683.2498425716,*,,
B.D.2,1269,26,0.7386076507556223,-34.388511209870124,118.77702241974025,16155.24429357937,*,*,
B.D.E.3.NmC1,1318,17,0.3850949667164702,-9.614905033283529,69.22981006656705,928879372776497.4,*,,
