,num_seq,t_ch_MAX,max_CL,CL@BC_t_ch_MAX,aic,PV,PV_OK,t_ch_MAX_OK,phyl_OK
B.D.E.3.NmC1,1318,65,38.75994966620322,,,,*,*,*
B.D.E.3,125,51,23.87984648954417,17.407421656647173,97.18515668670565,5.316690003576056e-10,,,
B.D.NmC1,1726,49,0.9064757057922874,-41.58586890610338,215.17173781220674,1.2782324878567309e-35,,,
