,num_seq,t_ch_MAX,max_CL,CL@BC_t_ch_MAX,aic,PV,PV_OK,t_ch_MAX_OK,phyl_OK
A.D.4.NmC1,0,53,38.76571260154548,,,,*,*,*
A.D.4.NmC2,0,13,8.421606428719674,-63.254162915993845,314.5083258319877,3.475779000737212e-39,,,
A.D.3.NmC1,0,10,5.618920512054536,-159.82671551274802,507.65343102549605,3.992399914911601e-81,,,
A.D.4.NmC3,0,13,4.243591417556659,-39.58976878889515,267.1795375777903,6.586141685306601e-29,,,
A.D.4,176,13,1.9255875329563512,-266.9331825591258,721.8663651182516,1.2132549754763848e-127,,,
