,num_seq,t_ch_MAX,max_CL,CL@BC_t_ch_MAX,aic,PV,PV_OK,t_ch_MAX_OK,phyl_OK
F.2,70,56,56.81576204512997,,,,*,*,*
F.2.NmC2,0,34,19.250441420529626,6.164833661038833,115.67033267792233,2.0074636224827747e-22,,,
B.1.17.NmC5,0,55,11.826047124401281,11.44118884070378,105.11762231859244,3.922392737785203e-20,,*,
B.1.17.NmC1,0,5,1.2399784466391908,-83.75612082513001,295.51224165026,1.7819186421313937e-61,,,
