,num_seq,t_ch_MAX,max_CL,CL@BC_t_ch_MAX,aic,PV,PV_OK,t_ch_MAX_OK,phyl_OK
B.D.4,1413,17,8.75977850867621,,,,*,*,*
B.D.2,1269,9,4.355004297600854,-40.09562512289146,132.19125024578292,7.29268685891825e-22,,,
