,num_seq,t_ch_MAX,max_CL,CL@BC_t_ch_MAX,aic,PV,PV_OK,t_ch_MAX_OK,phyl_OK
A.D.4.NmC3,1653,56,36.540964237446815,,,,*,*,*
A.D.4.NmC1,2189,62,33.253108816187535,28.6115321134095,142.776935773181,0.00035978641293048306,*,,
A.D.2.2.1,40,19,18.74376601786021,3.1001345794638464,193.79973084107232,3.0004923591262103e-15,,,
A.D.3.NmC2,401,19,10.75291079448434,-30.065763056227965,260.13152611245596,1.1852665628315158e-29,,,
A.2.1.1,31,3,3.827176228359737,-306.31233569290447,812.6246713858089,1.2651350256314055e-149,,,
