,num_seq,t_ch_MAX,max_CL,CL@BC_t_ch_MAX,aic,PV,PV_OK,t_ch_MAX_OK,phyl_OK
B.D.4.1,218,52,3.937801268632073,,,,*,*,*
B.D.E.3.NmC1,0,45,2.526646789281476,-0.1308387495099521,42.2616774990199,208.51271028909628,*,,
B.D.1.1,115,62,1.9058775132853207,-102.70169166970763,247.40338333941526,5.936733098994359e-43,,,
B.D.4.NmC1,0,62,1.140626001144824,-35.207403824075975,112.41480764815195,1.2197015637241432e-13,,,
