,num_seq,t_ch_MAX,max_CL,CL@BC_t_ch_MAX,aic,PV,PV_OK,t_ch_MAX_OK,phyl_OK
A.1.NmC7,0,99,16.920579728328594,,,,*,*,*
A.1.NmC1,0,14,1.1002790205788189,-107.15335006289399,442.306700125788,1.3029032213613221e-54,,,
A.1.NmC13,0,15,-9.978004302698972,-59.19333062595481,346.38666125190963,8.78365986402047e-34,,,
