,num_seq,t_ch_MAX,max_CL,CL@BC_t_ch_MAX,aic,PV,PV_OK,t_ch_MAX_OK,phyl_OK
A.D.NmC1,515,15,13.201120484471554,,,,*,*,*
A.D.2.2.NmC1,394,19,7.5520629349122155,2.2807793973509716,27.438441205298055,1.8092736474249728e-05,*,,
A.D.NmC2,637,11,5.856754644657033,4.177732712221657,23.644534575556683,0.00012096612623880994,*,,
A.D,2353,11,4.947703787749407,2.7876832100827427,26.424633579834513,3.01296747430444e-05,*,,
A.3.1,1992,4,1.5891727777585922,-22.172287508150113,76.34457501630023,4.355160604910477e-16,,,
