,num_seq,t_ch_MAX,max_CL,CL@BC_t_ch_MAX,aic,PV,PV_OK,t_ch_MAX_OK,phyl_OK
B.D.1.NmC1,605,244,140.3562040551282,,,,*,*,*
B.D.E.5,276,5,4.946019606160557,-1094.52795493941,3531.05590987882,0.0,,,
B.D.E.1,1124,8,3.8770296315644814,-1056.4512684234237,3454.9025368468474,0.0,,,
B.D.4.1.2,1305,5,1.706806645448814,-413.2735948398465,2168.547189679693,3.643728284947963e-241,,,
