,num_seq,t_ch_MAX,max_CL,CL@BC_t_ch_MAX,aic,PV,PV_OK,t_ch_MAX_OK,phyl_OK
A.D.4.NmC1,0,53,37.44443256686936,,,,*,*,*
A.D.4.NmC2,0,29,15.176207973093257,-15.274285600666039,166.54857120133207,1.2705592258458437e-23,,,
A.D.4.NmC3,0,48,15.009552974603176,12.737726498610447,110.5245470027791,1.8653263472988574e-11,,,
