,num_seq,t_ch_MAX,max_CL,CL@BC_t_ch_MAX,aic,PV,PV_OK,t_ch_MAX_OK,phyl_OK
A.3.1.1,731,18,6.593667824299029,,,,*,*,*
A.D.NmC2,0,16,5.689651193796187,-8.631830157640765,71.26366031528153,2.4426796427683665e-07,,,
A.D,2353,16,5.3766610763586185,-9.239896096555054,72.47979219311011,1.3272321067687812e-07,,,
A.3.1.NmC1,0,4,1.4416171616853088,-0.19814749846927338,54.39629499693854,0.0011193579690060597,*,,
A.D.NmC1,0,7,1.3002078026608999,-19.250620514821996,92.50124102964399,5.9656684776129936e-12,,,
A.D.2.2.NmC1,0,7,0.7030848610829357,-17.581816373615506,89.16363274723102,3.1690631975434596e-11,,,
A.D.3.6,757,3,0.6774439107029626,-17.93644988641152,89.87289977282305,2.2220629539671072e-11,,,
