,num_seq,t_ch_MAX,max_CL,CL@BC_t_ch_MAX,aic,PV,PV_OK,t_ch_MAX_OK,phyl_OK
B.D.1,334,21,15.050281646848587,,,,*,*,*
B.D.4.1.1,260,5,3.17596249527782,-64.9770373175393,197.9540746350786,1.760289448303741e-35,,,
