,num_seq,t_ch_MAX,max_CL,CL@BC_t_ch_MAX,aic,PV,PV_OK,t_ch_MAX_OK,phyl_OK
A.D.4.NmC1,2189,13,33.21526395776526,,,,*,*,*
A.D.4.NmC3,1653,1,20.43207827548469,7.875016892759254,96.24996621448149,9.885026287274447e-12,,,
A.3.1,1992,45,10.426702465805263,-181.77487264373858,475.54974528747715,4.275917680426931e-94,,,
A.3.1.1,731,45,7.709457923160479,-90.72752067787918,293.45504135575834,1.4837831692113706e-54,,,
A.3.1.NmC1,266,51,6.767063875860596,-290.73995870123235,693.4799174024647,2.032970679297905e-141,,,
