,num_seq,t_ch_MAX,max_CL,CL@BC_t_ch_MAX,aic,PV,PV_OK,t_ch_MAX_OK,phyl_OK
A.1.NmC1,0,388,32.74605971561909,,,,*,*,*
A.1.NmC2,0,43,-0.9026767087402384,-33.838171805059154,2419.6763436101182,1.5804711136804521e-32,,,
