,num_seq,t_ch_MAX,max_CL,CL@BC_t_ch_MAX,aic,PV,PV_OK,t_ch_MAX_OK,phyl_OK
A.D.4.NmC1,2189,43,10.06814158159772,,,,*,*,*
A.3.1,1992,48,9.451212420921678,7.742140981817042,30.515718036365918,0.09729574708953276,*,,
A.3.1.NmC1,266,50,8.820346635589422,-7.449885515093578,60.89977103018715,2.4612780411346347e-08,,,
A.3.1.1,731,48,8.259245618907629,5.4421980570466735,35.11560388590665,0.009754759102342912,*,,
A.D.4.NmC3,1653,47,1.5770841002522014,0.7270632385477381,44.54587352290452,8.740133507166024e-05,*,,
