,num_seq,t_ch_MAX,max_CL,CL@BC_t_ch_MAX,aic,PV,PV_OK,t_ch_MAX_OK,phyl_OK
A.1,836,289,10.431053012742433,,,,*,*,*
A.1.NmC2,0,280,-0.13791694564176282,-61.5694420174201,1427.1388840348402,8.005572669098283e-31,,,
A.1.NmC1,0,280,-0.16494682103647662,-41.476175595059416,1386.9523511901189,4.27110273591075e-22,,,
