,num_seq,t_ch_MAX,max_CL,CL@BC_t_ch_MAX,aic,PV,PV_OK,t_ch_MAX_OK,phyl_OK
B.D.4.NmC1,0,20,10.166584972623625,,,,*,*,*
B.D.1,334,4,2.2088493781216814,-2.441023267104347,44.8820465342087,3.3551972379963205e-06,,,
