,num_seq,t_ch_MAX,max_CL,CL@BC_t_ch_MAX,aic,PV,PV_OK,t_ch_MAX_OK,phyl_OK
A.D.2.1,76,18,108.41291863385575,,,,*,*,*
A.D.2.2.1,40,21,56.289999085667255,27.325727771573867,215.34854445685227,2.2598717611121347e-33,,,
A.D.2,2386,36,14.114801092255824,-58.30011950832908,386.6002390166582,1.4710206941204313e-70,,,
A.D.1,1413,36,7.056153071067625,-105.37395570664643,480.74791141329285,5.28696026942727e-91,,,
