,num_seq,t_ch_MAX,max_CL,CL@BC_t_ch_MAX,aic,PV,PV_OK,t_ch_MAX_OK,phyl_OK
B.D.2,1269,22,12.85650054847412,,,,*,*,*
B.D.4.1.1,260,17,3.7812669029565447,-4.3611030922094445,72.7222061844189,3.339031329953426e-08,,,
B.D.E.2,853,9,2.8120752566982263,1.9671214091892009,60.0657571816216,1.864374233151682e-05,*,,
B.D.4,1413,7,1.4468551110565326,-11.809987505590069,87.61997501118014,1.941451759653575e-11,,,
B.D.4.NmC1,0,7,1.0413451303892793,-33.51590016294939,131.03180032589879,7.273858931668008e-21,,,
