,num_seq,t_ch_MAX,max_CL,CL@BC_t_ch_MAX,aic,PV,PV_OK,t_ch_MAX_OK,phyl_OK
B.D.4.1.2,1305,487,8.052517819682249,,,,*,*,*
B.D.E.6,17,487,7.454190133437821,0.2558800493541846,25.48823990129163,0.0015569912592293758,*,*,
B.D.E.1.7,29,487,7.454190133437821,-2.223262895717067,30.446525791434134,0.0001303874702667227,*,*,
B.D.E.1.2,165,487,7.411369506845208,1.6076236480917592,22.78475270381648,0.006036082923599565,*,*,
B.D.E.1.8,76,487,7.387963999687717,1.4855700075390565,23.028859984921887,0.005326824483820385,*,*,
B.D.E.1.1,68,487,7.349809355016789,-1.4606167131633245,28.921233426326648,0.000280201940128712,*,*,
B.D.E.1,1124,487,7.22279284649459,1.568291976573943,22.863416046852116,0.0057994047268421466,*,*,
B.D.E.4,1372,487,7.220512842192546,4.076333795436179,17.84733240912764,0.07100535373963694,*,*,
B.D.E.7,23,487,6.9017509140703215,1.0712652881918587,23.857469423616283,0.0035175167749121315,*,*,
