,num_seq,t_ch_MAX,max_CL,CL@BC_t_ch_MAX,aic,PV,PV_OK,t_ch_MAX_OK,phyl_OK
B.D.E.5,276,486,701.0223932469955,,,,*,*,*
B.D.4.1.2,1305,492,657.1440904409009,649.0915726212187,261.8168547575626,2.799545657575279e-23,,,
B.D.E.4,1372,122,34.11991656203526,-68.52417099926325,1697.0483419985264,0.0,,,
B.D.E.1,1124,26,18.99802302820891,-364.62961669656477,2289.2592333931298,0.0,,,
B.D.E.1.2,165,4,2.7440172247567363,-909.8085468154527,3379.6170936309054,0.0,,,
B.D.E.1.1,68,4,2.4683754787259433,-1530.9778060235733,4621.955612047146,0.0,,,
B.D.E.6,17,4,-1.6489879045507185,-1332.6720374385104,4225.344074877021,0.0,,,
