,num_seq,t_ch_MAX,max_CL,CL@BC_t_ch_MAX,aic,PV,PV_OK,t_ch_MAX_OK,phyl_OK
A.1.NmC2,0,1172,151.81746173847927,,,,*,*,*
A.1.NmC1,0,687,28.31651951062814,16.88980472208695,2350.2203905558263,2.528232612901755e-59,,,
