,num_seq,t_ch_MAX,max_CL,CL@BC_t_ch_MAX,aic,PV,PV_OK,t_ch_MAX_OK,phyl_OK
B.D.4,1413,7,6.619997605868497,,,,*,*,*
B.D.4.NmC1,1212,26,2.213422104947448,-28.81047033920827,123.62094067841653,4.1015357957680005e-16,,,
B.D.1.1,115,26,2.154304173590048,-107.12403162396967,280.24806324793934,3.9918494695203996e-50,,,
B.D.4.1,218,24,2.085809050992661,-5.42068961668469,76.84137923336938,5.9032943409869705e-06,,,
B.D.2,1269,20,1.300365018347849,-41.33409949276296,148.66819898552592,1.4907613354882725e-21,,,
B.D.NmC1,1726,26,0.9832946638407384,-16.162532657732378,98.32506531546476,1.2723313546599296e-10,,,
