,num_seq,t_ch_MAX,max_CL,CL@BC_t_ch_MAX,aic,PV,PV_OK,t_ch_MAX_OK,phyl_OK
A.1.NmC2,0,615,60.94085149715123,,,,*,*,*
A.1.NmC1,0,353,21.3080333449442,14.652192517532283,2826.6956149649354,3.2002647276478975e-38,,,
