,num_seq,t_ch_MAX,max_CL,CL@BC_t_ch_MAX,aic,PV,PV_OK,t_ch_MAX_OK,phyl_OK
A.1.NmC7,1060,134,19.0672104899094,,,,*,*,*
A.1,3213,14,0.5368735443409194,-32.25787630322061,364.5157526064412,6.168508897041734e-23,,,
A.1.NmC12,640,13,0.47840831687290925,-67.79205656029154,435.5841131205831,2.2892712460968347e-38,,,
