,num_seq,t_ch_MAX,max_CL,CL@BC_t_ch_MAX,aic,PV,PV_OK,t_ch_MAX_OK,phyl_OK
A.2.1.1,31,33,4.230231042930287,,,,*,*,*
A.D.5.NmC1,0,35,4.138131904065269,2.5987846621415853,14.80243067571683,129.02420210737813,*,,
A.3,202,35,1.0199048528833075,-2.1546585029821084,24.309317005964218,1.1107106103557056,*,,
