,num_seq,t_ch_MAX,max_CL,CL@BC_t_ch_MAX,aic,PV,PV_OK,t_ch_MAX_OK,phyl_OK
A.3.1.1,731,26,7.864846821988935,,,,*,*,*
A.D.2.1,76,4,2.917051139698785,-27.92738194336411,127.85476388672822,4.101535795768059e-16,,,
A.3.1,1992,25,2.092722623657777,0.04303166605671249,71.91393666788657,0.0005756561714872776,*,*,
A.D.5.NmC1,0,4,1.6968714607870101,-29.09967298983016,130.19934597966034,1.2666320996029861e-16,,,
A.D.5,115,4,0.9848861119078991,-73.26198283645152,218.52396567290305,8.398585911305516e-36,,,
