,num_seq,t_ch_MAX,max_CL,CL@BC_t_ch_MAX,aic,PV,PV_OK,t_ch_MAX_OK,phyl_OK
B.1.NmC5,256,59,29.52971475356365,,,,*,*,*
B.1.13,353,20,3.4594388196378216,-53.96829817613274,231.9365963522655,5.450178937907168e-37,,,
B.1.17.NmC6,201,20,2.841289310967822,-76.45661643775982,276.9132328755196,9.360506204646432e-47,,,
