,num_seq,t_ch_MAX,max_CL,CL@BC_t_ch_MAX,aic,PV,PV_OK,t_ch_MAX_OK,phyl_OK
A.D.NmC1,0,16,6.3424057758039805,,,,*,*,*
A.D.NmC2,0,11,3.819366475779428,-4.774593524147483,71.54918704829497,1.4887330630086975e-05,*,,
A.D,2353,16,3.5187461003491465,3.5187461003491465,54.962507799301704,0.05960594270893934,*,*,
A.D.3.6,757,9,3.1424291305291066,-11.738049188953832,85.47609837790766,1.4059043257481564e-08,,,
A.D.2.2.NmC1,0,10,2.4980844159444247,-4.9537821249891305,71.90756424997826,1.2434943802742256e-05,*,,
A.3.1.1,731,4,0.9227143506643833,-11.807105656022577,85.61421131204516,1.3174272002801466e-08,,,
A.3.1.NmC2,0,3,0.7842629544639835,-47.59399584567871,157.1879916913574,3.7698764606215284e-24,,,
A.D.5.NmC1,0,10,0.7767971907864505,-19.898790598696554,101.7975811973931,4.018951774144056e-12,,,
A.3.1,1992,3,0.6250728530767242,-13.987091299697914,89.97418259939583,1.489239872270303e-09,,,
