,num_seq,t_ch_MAX,max_CL,CL@BC_t_ch_MAX,aic,PV,PV_OK,t_ch_MAX_OK,phyl_OK
A.D.4.NmC3,0,57,35.883139954121745,,,,*,*,*
A.D.3.NmC2,0,37,29.56973368234352,-3.856573657315118,193.71314731463025,5.50981845250221e-18,,,
A.D.2.2.1,40,28,20.90556489172411,11.07607671328,163.84784657344,1.6793990530994316e-11,,,
A.D.4.NmC2,0,60,18.343032649993873,17.704368348308606,150.5912633033828,1.2721148401155511e-08,,,
A.2.1.1,31,3,3.827176228359737,-375.9140206291413,937.8280412582826,1.4372501155734492e-179,,,
