,num_seq,t_ch_MAX,max_CL,CL@BC_t_ch_MAX,aic,PV,PV_OK,t_ch_MAX_OK,phyl_OK
A.D.4.NmC1,0,53,34.85417193489659,,,,*,*,*
A.D.4.NmC2,0,31,20.974330685762176,-21.35214719955175,220.7042943991035,1.5785894164706838e-18,,,
A.D.4.NmC3,0,48,19.393150855835742,-13.681222195265086,205.3624443905302,3.383045688102767e-15,,,
A.D.3.NmC1,0,16,5.925936623204909,-124.18150065540692,426.36300131081384,3.4655136410976967e-63,,,
A.D.2.2.1,40,66,2.166886556447778,2.166886556447778,173.66622688710444,2.5745654020083945e-08,,,
