,num_seq,t_ch_MAX,max_CL,CL@BC_t_ch_MAX,aic,PV,PV_OK,t_ch_MAX_OK,phyl_OK
B.D.4.1.1,260,14,8.761015249326,,,,*,*,*
B.D.E.2,853,25,1.5697761018554262,-5.162694700718051,38.3253894014361,8.962916273271355e-07,,,
B.D.1,334,5,0.9521249357657593,-4.384913175478781,36.76982635095756,1.955235326812391e-06,,,
