,num_seq,t_ch_MAX,max_CL,CL@BC_t_ch_MAX,aic,PV,PV_OK,t_ch_MAX_OK,phyl_OK
BA.1.20,11937,7,8.538262196843778,,,,*,*,*
BA.1,100419,6,4.818657060107331,4.047045904903081,9.905908190193838,0.011164680615117259,*,*,
BA.1.15,51312,6,4.789891161800888,4.57192376037077,8.85615247925846,0.018873433135151493,*,*,
BA.1.1.18,23085,6,3.613192344712627,-0.48403420495903704,18.968068409918075,0.00012036280516721338,*,*,
BA.1.1,312160,6,1.7644715118546017,0.8533184873009272,16.293363025398147,0.0004596707893615194,*,*,
BA.1.6,60,7,0.26653384123808443,0.26653384123808443,17.46693231752383,0.00025480806053853884,*,*,
