,num_seq,t_ch_MAX,max_CL,CL@BC_t_ch_MAX,aic,PV,PV_OK,t_ch_MAX_OK,phyl_OK
A.D.4.NmC1,0,12,32.3299867156708,,,,*,*,*
A.D.4.NmC3,0,1,15.664197314157688,4.556763248006572,104.88647350398685,8.659060322760685e-13,,,
