,num_seq,t_ch_MAX,max_CL,CL@BC_t_ch_MAX,aic,PV,PV_OK,t_ch_MAX_OK,phyl_OK
A.D,2353,19,7.728982033196651,,,,*,*,*
A.D.NmC2,637,19,6.877774516965104,6.877774516965104,38.24445096606979,0.42741493194872604,*,*,
A.D.NmC1,515,9,4.441738592362019,3.0020275653701027,45.995944869259795,0.008826471039726723,*,,
A.D.2.2.NmC1,394,9,3.462820916853208,-15.113956774686088,82.22791354937218,1.1982365447859213e-10,,,
A.D.5.NmC1,425,8,1.5299094843101266,-27.327121599067883,106.65424319813576,5.967699369591674e-16,,,
A.3.1.1,731,21,1.3778225548153291,-0.151253623443109,52.302507246886215,0.0003782330567826261,*,,
A.D.2.1,76,9,1.0998270401984616,-23.981586825375874,99.96317365075174,1.69247389527147e-14,,,
