,num_seq,t_ch_MAX,max_CL,CL@BC_t_ch_MAX,aic,PV,PV_OK,t_ch_MAX_OK,phyl_OK
A.1,995,31,1.0604453661841757,,,,*,*,*
A.1.NmC1,0,39,0.0,-132.58092160536697,353.16184321073393,2.304665147484653e-58,,,
A.1.NmC2,0,39,-1.5291050287438663,-82.3784962574836,252.7569925149672,1.4594553932149308e-36,,,
