,num_seq,t_ch_MAX,max_CL,CL@BC_t_ch_MAX,aic,PV,PV_OK,t_ch_MAX_OK,phyl_OK
B.D.4.1.1,260,6,3.965102080343554,,,,*,*,*
B.D.1,334,7,1.8905738114081982,0.7225675269553054,10.554864946089388,0.039163895098987066,*,*,
