,num_seq,t_ch_MAX,max_CL,CL@BC_t_ch_MAX,aic,PV,PV_OK,t_ch_MAX_OK,phyl_OK
B.D.NmC1,0,53,39.48931595913488,,,,*,*,*
B.D.3,433,32,18.36282533455387,-6.019390959283816,156.03878191856762,1.7189297518878774e-20,,,
B.D,150,27,16.822427623042007,-79.23594352645829,302.4718870529166,2.7440222973590956e-52,,,
B.D.E.3.NmC1,0,28,10.096659846532127,-57.7957892310025,259.59157846200503,5.619029705562062e-43,,,
B.D.E.3,125,17,2.5172478511779346,-128.69844685824944,401.3968937164989,9.036725465889847e-74,,,
