,num_seq,t_ch_MAX,max_CL,CL@BC_t_ch_MAX,aic,PV,PV_OK,t_ch_MAX_OK,phyl_OK
B.1.17.NmC4,116,42,5.780481679427821,,,,*,*,*
B.1.17.NmC5,119,42,5.632310349977409,5.632310349977409,72.73537930004518,0.860707976425059,*,*,
B.1,452,50,5.03096574967618,3.3146389280910613,77.37072214381787,0.08500884237169926,*,,
B.1.17.NmC6,201,48,4.823847762378745,3.7805140859229476,76.43897182815411,0.1353352832366127,*,,
B.1.17.NmC1,375,43,4.522037582512372,4.214427278415025,75.57114544316995,0.2090880131732834,*,*,
B.1.NmC2,322,39,4.030767247152627,-10.722363104237328,105.44472620847466,6.82560337633487e-08,,,
B.1.17.NmC2,182,39,3.9541421037060593,-26.04585789629394,136.09171579258788,1.5086139296910962e-14,,,
