,num_seq,t_ch_MAX,max_CL,CL@BC_t_ch_MAX,aic,PV,PV_OK,t_ch_MAX_OK,phyl_OK
A.D.4.NmC3,1653,53,36.985578682194465,,,,*,*,*
A.D.4.NmC1,2189,60,13.50575556160094,10.50484358393323,176.99031283213355,1.9707930455455148e-11,,,
A.D.2.2.1,40,9,10.448359798520576,-16.39896152369016,230.79792304738032,4.07331489660364e-23,,,
A.2.1.1,31,3,3.827176228359737,-300.1536958813227,798.3073917626454,2.3807690771183323e-146,,,
A.D.3.NmC2,401,9,1.5922885143007912,-45.93872997762078,289.87745995524153,6.037942738904549e-36,,,
