,num_seq,t_ch_MAX,max_CL,CL@BC_t_ch_MAX,aic,PV,PV_OK,t_ch_MAX_OK,phyl_OK
B.D.4,1413,40,4.842927613251374,,,,*,*,*
B.D.E.3.NmC1,1318,45,1.917643456516613,1.3328048609952834,19.334390278009433,0.02989691443692635,*,,
B.D.3,433,47,1.4529881615637887,-0.9837046537121542,23.967409307424308,0.002938076980223553,*,,
B.D.NmC1,1726,40,0.6529052734338084,0.6529052734338083,20.694189453132385,0.01514628487304698,*,*,
