,num_seq,t_ch_MAX,max_CL,CL@BC_t_ch_MAX,aic,PV,PV_OK,t_ch_MAX_OK,phyl_OK
B.D.NmC1,0,48,27.345189326681286,,,,*,*,*
B.D.3,433,25,16.293566070895356,-51.86356326634213,239.72712653268428,3.027972221928716e-34,,,
B.D,150,11,8.420672420263593,-63.59768231902096,263.19536463804195,2.424968723469179e-39,,,
B.D.E.3.NmC1,0,11,4.7924185311808145,-77.08877280125475,290.1775456025095,3.3579450168157235e-45,,,
