,num_seq,t_ch_MAX,max_CL,CL@BC_t_ch_MAX,aic,PV,PV_OK,t_ch_MAX_OK,phyl_OK
A.D.2.2.1,40,14,16.35207946128395,,,,*,*,*
A.D.4.NmC3,1653,14,15.315151814292673,15.315151814292673,11.369696371414655,0.3552263809249518,*,*,
A.D.3.NmC2,401,12,4.80653121417183,-15.19346878582817,72.38693757165635,1.9960920656818255e-14,,,
A.2.1.1,31,3,3.827176228359737,-73.4856202335663,188.9712404671326,9.66396210336874e-40,,,
