,num_seq,t_ch_MAX,max_CL,CL@BC_t_ch_MAX,aic,PV,PV_OK,t_ch_MAX_OK,phyl_OK
A.D.1,1413,83,84.77967279084893,,,,*,*,*
A.D.2,2386,78,47.158420688900286,44.50459465431514,170.99081069136972,3.2269314619036437e-18,,,
A.D.2.NmC1,0,78,24.332640167209984,16.803591474063627,226.39281705187275,3.011844825407133e-30,,,
A.D.2.1,76,75,2.4048472314809466,-13.095310297942786,286.19062059588555,3.114781479526744e-43,,,
A.D.2.NmC2,0,27,1.5670577905861842,-15.48717653563114,290.97435307126227,2.8540644231653816e-44,,,
