,num_seq,t_ch_MAX,max_CL,CL@BC_t_ch_MAX,aic,PV,PV_OK,t_ch_MAX_OK,phyl_OK
A.D.1,1413,83,83.02004002031796,,,,*,*,*
A.D.2,2386,78,48.097947062554404,45.44412102796926,93.11175794406148,4.8015874447678056e-17,,,
A.D.2.NmC1,464,78,2.489403403701815,-5.039645289444543,194.07929057888907,5.702009330060793e-39,,,
