,num_seq,t_ch_MAX,max_CL,CL@BC_t_ch_MAX,aic,PV,PV_OK,t_ch_MAX_OK,phyl_OK
B.D.4.1,218,36,3.68456542649014,,,,*,*,*
B.D.4.NmC1,1212,37,3.506676960925244,1.2566348277496102,9.48673034450078,0.08803683258237255,*,*,
B.D.1.1,115,37,3.429864716166559,3.383498795608633,5.233002408782734,0.7408182206817177,*,*,
B.D.NmC1,1726,37,1.8672512402859665,1.1701232948076317,9.659753410384736,0.08086291220670366,*,*,
B.D,150,37,0.035783217761530095,-9.96421678223847,31.92843356447694,1.179995421003191e-06,,*,
