,num_seq,t_ch_MAX,max_CL,CL@BC_t_ch_MAX,aic,PV,PV_OK,t_ch_MAX_OK,phyl_OK
A.3,202,36,35.37313891408925,,,,*,*,*
A.D.4.NmC1,0,15,6.803496142008595,-9.813927388701677,157.62785477740334,2.4212573052512987e-21,,,
A.D.4.NmC2,0,3,2.54219124748007,-72.18799046000922,282.37598092001843,1.972071402549203e-48,,,
A.D.3.NmC1,0,3,2.433522073392298,-129.23035577120658,396.46071154241315,3.33246339433686e-73,,,
A.D.4,176,3,0.729004376314243,-160.77815243908518,459.55630487817035,6.6187272322962955e-87,,,
