,num_seq,t_ch_MAX,max_CL,CL@BC_t_ch_MAX,aic,PV,PV_OK,t_ch_MAX_OK,phyl_OK
A.1,835,1428,3.072209874074198,,,,*,*,*
A.1.NmC1,0,1438,0.0,-2088.3904582518335,7522.780916503667,0.0,,,
A.1.NmC2,0,1437,-0.1229987542085258,-549.009660897238,4444.019321794476,8.192424622257189e-214,,,
