,num_seq,t_ch_MAX,max_CL,CL@BC_t_ch_MAX,aic,PV,PV_OK,t_ch_MAX_OK,phyl_OK
A.1.NmC12,0,127,3.625958633434408,,,,*,*,*
A.1.NmC1,0,128,2.0491401000123806,-0.49704468424735293,74.99408936849471,0.009706107038349615,*,*,
A.1.NmC9,0,128,1.5733679362710042,-10.043800888409146,94.08760177681829,6.910870805930446e-07,,*,
A.1.NmC3,0,128,1.278207648668643,-10.461384591224393,94.92276918244879,4.563526367903986e-07,,*,
