,num_seq,t_ch_MAX,max_CL,CL@BC_t_ch_MAX,aic,PV,PV_OK,t_ch_MAX_OK,phyl_OK
B.1.17.NmC4,116,38,0.9625787071101591,,,,*,*,*
B.1.17.NmC6,201,40,0.7086034751536121,-9.329299346798036,50.658598693596076,3.3801681776903695e-05,*,,
A.1.NmC3,63,40,0.29842001957065506,-9.672619857151867,51.34523971430373,2.393903901584477e-05,*,,
B.1.17,15,46,0.2078481371427417,-9.848598878998024,51.69719775799605,2.0095794372318853e-05,*,,
