,num_seq,t_ch_MAX,max_CL,CL@BC_t_ch_MAX,aic,PV,PV_OK,t_ch_MAX_OK,phyl_OK
A.D.4.NmC3,1653,11,11.50949201593767,,,,*,*,*
A.D.2.2.1,40,11,11.022412909155175,11.022412909155175,3.9551741816896495,0.6126263941844161,*,*,
A.D.3.NmC2,401,11,8.742002712284343,8.742002712284343,8.515994575431314,0.06266200474215318,*,*,
