,num_seq,t_ch_MAX,max_CL,CL@BC_t_ch_MAX,aic,PV,PV_OK,t_ch_MAX_OK,phyl_OK
A.1.NmC2,0,1345,149.4107911232016,,,,*,*,*
A.1.NmC1,0,234,21.15529267058412,1.1955305217065193,2819.608938956587,4.276055808364497e-65,,,
