,num_seq,t_ch_MAX,max_CL,CL@BC_t_ch_MAX,aic,PV,PV_OK,t_ch_MAX_OK,phyl_OK
A.3.1,1992,4,13.034618327073627,,,,*,*,*
A.D.4.NmC1,2189,7,10.034842938894272,9.395564882608388,29.208870234783223,0.026252343965687947,*,,
A.3.1.1,731,7,9.861017225539225,0.16654897119915768,47.66690205760168,2.574127284333333e-06,,,
A.3.1.NmC1,266,12,8.433420282825033,-15.724618143764225,79.44923628752845,3.233632792929654e-13,,,
A.D.4.NmC3,1653,12,0.17500739321404102,-11.689847909129409,71.37969581825882,1.8283904109064767e-11,,,
