,num_seq,t_ch_MAX,max_CL,CL@BC_t_ch_MAX,aic,PV,PV_OK,t_ch_MAX_OK,phyl_OK
A.D.4.NmC3,0,57,33.20997442375223,,,,*,*,*
A.D.3.NmC2,0,41,28.38316405692191,-7.538322093479131,203.07664418695828,2.0067804543946945e-18,,,
A.D.2.2.1,40,41,19.007581618176772,7.8012986430019815,172.39740271399603,9.2167374198625e-12,,,
A.D.4.NmC2,0,44,5.581525903565417,0.814844626626265,186.37031074674746,8.531595544167895e-15,,,
A.2.1.1,31,3,3.827176228359737,-361.0776522780749,910.1553045561498,5.781342921027984e-172,,,
