,num_seq,t_ch_MAX,max_CL,CL@BC_t_ch_MAX,aic,PV,PV_OK,t_ch_MAX_OK,phyl_OK
A.D.5.NmC1,0,9,2.571057069450433,,,,*,*,*
A.D.5,115,4,0.2180569315573091,-1.636760145219842,23.273520290439684,0.014920786069067842,*,,
