,num_seq,t_ch_MAX,max_CL,CL@BC_t_ch_MAX,aic,PV,PV_OK,t_ch_MAX_OK,phyl_OK
A.D.4.NmC3,1653,11,11.164320143783085,,,,*,*,*
A.D.2.2.1,40,6,7.125851220275316,1.4572190090927009,31.0855619818146,6.0673714089010444e-05,*,,
A.2.1.1,31,3,3.827176228359737,-39.4634331618094,112.9268663236188,1.0272363552188795e-22,,,
A.D.3.NmC2,401,11,3.1391155667660056,3.1391155667660056,27.72176886646799,0.00032718002610839257,*,*,
