,num_seq,t_ch_MAX,max_CL,CL@BC_t_ch_MAX,aic,PV,PV_OK,t_ch_MAX_OK,phyl_OK
A.D.4.NmC2,0,43,29.375628517409172,,,,*,*,*
A.D.4.NmC3,0,36,11.887802340407724,1.916752430071075,136.16649513985786,1.1865158031401182e-12,,,
A.D.3.NmC1,0,5,4.142900162557148,-62.00248038262651,264.00496076525303,2.071770839868752e-40,,,
A.D.4.NmC1,0,25,3.5853032421947333,-18.6433677798294,177.2867355596588,1.396943943147109e-21,,,
A.D.4,176,5,2.5123370220055596,-47.262284664505394,234.52456932901077,5.222066275541198e-34,,,
A.3,202,3,0.7578016875640681,-115.10931180090873,370.21862360181746,1.7822219255227307e-63,,,
