,num_seq,t_ch_MAX,max_CL,CL@BC_t_ch_MAX,aic,PV,PV_OK,t_ch_MAX_OK,phyl_OK
A.D.4.NmC1,0,52,30.83295600734632,,,,*,*,*
A.D.4.NmC3,0,47,25.696632814817782,23.424806338825054,111.1503873223499,0.000605170694535051,*,,
A.D.4.NmC2,0,25,18.156934111975218,5.471579826339795,147.05684034732042,9.640964118639377e-12,,,
A.D.2.2.1,40,71,11.920326944187481,-10.094449678769942,178.1888993575399,1.6762039343982772e-18,,,
A.D.3.NmC1,0,20,9.021895017392971,-40.24842135802088,238.49684271604175,1.3433115654981864e-31,,,
A.D.4,176,20,8.430512485092288,-59.44982224363456,276.89964448726914,6.162014293313856e-40,,,
A.D.3.NmC2,0,20,1.8594681233242718,-48.458822113471065,254.91764422694212,3.6527424980684876e-35,,,
