,num_seq,t_ch_MAX,max_CL,CL@BC_t_ch_MAX,aic,PV,PV_OK,t_ch_MAX_OK,phyl_OK
B.D.4,1413,16,5.052230226717023,,,,*,*,*
B.D.2,1269,9,4.584952134165758,-17.306599983458383,82.61319996691677,1.955900947397353e-10,,,
B.D.4.1,218,10,3.615127965310192,-15.575513976536664,79.15102795307332,1.10325603234355e-09,,,
B.D.E.2,853,6,0.9635584679799496,-11.700410228832785,71.40082045766557,5.3157852544244024e-08,,,
B.D.4.NmC1,1212,6,0.36779582543673006,-49.09927198285948,146.19854396571895,3.0405615898403236e-24,,,
