,num_seq,t_ch_MAX,max_CL,CL@BC_t_ch_MAX,aic,PV,PV_OK,t_ch_MAX_OK,phyl_OK
B.D.E.2,853,9,8.802965379746023,,,,*,*,*
B.D.E.3.NmC1,0,1,7.047215698948163,1.7201412848258464,46.55971743034831,0.0008375747872859691,*,,
B.D.4.1,218,28,1.3015026364415783,-24.569538004192136,99.13907600838428,3.2020024986373665e-15,,,
