,num_seq,t_ch_MAX,max_CL,CL@BC_t_ch_MAX,aic,PV,PV_OK,t_ch_MAX_OK,phyl_OK
A.D.2.2.1,40,42,37.43760007251708,,,,*,*,*
A.D.4.NmC1,0,62,32.29101193289594,21.956828589907254,92.0863428201855,1.8834320121666348e-07,,,
A.D.4.NmC3,0,39,31.46412464967306,31.33826696672805,73.3234660665439,0.0022428677194858073,*,,
A.D.3.NmC2,0,35,14.732840141955847,-3.409333926156127,142.81866785231225,1.815810044919548e-18,,,
A.D.4.NmC2,0,39,6.221581602726233,4.9669185127536615,126.06616297449267,7.875655307580838e-15,,,
A.2.1.1,31,3,3.827176228359737,-208.28460112631515,552.5692022526302,1.9186176453708142e-107,,,
