,num_seq,t_ch_MAX,max_CL,CL@BC_t_ch_MAX,aic,PV,PV_OK,t_ch_MAX_OK,phyl_OK
A.D.4.NmC1,2189,43,10.334183342988691,,,,*,*,*
A.3.1,1992,51,8.263095796266445,6.045573266144291,37.90885346771142,0.013704925297364957,*,,
A.3.1.1,731,51,7.010467947691488,4.672809142038328,40.65438171592334,0.003482516898211663,*,,
A.3.1.NmC1,266,51,6.767063875860596,-35.78909505301135,121.5781901060227,9.293237200344816e-21,,,
A.D.4.NmC3,1653,51,0.09800072762332251,-11.9020689908698,73.8041379817396,2.2052721601916359e-10,,,
