,num_seq,t_ch_MAX,max_CL,CL@BC_t_ch_MAX,aic,PV,PV_OK,t_ch_MAX_OK,phyl_OK
A.1.NmC2,195,1434,18.107395332412864,,,,*,*,*
A.1,835,1447,-0.31899984710247636,-23.3710275804765,76.742055160953,5.850526597696858e-18,,,
A.1.NmC1,377,1447,-0.8230962938298926,-10.248538269155972,50.497076538311944,2.918357960840307e-12,,,
