,num_seq,t_ch_MAX,max_CL,CL@BC_t_ch_MAX,aic,PV,PV_OK,t_ch_MAX_OK,phyl_OK
A.D.4.NmC1,0,11,41.02463685152466,,,,*,*,*
A.3.1,1992,57,3.9170243127809155,-248.08802702498338,636.1760540499668,6.054015175279576e-126,,,
A.D.4.NmC3,0,13,3.613137641393946,-15.411101671907105,170.8222033438142,6.818416941189477e-25,,,
A.D.2.2.NmC1,0,63,3.609334173200286,-359.78908450643905,859.5781690128781,1.8678838908904106e-174,,,
A.D.4,176,63,3.379337684569949,-154.28895601622182,448.57791203244363,3.3026755228944786e-85,,,
A.D.5,115,63,3.2887075148211555,-276.05497962555745,692.1099592511149,4.335092002446229e-138,,,
A.3.1.1,731,58,3.213389974886395,-155.93863817794684,451.8772763558937,6.342785323758643e-86,,,
A.3.1.NmC1,0,58,2.599391226826043,-364.8191121883584,869.6382243767168,1.2213738930312867e-176,,,
A.D.4.NmC2,0,64,0.6394332122152728,-66.75481480458487,273.50962960916974,3.426363075260587e-47,,,
