,num_seq,t_ch_MAX,max_CL,CL@BC_t_ch_MAX,aic,PV,PV_OK,t_ch_MAX_OK,phyl_OK
A.D,2353,19,4.962753838145448,,,,*,*,*
A.D.3,128,19,4.786767746075179,4.78676774607518,22.42646450784964,0.8352702114112722,*,*,
A.D.4.NmC3,1653,20,3.686574015164698,1.8001338209341813,28.399732358131637,0.0422141418141065,*,*,
A.D.3.6,757,19,3.615503452210019,3.6155034522100196,24.76899309557996,0.2592402606458916,*,*,
A.D.NmC2,637,19,3.441243381348652,3.4412433813486514,25.117513237302695,0.2176210568652328,*,*,
A.D.3.NmC2,401,22,3.2885091812135383,-8.25213089044782,48.50426178089564,1.823049335181663e-06,,,
A.D.NmC1,515,21,3.2116716675749393,-12.154523585484988,56.309047170969976,3.671795369526769e-08,,,
A.D.3.NmC1,397,22,2.191921685626094,0.18781899484741235,31.624362010305177,0.00843808408745153,*,,
A.3.1.1,731,19,1.0397264830024695,1.0397264830024693,29.92054703399506,0.019742136871492764,*,*,
