,num_seq,t_ch_MAX,max_CL,CL@BC_t_ch_MAX,aic,PV,PV_OK,t_ch_MAX_OK,phyl_OK
B.1.17.NmC2,182,41,5.152132303954341,,,,*,*,*
B.1.19,13,45,4.024268396566084,-20.900033713208703,97.8000674264174,4.859915815887603e-12,,,
B.1.17.NmC3,53,45,2.580829450534109,-13.06913091603966,82.13826183207932,1.2222345037719687e-08,,,
A.1.NmC1,241,45,2.1611028522749853,-7.706754262196997,71.41350852439399,2.6130302363105585e-06,,,
B.1.17.NmC1,375,45,1.3339909818912035,-11.415311314218092,78.83062262843619,6.396050841882371e-08,,,
B.1.13.NmC2,242,45,1.0878404323902078,-13.987700247141786,83.97540049428358,4.870837224236112e-09,,,
B.1.NmC3,263,45,0.9941189195253821,-14.135315543483598,84.2706310869672,4.213382785077896e-09,,,
B.1,452,45,0.4215915277858509,-13.042578270936762,82.08515654187352,1.2531755175440699e-08,,,
