,num_seq,t_ch_MAX,max_CL,CL@BC_t_ch_MAX,aic,PV,PV_OK,t_ch_MAX_OK,phyl_OK
A.1.NmC6,294,146,3.31447158539334,,,,*,*,*
A.1.NmC4,1744,148,0.21010241996204992,0.6431426364149025,10.713714727170196,1754.6066855751453,*,,
