,num_seq,t_ch_MAX,max_CL,CL@BC_t_ch_MAX,aic,PV,PV_OK,t_ch_MAX_OK,phyl_OK
A.D.4.NmC3,0,56,40.95962724250064,,,,*,*,*
A.D.4.NmC1,0,61,26.936396419109407,22.914580666267153,150.1708386674657,1.4559822284314469e-08,,,
A.D.2.2.1,40,48,23.575647008107474,19.18768590569402,157.62462818861195,3.5108245693827796e-10,,,
A.D.3.NmC2,0,13,5.575195477624749,-16.971034833571732,229.94206966714347,6.939379892391525e-26,,,
A.2.1.1,31,3,3.827176228359737,-332.02390267697285,860.0478053539457,1.0343622622180013e-162,,,
