,num_seq,t_ch_MAX,max_CL,CL@BC_t_ch_MAX,aic,PV,PV_OK,t_ch_MAX_OK,phyl_OK
B.1.6,35,47,1.9943939132356046,,,,*,*,*
B.1.17.NmC6,201,48,0.5742583420111134,0.5560796489430163,32.88784070211397,0.23692775868212188,*,*,
