,num_seq,t_ch_MAX,max_CL,CL@BC_t_ch_MAX,aic,PV,PV_OK,t_ch_MAX_OK,phyl_OK
A.D.4.NmC3,0,58,40.15533042330263,,,,*,*,*
A.D.3.NmC2,0,37,14.819190154386284,-46.53803108455082,277.07606216910165,2.2327489376396828e-38,,,
A.D.2.2.1,40,27,13.771165056134542,-26.451117450956588,236.90223490191318,1.185266562831499e-29,,,
A.D.4.NmC2,0,42,6.668331836237277,-29.235081135758033,242.47016227151607,7.316542518244438e-31,,,
A.2.1.1,31,3,3.827176228359737,-355.11757816848785,894.2351563369757,2.1589802310843982e-172,,,
