,num_seq,t_ch_MAX,max_CL,CL@BC_t_ch_MAX,aic,PV,PV_OK,t_ch_MAX_OK,phyl_OK
B.1.17.NmC6,0,45,8.104367035166758,,,,*,*,*
B.1.NmC2,0,20,3.684434120171946,-44.7445489638151,201.4890979276302,1.115672250929206e-23,,,
B.1.10,103,16,3.1902344683106176,-41.62644199210743,195.25288398421486,2.526593735189896e-22,,,
B.1.13,353,20,2.7492447254740395,-9.127936760084927,130.25587352016984,3.272914079750064e-08,,,
