,num_seq,t_ch_MAX,max_CL,CL@BC_t_ch_MAX,aic,PV,PV_OK,t_ch_MAX_OK,phyl_OK
B.D.E.2,853,16,5.583481074426848,,,,*,*,*
B.D.4,1413,16,5.555061269654083,5.555061269654083,48.889877460691835,0.970445533548507,*,*,
B.D.2,1269,9,3.4051451812830846,-9.572750214624449,79.1455004292489,2.606727624459812e-07,,,
B.D.4.1.1,260,13,2.0133307028113494,-7.7912699101252185,75.58253982025043,1.5535001679540347e-06,,,
B.D.4.NmC1,0,7,1.3100174017525827,-4.147586646928889,68.29517329385777,5.917567475058507e-05,*,,
B.D.4.1,218,8,0.49432790661439185,-17.910137073841888,95.82027414768378,6.255343277662054e-11,,,
