,num_seq,t_ch_MAX,max_CL,CL@BC_t_ch_MAX,aic,PV,PV_OK,t_ch_MAX_OK,phyl_OK
B.D.4.NmC1,1212,20,13.051526390793319,,,,*,*,*
B.D.1,334,15,5.709689942334962,1.234959905211649,41.5300801895767,7.392829603584875e-06,,,
