,num_seq,t_ch_MAX,max_CL,CL@BC_t_ch_MAX,aic,PV,PV_OK,t_ch_MAX_OK,phyl_OK
B.D.1.1,115,29,4.5461585936616,,,,*,*,*
B.D.4.NmC1,1212,29,3.6471825692740865,3.6471825692740865,6.705634861451827,0.40656965974059917,*,*,
B.D.4.1,218,31,1.2142124690392513,-0.3968135699177334,14.793627139835467,0.007154598372314585,*,,
B.D.NmC1,1726,29,0.38036677752677417,0.38036677752677384,13.239266444946452,0.015529714900105502,*,*,
