,num_seq,t_ch_MAX,max_CL,CL@BC_t_ch_MAX,aic,PV,PV_OK,t_ch_MAX_OK,phyl_OK
B.1.17.NmC6,0,54,1.144623258300204,,,,*,*,*
B.1.NmC3,0,54,0.6502918192906683,0.6502918192906684,6.699416361418663,0.6095709072963093,*,*,
B.1.NmC6,0,54,0.5519788548003374,0.5519788548003374,6.8960422903993255,0.5515625658678297,*,*,
B.1.NmC10,0,54,0.30937237664108713,0.3093723766410871,7.381255246717826,0.4338744814329909,*,*,
B.1.13.NmC2,0,54,0.2775012157409823,0.2775012157409823,7.444997568518035,0.4210515526273211,*,*,
A.1.NmC3,0,54,0.20065928569753977,0.20065928569753977,7.5986814286049205,0.3886795709017531,*,*,
B.1.17.NmC4,0,54,0.13391009437497864,0.10811888675938076,7.7837622264812385,0.35522638092495146,*,*,
B.1.17.NmC2,0,54,0.11389198429098739,0.11004362364315343,7.7799127527136935,0.35522638092495146,*,*,
B.1.13.NmC3,0,55,0.11295906745773171,0.09006609637038698,7.819867807259226,0.3481924273061975,*,*,
