,num_seq,t_ch_MAX,max_CL,CL@BC_t_ch_MAX,aic,PV,PV_OK,t_ch_MAX_OK,phyl_OK
A.D.4.NmC2,848,38,26.042519508209207,,,,*,*,*
A.D.4.NmC1,2189,24,16.762426495799865,2.4494560588042504,119.1010878823915,5.660068660288321e-11,,,
A.D.4,176,18,14.413374454047393,-6.1020078916929235,136.20401578338584,1.0954785523611538e-14,,,
A.D.3.NmC1,397,21,12.742924361846885,-13.840190823310078,151.68038164662016,4.766115792407323e-18,,,
A.D.4.NmC3,1653,24,8.32306832702751,2.9059512502485494,118.1880974995029,8.921249568491297e-11,,,
A.D.2.2.1,40,24,1.9566955632927439,-6.566195291112749,137.1323905822255,6.881085357203664e-15,,,
A.3,202,3,0.7578016875640681,-62.30315049478065,248.6063009895613,4.266605843677527e-39,,,
