,num_seq,t_ch_MAX,max_CL,CL@BC_t_ch_MAX,aic,PV,PV_OK,t_ch_MAX_OK,phyl_OK
B.1.16,26,51,13.071964849228003,,,,*,*,*
B.1.NmC10,223,1,13.044994613418709,3.7029910876894108,22.59401782462118,8.567067268248044e-05,*,,
