,num_seq,t_ch_MAX,max_CL,CL@BC_t_ch_MAX,aic,PV,PV_OK,t_ch_MAX_OK,phyl_OK
B.D.E.2,853,22,13.429418014811304,,,,*,*,*
B.D.2,1269,12,5.626065348708104,-44.215474692987634,144.43094938597528,1.3226368066088585e-25,,,
B.D.4.1,218,10,2.4652463104030153,-37.0771300327912,130.1542600655824,1.6684116163227365e-22,,,
B.D.4,1413,7,2.046597951543707,-52.616955201006725,161.23391040201346,2.9741779956259125e-29,,,
B.D.4.NmC1,1212,7,1.3100174017525827,-81.84956224338129,219.69912448676257,5.980917030274497e-42,,,
