,num_seq,t_ch_MAX,max_CL,CL@BC_t_ch_MAX,aic,PV,PV_OK,t_ch_MAX_OK,phyl_OK
A.D.5.NmC1,0,37,29.125665152267324,,,,*,*,*
A.D.2.1,76,45,7.212489646644973,3.4629221413418185,89.07415571731636,1.7697723631771118e-10,,,
A.3.1.1,731,10,3.6588749891416708,-25.404425349337203,146.8088506986744,5.126674169311252e-23,,,
