,num_seq,t_ch_MAX,max_CL,CL@BC_t_ch_MAX,aic,PV,PV_OK,t_ch_MAX_OK,phyl_OK
A.1,995,29,0.829987459617955,,,,*,*,*
A.1.NmC2,83,38,0.0,-5.810407725607476,53.62081545121495,0.001307027243836391,*,,
A.1.NmC1,181,38,-1.1976386580491436,-37.41867063322244,116.83734126644488,2.444759076612131e-17,,,
