,num_seq,t_ch_MAX,max_CL,CL@BC_t_ch_MAX,aic,PV,PV_OK,t_ch_MAX_OK,phyl_OK
A.D.4.NmC3,1653,54,39.590408195809076,,,,*,*,*
A.D.2.2.1,40,58,31.698652338494707,29.39665013937342,141.20669972125316,3.73566356818812e-05,*,,
A.D.4.NmC1,2189,58,17.130396576934483,14.009686443620836,171.98062711275833,7.775837084945365e-12,,,
A.D.3.NmC2,401,20,11.65930439849481,-28.322515308725666,256.6450306174513,3.198086908140829e-30,,,
A.2.1.1,31,3,3.827176228359737,-298.41194251280785,796.8238850256157,1.616088413820251e-147,,,
