,num_seq,t_ch_MAX,max_CL,CL@BC_t_ch_MAX,aic,PV,PV_OK,t_ch_MAX_OK,phyl_OK
B.D.1.1,115,50,5.052330636522772,,,,*,*,*
B.D.4.NmC1,1212,50,4.523177524089957,4.523177524089958,8.953644951820085,34.81331748760205,*,*,
B.D.NmC1,1726,43,2.9926222128802715,1.8071303096362596,14.38573938072748,2.293318740264183,*,,
B.D.4.1,218,53,0.6451672738243281,-1.6232147914952597,21.24642958299052,0.0742735782143339,*,,
