,num_seq,t_ch_MAX,max_CL,CL@BC_t_ch_MAX,aic,PV,PV_OK,t_ch_MAX_OK,phyl_OK
B.D.E.3.NmC1,1318,49,31.50193652193627,,,,*,*,*
B.D.E.3,125,32,12.168907936733342,-4.206568600416551,136.4131372008331,8.300879623355456e-16,,,
B.D.NmC1,1726,35,8.658866481829698,-22.374136226429535,172.74827245285906,1.0665798624393855e-23,,,
B.D,150,25,7.353672072148081,-70.73942483735465,269.4788496747093,1.0552145294833529e-44,,,
B.D.3,433,25,2.6938766925543685,-62.3226583342101,252.6453166684202,4.763529155525297e-41,,,
