,num_seq,t_ch_MAX,max_CL,CL@BC_t_ch_MAX,aic,PV,PV_OK,t_ch_MAX_OK,phyl_OK
B.D.1.1,115,7,23.12802123906756,,,,*,*,*
B.D.4.NmC1,1212,6,7.01503084304041,6.678256190564136,50.64348761887173,0.0001323580245299439,*,*,
B.D.NmC1,1726,14,6.118175581989526,-2.223916441655521,68.44783288331104,1.796213330902792e-08,,,
B.D.4.1,218,28,1.467765621450991,-81.37106665564598,226.74213331129195,7.622916191200139e-43,,,
