,num_seq,t_ch_MAX,max_CL,CL@BC_t_ch_MAX,aic,PV,PV_OK,t_ch_MAX_OK,phyl_OK
B.D.NmC1,0,38,4.210508120575237,,,,*,*,*
B.D,150,45,2.4569856236024976,-48.214865365529754,148.42973073105952,2.0378025499230487e-22,,,
B.D.3,433,37,2.405357554380987,-9.57090932689085,71.1418186537817,1.2372924261788221e-05,*,*,
B.D.1,334,37,2.1402482591141174,-10.64671252911073,73.29342505822146,4.222851277057513e-06,,*,
B.D.4.NmC1,0,37,0.8041669195601071,-11.09574141618011,74.19148283236022,2.692608854363838e-06,,*,
