,num_seq,t_ch_MAX,max_CL,CL@BC_t_ch_MAX,aic,PV,PV_OK,t_ch_MAX_OK,phyl_OK
A.3,202,15,62.68379906204943,,,,*,*,*
A.D.4.NmC3,0,1,19.473531178096827,7.129400722809894,123.74119855438022,7.460536472629441e-25,,,
A.D.2.2.NmC1,0,56,2.0372126088785163,-289.32997870065907,716.6599574013181,1.3238169968887222e-153,,,
A.D.4,176,56,1.9412046396222533,-208.38407636922614,554.7681527384523,1.887099460562134e-118,,,
A.D.5,115,56,1.8803603905320383,-265.73871116907293,669.4774223381459,2.327205748073963e-143,,,
