,num_seq,t_ch_MAX,max_CL,CL@BC_t_ch_MAX,aic,PV,PV_OK,t_ch_MAX_OK,phyl_OK
A.D.4.NmC3,1653,14,12.344130455286933,,,,*,*,*
A.2.1.1,31,3,3.827176228359737,-54.022915467614006,152.04583093522803,1.4992540686114572e-29,,,
A.D.2.2.1,40,3,3.5971798227009435,-8.771394811474504,61.54278962294901,6.758837649568356e-10,,,
