,num_seq,t_ch_MAX,max_CL,CL@BC_t_ch_MAX,aic,PV,PV_OK,t_ch_MAX_OK,phyl_OK
B.D.3,433,36,34.66230010955309,,,,*,*,*
B.D.NmC1,1726,29,17.077824253077022,-4.585219906028437,115.17043981205687,9.03884746885386e-18,,,
B.D,150,16,12.141845928136705,-56.98424414543921,219.96848829087844,1.5815473761208518e-40,,,
B.D.E.3.NmC1,1318,16,6.418076917887469,-45.242817845691825,196.48563569138366,1.984720810830845e-35,,,
