,num_seq,t_ch_MAX,max_CL,CL@BC_t_ch_MAX,aic,PV,PV_OK,t_ch_MAX_OK,phyl_OK
A.3.1,1992,6,6.276667813183016,,,,*,*,*
A.3.1.1,731,11,5.036272633381953,-13.023705148919108,70.04741029783821,4.150653687698238e-09,,,
A.D.4.NmC1,2189,11,4.768822148996308,-0.12579473230038707,44.25158946460078,0.001661557273173934,*,,
A.3.1.NmC1,266,15,4.642858497576843,-50.52179369667593,145.04358739335186,2.158961512537645e-25,,,
