,num_seq,t_ch_MAX,max_CL,CL@BC_t_ch_MAX,aic,PV,PV_OK,t_ch_MAX_OK,phyl_OK
B.D.1.1,115,10,8.049475992112527,,,,*,*,*
B.D.4.NmC1,1212,35,1.482464416492042,-27.545834930481377,117.09166986096275,3.477666378322935e-16,,,
