,num_seq,t_ch_MAX,max_CL,CL@BC_t_ch_MAX,aic,PV,PV_OK,t_ch_MAX_OK,phyl_OK
B.D.E.3.NmC1,0,52,34.57628421140634,,,,*,*,*
B.D.NmC1,0,37,10.32903883581867,-15.643078388072496,163.286156776145,1.5478580095583182e-22,,,
B.D,150,27,9.181353510951938,-60.953441132411186,253.90688226482237,3.2497364662620803e-42,,,
B.D.E.3,125,18,4.870515773288872,-45.390005067528854,222.7800101350577,1.8691396687070585e-35,,,
B.D.3,433,3,1.814231374814649,-91.78505549876994,315.57011099753987,1.326017533693048e-55,,,
