,num_seq,t_ch_MAX,max_CL,CL@BC_t_ch_MAX,aic,PV,PV_OK,t_ch_MAX_OK,phyl_OK
B.D,150,48,47.441421889644374,,,,*,*,*
B.D.NmC1,0,40,21.187282526994466,2.2590224574268545,113.4819550851463,2.390976499944187e-20,,,
B.D.E.3.NmC1,0,32,12.109611266784478,-19.640887613552128,157.28177522710425,7.370995633525712e-30,,,
B.D.3,433,22,11.56554509711546,-19.145456197662835,156.29091239532568,1.2092105356896146e-29,,,
