,num_seq,t_ch_MAX,max_CL,CL@BC_t_ch_MAX,aic,PV,PV_OK,t_ch_MAX_OK,phyl_OK
B.D.1.NmC1,605,35,11.040718570348314,,,,*,*,*
B.D.E.4,1372,14,8.791368278825669,-222.15800191843815,904.3160038368762,8.920385056385553e-98,,,
B.D.4.1.2,1305,4,4.798741210257299,-100.09959230456538,660.1991846091307,9.127840920174525e-45,,,
