,num_seq,t_ch_MAX,max_CL,CL@BC_t_ch_MAX,aic,PV,PV_OK,t_ch_MAX_OK,phyl_OK
A.1.NmC4,0,136,3.2725486422495207,,,,*,*,*
A.1.NmC13,0,147,1.977443756107653,2.169787786199918,45.66042442760016,0.18824706563874713,*,,
A.1.NmC5,0,155,1.2118603465644295,-22.76153816481504,95.52307632963007,2.8039275084414786e-12,,,
