,num_seq,t_ch_MAX,max_CL,CL@BC_t_ch_MAX,aic,PV,PV_OK,t_ch_MAX_OK,phyl_OK
A.D.4.NmC3,0,57,42.048052050147035,,,,*,*,*
A.D.4.NmC1,0,62,19.674438476713476,15.652622723871222,168.69475455225756,3.4418912969516734e-12,,,
A.D.2.2.1,40,31,16.619085939256774,0.059451708112655766,199.88109658377468,5.807305923703885e-19,,,
A.2.1.1,31,3,3.827176228359737,-312.4762741433303,824.9525482866605,1.0758427641430632e-154,,,
A.D.3.NmC2,0,9,1.5922885143007912,-38.935449157633855,277.8708983152677,6.740023070125518e-36,,,
