,num_seq,t_ch_MAX,max_CL,CL@BC_t_ch_MAX,aic,PV,PV_OK,t_ch_MAX_OK,phyl_OK
A.D.2.2.NmC1,394,9,2.644640122300681,,,,*,*,*
A.D,2353,9,2.3566341917830145,2.3566341917830145,23.286731616433972,0.7482635675785658,*,*,
A.D.3.6,757,9,1.7017269168665692,1.7017269168665692,24.59654616626686,0.3886795709017529,*,*,
A.3.1.NmC1,266,3,1.0260885347258282,-24.73184024297614,77.46368048595228,1.2917800047860006e-12,,,
