,num_seq,t_ch_MAX,max_CL,CL@BC_t_ch_MAX,aic,PV,PV_OK,t_ch_MAX_OK,phyl_OK
A.D.4.NmC3,0,61,39.187024153280284,,,,*,*,*
A.D.2.2.1,40,42,12.831618683010133,-17.14038572502351,246.280771450047,3.454325883439973e-25,,,
A.D.4.NmC1,0,54,12.782686626117622,0.39159425524294633,211.2168114895141,1.4175734628190517e-17,,,
A.2.1.1,31,3,3.827176228359737,-317.11057645022225,846.2211529004445,1.832515135226813e-155,,,
A.D.3.NmC2,0,9,1.5922885143007912,-74.43104009317017,360.86208018634034,4.546031477849146e-50,,,
