,num_seq,t_ch_MAX,max_CL,CL@BC_t_ch_MAX,aic,PV,PV_OK,t_ch_MAX_OK,phyl_OK
B.D.E.5,276,490,709.6015031003506,,,,*,*,*
B.D.4.1.2,1305,498,666.8538066883165,655.062812069052,255.87437586189594,2.0689520682260702e-24,,,
B.D.E.4,1372,123,35.91272915887222,-74.85464002421321,1715.7092800484265,0.0,,,
B.D.E.1,1124,26,18.99802302820891,-371.15859857254,2308.31719714508,0.0,,,
B.D.E.1.2,165,4,2.7440172247567363,-927.312711398964,3420.625422797928,0.0,,,
B.D.E.1.1,68,4,2.4683754787259433,-1559.1417868943734,4684.283573788747,0.0,,,
B.D.E.6,17,4,-1.6489879045507185,-1360.745777438749,4287.491554877498,0.0,,,
