,num_seq,t_ch_MAX,max_CL,CL@BC_t_ch_MAX,aic,PV,PV_OK,t_ch_MAX_OK,phyl_OK
B.D.4.1.2,1305,491,10.456802512549363,,,,*,*,*
B.D.E.1,1124,491,5.020643784197395,2.31192022972068,17.37615954055864,7.636393715488688e-05,*,*,
B.D.E.4,1372,491,4.818988002063156,4.662293741711054,12.675412516577891,0.0008007193874922814,*,*,
