,num_seq,t_ch_MAX,max_CL,CL@BC_t_ch_MAX,aic,PV,PV_OK,t_ch_MAX_OK,phyl_OK
A.3.1,1992,50,9.768271000967992,,,,*,*,*
A.3.1.1,731,50,7.603304568802519,7.60330456880252,16.793390862394958,0.11474993459727885,*,*,
A.D.4.NmC1,0,50,7.470346961789399,7.470346961789399,17.0593060764212,0.10025884372280384,*,*,
A.3.1.NmC1,0,51,6.767063875860596,-7.374094198124355,46.74818839624871,3.581138418839198e-08,,*,
A.D.4.NmC3,0,51,0.09800072762332251,-0.6847120772723145,33.36942415454463,2.8803893182800848e-05,*,*,
