,num_seq,t_ch_MAX,max_CL,CL@BC_t_ch_MAX,aic,PV,PV_OK,t_ch_MAX_OK,phyl_OK
A.3.1.NmC1,266,5,18.88715436843591,,,,*,*,*
A.3.1.1,731,2,12.377779660372575,11.881645144067182,20.236709711865636,0.0009073339352774963,*,,
A.D.4.NmC1,2189,8,9.970780433919352,9.441676839768661,25.116646320462678,7.90839983591367e-05,*,,
A.3.1,1992,8,9.47847491897728,7.68145464019264,28.63709071961472,1.3605995728280027e-05,*,,
A.D.4.NmC3,1653,1,4.989995542333294,2.767745483766369,38.46450903246726,1.0031004474338733e-07,,,
