,num_seq,t_ch_MAX,max_CL,CL@BC_t_ch_MAX,aic,PV,PV_OK,t_ch_MAX_OK,phyl_OK
A.3.1,1992,27,5.736741281935809,,,,*,*,*
A.D.2.1,76,4,2.917051139698785,-40.428895755167986,184.85779151033597,1.629765310125924e-11,,,
A.D.5.NmC1,0,4,1.6968714607870101,-63.34932454658393,230.69864909316786,1.8117386292530143e-21,,,
A.D.5,115,4,0.9848861119078991,-232.06519164403738,568.1303832880748,9.685053631566112e-95,,,
A.3.1.1,731,7,0.9170452391579818,-21.413038679865306,146.82607735973062,0.002952804152373439,*,,
