,num_seq,t_ch_MAX,max_CL,CL@BC_t_ch_MAX,aic,PV,PV_OK,t_ch_MAX_OK,phyl_OK
A.D.3.NmC1,397,6,52.61820557112449,,,,*,*,*
A.D.3.NmC2,401,1,30.28141748852791,25.140685144471675,67.71862971105665,1.1630212160954354e-12,,,
A.D.3.6,757,37,13.871999052721707,-248.545023106412,615.0900462128241,1.6058403180517866e-131,,,
A.D.3,128,13,12.598318910840455,-16.11795814677541,150.23591629355082,1.401513592091325e-30,,,
A.D.4.NmC3,1653,1,10.904106399904162,5.498443255524819,107.00311348895036,3.4359276686764815e-21,,,
A.D.NmC1,515,54,2.630945477626831,-216.40735651667143,550.8147130333429,1.458569090748918e-117,,,
A.D,2353,54,0.7659024318943122,-276.9618218700184,671.9236437400368,7.332037108556682e-144,,,
A.D.NmC2,637,54,0.7315839464376549,-190.0916241812177,498.1832483624354,3.911886965160851e-106,,,
