,num_seq,t_ch_MAX,max_CL,CL@BC_t_ch_MAX,aic,PV,PV_OK,t_ch_MAX_OK,phyl_OK
A.3,202,6,10.865499133874339,,,,*,*,*
A.3.1,1992,5,3.4711211472603765,3.2461284692094585,35.50774306158108,0.000490541831112951,*,*,
A.D.2.2.NmC1,394,17,2.0372126088785163,-13.62680660159163,69.25361320318326,2.312747063422728e-11,,,
A.D.4,176,17,1.9412046396222533,-47.16947325432801,136.33894650865602,6.247693888662107e-26,,,
A.D.5,115,17,1.8803603905320383,-63.686350060952414,169.3727001219048,4.2009389877079844e-33,,,
