,num_seq,t_ch_MAX,max_CL,CL@BC_t_ch_MAX,aic,PV,PV_OK,t_ch_MAX_OK,phyl_OK
B.D.E.2,853,9,9.097481562238395,,,,*,*,*
B.D.1,334,28,0.5598219956292383,-16.45701823796478,80.91403647592955,8.012646579465858e-12,,,
