,num_seq,t_ch_MAX,max_CL,CL@BC_t_ch_MAX,aic,PV,PV_OK,t_ch_MAX_OK,phyl_OK
B.D.E.2,853,10,4.218073376710509,,,,*,*,*
B.D.4.1,218,22,3.0644613171250334,-16.52907584461708,79.05815168923417,9.736200313009565e-10,,,
B.D.E.3.NmC1,0,17,2.3126623083816202,-1.0669358303755072,48.13387166075101,0.005067032188160779,*,,
