,num_seq,t_ch_MAX,max_CL,CL@BC_t_ch_MAX,aic,PV,PV_OK,t_ch_MAX_OK,phyl_OK
B.D.E.3.NmC1,1318,49,32.58439677861679,,,,*,*,*
B.D.E.3,125,38,12.959569057945796,-6.842330762776866,141.68466152555374,7.549880036223806e-18,,,
B.D,150,25,6.843996901621031,-39.55270104413862,207.10540208827723,4.677309146192985e-32,,,
B.D.NmC1,1726,35,6.8231126689728665,-33.8293343039246,195.6586686078492,1.4332831142206008e-29,,,
B.D.3,433,3,1.814231374814649,-79.5239925095509,287.0479850191018,2.0476024184359857e-49,,,
