,num_seq,t_ch_MAX,max_CL,CL@BC_t_ch_MAX,aic,PV,PV_OK,t_ch_MAX_OK,phyl_OK
A.D.4.NmC2,848,42,26.771932749957557,,,,*,*,*
A.D.4.NmC3,1653,49,17.301978400823664,13.615404385658968,96.76919122868206,1.9357804102511085e-06,,,
A.D.4.NmC1,2189,29,12.949137423171347,-1.6588870944822625,127.31777418896452,4.497880154120476e-13,,,
A.D.3.NmC1,397,25,5.141715508184018,-21.441399676972946,166.8827993539459,1.1552155533923533e-21,,,
A.D.4,176,8,1.2788108279135675,-41.02887153076986,206.05774306153972,3.5878487532896944e-30,,,
A.3,202,7,0.8377893646614123,-83.08248227957584,290.1649645591517,1.9622356553954257e-48,,,
