,num_seq,t_ch_MAX,max_CL,CL@BC_t_ch_MAX,aic,PV,PV_OK,t_ch_MAX_OK,phyl_OK
A.1.NmC2,0,1334,84.94946912177109,,,,*,*,*
A.1.NmC1,0,596,6.01040771998156,-22.037359874532044,2870.074719749064,6.932073665996776e-43,,,
