,num_seq,t_ch_MAX,max_CL,CL@BC_t_ch_MAX,aic,PV,PV_OK,t_ch_MAX_OK,phyl_OK
B.D.NmC1,0,44,25.020156819961205,,,,*,*,*
B.D,150,23,16.776168002313916,8.245945485759362,93.50810902848127,5.18453804885418e-08,,,
B.D.3,433,32,15.396151617766206,-0.820837308166352,111.64167461633271,5.995571515297294e-12,,,
B.D.E.3.NmC1,0,21,7.996221169773068,-18.634494989314348,147.2689899786287,1.098688028808193e-19,,,
