,num_seq,t_ch_MAX,max_CL,CL@BC_t_ch_MAX,aic,PV,PV_OK,t_ch_MAX_OK,phyl_OK
A.1.NmC2,0,1390,173.62214478189313,,,,*,*,*
A.1.NmC1,0,686,30.102630207376702,28.514738281796156,2786.970523436408,9.587363713944369e-64,,,
