,num_seq,t_ch_MAX,max_CL,CL@BC_t_ch_MAX,aic,PV,PV_OK,t_ch_MAX_OK,phyl_OK
A.D.4.NmC2,0,45,25.141002659949333,,,,*,*,*
A.D.4.NmC1,0,13,9.398221763910307,-30.505624142449353,203.0112482848987,2.2980070144960864e-24,,,
A.D.4.NmC3,0,17,5.420244863379009,-0.669974394484617,143.33994878896922,2.0822228957388618e-11,,,
A.D.4,176,16,0.274940155687202,-74.67825464202471,291.3565092840494,1.5010411971503938e-43,,,
