,num_seq,t_ch_MAX,max_CL,CL@BC_t_ch_MAX,aic,PV,PV_OK,t_ch_MAX_OK,phyl_OK
A.D.4.NmC3,0,54,32.49627442720073,,,,*,*,*
A.D.2.2.1,40,59,29.73838248093814,26.714526948435825,144.57094610312834,0.003088715408236766,*,,
A.D.4.NmC1,0,59,28.723125399124115,24.70130964628186,148.5973807074363,0.0004117887841087484,*,,
A.D.3.NmC2,0,20,11.65930439849481,-33.41963666242528,264.8392733248506,2.3630843573508257e-29,,,
A.2.1.1,31,3,3.827176228359737,-286.31233569290447,770.6246713858089,3.505481640017974e-139,,,
