,num_seq,t_ch_MAX,max_CL,CL@BC_t_ch_MAX,aic,PV,PV_OK,t_ch_MAX_OK,phyl_OK
A.3.1,1992,6,11.222729709497658,,,,*,*,*
A.D.4.NmC1,2189,4,10.021917489442476,8.755854944889343,36.488290110221314,0.08458485900156465,*,,
A.3.1.NmC1,266,19,5.252279758579974,-28.30665179712077,110.61330359424154,6.797342139196797e-18,,,
A.3.1.1,731,24,2.5622836392313686,-12.288100853862748,78.57620170772549,6.131479181842656e-11,,,
