,num_seq,t_ch_MAX,max_CL,CL@BC_t_ch_MAX,aic,PV,PV_OK,t_ch_MAX_OK,phyl_OK
B.D.2,1269,25,16.999459416988103,,,,*,*,*
B.D.4.1.1,260,28,5.099379609424481,2.90256150908801,68.19487698182398,7.561697113858221e-07,,,
B.D.4.1,218,27,3.748757809847775,3.4426477341147574,67.11470453177049,1.2975924137144136e-06,,,
B.D.E.2,853,8,3.062688548642844,-2.6109722306833563,79.22194446136672,3.0442843135833875e-09,,,
B.D.4,1413,7,2.046597951543707,-12.8088232274181,99.6176464548362,1.131570181009821e-13,,,
B.D.4.NmC1,0,7,1.3100174017525827,-62.59638282592113,199.19276565184225,2.7060181980275595e-35,,,
