,num_seq,t_ch_MAX,max_CL,CL@BC_t_ch_MAX,aic,PV,PV_OK,t_ch_MAX_OK,phyl_OK
B.D.4.NmC1,1212,6,11.896869347716619,,,,*,*,*
B.D.NmC1,1726,1,9.811811470872703,6.632196974514104,48.735606050971796,0.005169393028320329,*,,
B.D.1.1,115,20,3.429864716166559,-43.21748989003309,148.4349797800662,1.1642094021190271e-24,,,
B.D.4.1,218,21,0.3017632896672511,-26.512741162190405,115.02548232438082,2.0832862626538047e-17,,,
B.D,150,19,0.19708025527554388,-20.482989240289054,102.96597848057812,8.660534098902151e-15,,,
