,num_seq,t_ch_MAX,max_CL,CL@BC_t_ch_MAX,aic,PV,PV_OK,t_ch_MAX_OK,phyl_OK
B.D.2,1269,6,11.920550767491243,,,,*,*,*
B.D.E.3.NmC1,1318,6,7.181259519037339,5.722914731048763,42.55417053790247,0.0034306689762977375,*,*,
B.D.4.1,218,7,5.612305366153433,5.108303208343003,43.783393583313995,0.0018547599468555017,*,*,
B.D.E.3,125,1,4.958306531438978,1.8522080248340143,50.295583950331974,7.120126306690285e-05,*,,
B.D.4.NmC1,1212,24,2.213422104947448,-49.685992967604136,153.37198593520827,2.9588406249214275e-27,,,
B.D.1.1,115,24,2.154304173590048,-126.64119817902912,307.28239635805824,1.1219918908217027e-60,,,
B.D.NmC1,1726,24,0.9832946638407384,-34.629726855223886,123.25945371044777,1.021939058014648e-20,,,
