,num_seq,t_ch_MAX,max_CL,CL@BC_t_ch_MAX,aic,PV,PV_OK,t_ch_MAX_OK,phyl_OK
B.D.4,1413,14,6.704697429698445,,,,*,*,*
B.D.E.2,853,11,3.1868622746139383,-7.757434690892096,59.514869381784195,5.249304811394055e-07,,,
B.D.2,1269,7,2.370876118804915,-23.28409001846434,90.56818003692868,9.451668643187715e-14,,,
B.D.4.NmC1,1212,9,2.139390311500872,-10.214316539926166,64.42863307985233,4.484740991739733e-08,,,
