,num_seq,t_ch_MAX,max_CL,CL@BC_t_ch_MAX,aic,PV,PV_OK,t_ch_MAX_OK,phyl_OK
B.D.4.NmC1,0,25,12.839115237543039,,,,*,*,*
B.D.1,334,21,4.03589545473761,1.1893325315554046,85.62133493688918,8.719052362273852e-06,,,
B.D,150,22,2.0905319506010285,1.73940071340575,84.5211985731885,1.511232381985506e-05,*,,
