,num_seq,t_ch_MAX,max_CL,CL@BC_t_ch_MAX,aic,PV,PV_OK,t_ch_MAX_OK,phyl_OK
A.D.4.NmC3,1653,63,48.35788143111618,,,,*,*,*
A.D.2.2.1,40,39,33.05099902164937,-60.54112055518043,339.0822411103609,8.323513519557927e-48,,,
A.D.3.NmC2,401,37,12.930671285009495,-77.03107689464596,372.0621537892919,5.738398214453591e-55,,,
A.D.4.NmC2,848,45,9.734128142195972,-14.945455180074147,247.8909103601483,5.271856638518836e-28,,,
A.D.4.NmC1,2189,42,6.281692636206194,-71.07254374353917,360.14508748707834,2.2131676955907573e-52,,,
A.2.1.1,31,3,3.827176228359737,-408.3183604620464,1034.636720924093,7.609774244642992e-199,,,
