,num_seq,t_ch_MAX,max_CL,CL@BC_t_ch_MAX,aic,PV,PV_OK,t_ch_MAX_OK,phyl_OK
A.3.1,1992,4,18.18941819911448,,,,*,*,*
A.D.4.NmC1,2189,21,4.899044996633326,-8.046341094744143,66.09268218948829,4.039096853744861e-12,,,
A.3.1.1,731,21,2.481856760597848,-25.963906529121164,101.92781305824232,6.66387974931406e-20,,,
