,num_seq,t_ch_MAX,max_CL,CL@BC_t_ch_MAX,aic,PV,PV_OK,t_ch_MAX_OK,phyl_OK
A.D.3.NmC1,397,11,15.773138216426098,,,,*,*,*
A.D.3.6,757,2,14.720456991553148,13.30236515444534,11.39526969110932,1853.8132260912969,*,,
A.D.3,128,11,11.411410561895671,1.4114105618956718,35.17717887620866,0.012714655175249731,*,*,
A.D.3.NmC2,401,11,7.098394942796727,-2.9016050572032737,43.803210114406546,0.00017080295087044524,*,*,
A.D.NmC1,515,19,1.7462396820653057,-28.99109275141315,95.9821855028263,7.975397477794643e-16,,,
A.D.NmC2,637,18,1.6145319639337088,-11.631676734436125,61.26335346887225,2.761242456828035e-08,,,
A.D,2353,19,1.3607277959239703,-17.466858945131634,72.93371789026327,8.072280425208073e-11,,,
A.D.4.NmC3,1653,19,1.2721947920154546,-13.380473622414709,64.76094724482942,4.798319905458031e-09,,,
