,num_seq,t_ch_MAX,max_CL,CL@BC_t_ch_MAX,aic,PV,PV_OK,t_ch_MAX_OK,phyl_OK
A.3.1.1,731,62,16.319470746891668,,,,*,*,*
A.3.1,1992,72,1.6509894035018604,-24.797743629687123,87.59548725937424,1.386152153902459e-18,,,
