,num_seq,t_ch_MAX,max_CL,CL@BC_t_ch_MAX,aic,PV,PV_OK,t_ch_MAX_OK,phyl_OK
B,21,5,20.859460440733525,,,,*,*,*
B.D.1.NmC1,0,5,5.943759933719871,5.943759933719872,2.112480132560256,3.330410770729815e-07,,*,
