,num_seq,t_ch_MAX,max_CL,CL@BC_t_ch_MAX,aic,PV,PV_OK,t_ch_MAX_OK,phyl_OK
B.D.E.2,853,9,16.211940029663896,,,,*,*,*
B.D.2,1269,23,2.0334442483837876,-33.42371369244824,116.84742738489648,2.778391174207702e-22,,,
