,num_seq,t_ch_MAX,max_CL,CL@BC_t_ch_MAX,aic,PV,PV_OK,t_ch_MAX_OK,phyl_OK
A.3.1.1,731,7,7.424770966812051,,,,*,*,*
A.3.1.NmC1,266,10,5.555523654741011,0.4998839640225351,39.00023207195493,0.0009829031181487378,*,,
A.D.4.NmC1,2189,7,5.398466832218407,5.398466832218407,29.203066335563186,0.13199384318783017,*,*,
A.3.1,1992,10,4.164778116167531,3.493240638632469,33.013518722735064,0.0196436725530653,*,,
A.D.4.NmC3,1653,1,3.6230403355351046,1.365169924295043,37.269660151409916,0.002334400887529129,*,,
A.D.2.2.NmC1,394,19,3.609334173200286,-15.449725613871236,70.89945122774247,1.1628233030220929e-10,,,
A.D.4,176,19,3.379337684569949,-47.648592416928906,135.2971848338578,1.2056782020042864e-24,,,
A.D.5,115,19,3.2887075148211555,-46.27858303777899,132.55716607555797,4.744766550771179e-24,,,
A.D.4.NmC2,848,20,0.6394332122152728,-3.9222071904645097,47.84441438092902,1.1828484437181187e-05,*,,
