,num_seq,t_ch_MAX,max_CL,CL@BC_t_ch_MAX,aic,PV,PV_OK,t_ch_MAX_OK,phyl_OK
B.D.NmC1,0,7,20.066781236123127,,,,*,*,*
B.D.E.3.NmC1,0,4,17.61968010137892,17.22486291085329,67.55027417829342,0.05842566596450083,*,,
B.D.3,433,7,11.933855908985777,11.933855908985779,78.13228818202845,0.00029456820080580036,*,*,
B.D.E.3,125,3,11.538229046173257,6.70981135105903,88.58037729788194,1.5848829530784958e-06,,,
B.D.4,1413,39,4.076558426755402,-165.10337109162063,432.20674218324126,3.8167242651262207e-81,,,
B.D.E.2,853,48,0.675809943369863,-183.88670642354433,469.77341284708865,2.6646514910309963e-89,,,
