,num_seq,t_ch_MAX,max_CL,CL@BC_t_ch_MAX,aic,PV,PV_OK,t_ch_MAX_OK,phyl_OK
A.1.NmC2,195,1350,170.16897494592737,,,,*,*,*
A.1.NmC1,377,1279,139.98495822605693,122.07405982619456,2561.851880347611,2.6347186310609617e-15,,,
