,num_seq,t_ch_MAX,max_CL,CL@BC_t_ch_MAX,aic,PV,PV_OK,t_ch_MAX_OK,phyl_OK
A.2.1.1,31,64,5.263475807407676,,,,*,*,*
A.D.5.NmC1,425,57,3.010034211350481,0.4276666433864269,23.144666713227146,5.233079922178065,*,,
A.3,202,66,0.8503421895722353,-2.3242211662931807,28.648442332586363,0.33287108369807966,*,,
