,num_seq,t_ch_MAX,max_CL,CL@BC_t_ch_MAX,aic,PV,PV_OK,t_ch_MAX_OK,phyl_OK
A.D.4.NmC3,1653,13,14.26986103324624,,,,*,*,*
A.2.1.1,31,3,3.827176228359737,-59.4634331618094,154.9268663236188,9.490659162055238e-33,,,
A.D.2.2.1,40,3,3.5971798227009435,-7.615710322480214,51.23142064496043,3.129430158344106e-10,,,
