,num_seq,t_ch_MAX,max_CL,CL@BC_t_ch_MAX,aic,PV,PV_OK,t_ch_MAX_OK,phyl_OK
B.D.4.1,218,41,2.917888787769306,,,,*,*,*
B.D.2,1269,38,2.4600027776126954,0.7386076507556223,22.522784698488756,0.11304153064044989,*,,
B.D.4.NmC1,1212,46,2.213422104947448,-14.612764094603556,53.22552818920711,2.424634385004574e-08,,,
B.D.1.1,115,46,2.154304173590048,-47.75382525006514,119.50765050013028,9.820353688366588e-23,,,
B.D.NmC1,1726,46,0.9832946638407384,-9.496657203547304,42.99331440709461,4.0572709101077695e-06,,,
B.D.E.3.NmC1,1318,38,0.5981994731478275,-0.956616000569612,25.913232001139225,0.020754337873699742,*,,
