,num_seq,t_ch_MAX,max_CL,CL@BC_t_ch_MAX,aic,PV,PV_OK,t_ch_MAX_OK,phyl_OK
B.D.E.5,276,493,701.7768230466943,,,,*,*,*
B.D.4.1.2,1305,500,668.8945900636742,659.9331035553114,192.13379288937722,6.747126880157965e-19,,,
B.D.E.4,1372,124,37.64050515272875,-93.12686403035664,1698.2537280607132,0.0,,,
B.D.E.1,1124,28,20.655818672986943,-390.52791040638726,2293.0558208127745,0.0,,,
B.D.E.1.2,165,6,3.913832119967892,-922.8341799748846,3357.668359949769,0.0,,,
B.D.E.7,23,3,1.6892120301013978,-1326.9603406254862,4165.920681250973,0.0,,,
B.D.E.1.1,68,6,-1.2884344287756324,-1572.8985968018749,4657.79719360375,0.0,,,
