,num_seq,t_ch_MAX,max_CL,CL@BC_t_ch_MAX,aic,PV,PV_OK,t_ch_MAX_OK,phyl_OK
B.D.E.2,853,4,11.82309368882782,,,,*,*,*
B.D.E.3.NmC1,1318,21,2.130527078527291,-11.974063491445069,79.94812698289013,4.610959744808222e-11,,,
B.D.E.3,125,21,1.7970859460846826,-13.83454519704115,83.6690903940823,7.17800231995246e-12,,,
B.D.2,1269,21,1.6636668607316276,-34.16569525914949,124.33139051829897,1.0636451821496722e-20,,,
B.D.4.1,218,21,1.3825481562812492e-05,-32.45081721070741,120.90163442141483,5.910331137492222e-20,,,
