,num_seq,t_ch_MAX,max_CL,CL@BC_t_ch_MAX,aic,PV,PV_OK,t_ch_MAX_OK,phyl_OK
A.3,202,5,38.61393611411573,,,,*,*,*
A.D.4.NmC1,2189,1,17.370618896821792,15.073639995069971,101.85272000986006,1.317203011707747e-06,,,
A.3.1.1,731,38,2.25520289449171,-85.08210570172268,302.1642114034454,4.196515968390689e-50,,,
A.D.2.2.NmC1,394,44,2.0372126088785163,-222.3200729947336,576.6401459894672,1.0478863510365297e-109,,,
A.D.4,176,44,1.9412046396222533,-164.7737482715639,461.5474965431278,1.0275196707629273e-84,,,
A.D.5,115,44,1.8803603905320383,-184.9832785336023,501.9665570672046,1.7167168325860676e-93,,,
