,num_seq,t_ch_MAX,max_CL,CL@BC_t_ch_MAX,aic,PV,PV_OK,t_ch_MAX_OK,phyl_OK
A.3.1.NmC1,266,4,21.760760165654627,,,,*,*,*
A.3.1.1,731,1,13.765044609908138,13.268910093602747,27.462179812794506,0.00020551326011554428,*,,
A.D.4.NmC1,2189,7,10.763350689479067,10.234247095328378,33.531505809343244,9.879980696519291e-06,,,
A.3.1,1992,7,10.556406070678024,8.759385791893385,36.48122841621323,2.2603294069810585e-06,,,
A.D.4.NmC3,1653,1,4.842835405879434,3.3390767952306875,47.32184640953862,1.0006809757111146e-08,,,
A.D.2.2.NmC1,394,24,0.25466599791973854,-35.321995598451586,124.64399119690317,1.6235698319552377e-25,,,
