,num_seq,t_ch_MAX,max_CL,CL@BC_t_ch_MAX,aic,PV,PV_OK,t_ch_MAX_OK,phyl_OK
A.D.5.NmC1,0,3,0.7114762144345205,,,,*,*,*
A.3.1.1,731,3,0.49613451630538896,0.49613451630538896,7.007730967389222,0.806541440177327,*,*,
A.D.NmC2,0,3,0.4779254120300097,0.4779254120300097,7.044149175939981,0.794533602503334,*,*,
