,num_seq,t_ch_MAX,max_CL,CL@BC_t_ch_MAX,aic,PV,PV_OK,t_ch_MAX_OK,phyl_OK
B.D.NmC1,1726,36,22.357013796621004,,,,*,*,*
B.D,150,23,16.680156608381743,-5.302051401062748,120.6041028021255,9.76306325154861e-13,,,
B.D.3,433,23,16.095741598944155,-5.877869291167789,121.75573858233558,5.46632316721674e-13,,,
B.D.E.3.NmC1,1318,33,13.295002899264055,2.646728695926587,104.70654260814683,2.7545823580701814e-09,,,
B.D.E.3,125,30,4.151151125962279,-17.33407452914633,144.66814905829267,5.792312885394912e-18,,,
B,21,10,0.01868754738004652,-118.08809430728277,346.17618861456555,1.0127715409517986e-61,,,
