,num_seq,t_ch_MAX,max_CL,CL@BC_t_ch_MAX,aic,PV,PV_OK,t_ch_MAX_OK,phyl_OK
A.3.1.1,731,5,2.539989095263622,,,,*,*,*
A.3.1,1992,4,0.8869794377817072,0.7974764752265854,18.40504704954683,0.17464498896681085,*,*,
A.D.NmC2,637,3,0.8214938606728845,-2.9061281691514385,25.812256338302877,0.0043178400076330815,*,,
A.3.1.NmC2,67,3,0.7842629544639835,-16.51380101742269,53.02760203484538,5.302963615135715e-09,,,
A.D.NmC1,515,3,0.7617583771145795,-2.1837812174924367,24.367562434984873,0.008870713909928251,*,,
A.D,2353,3,0.5810256149247326,-3.8161327429979632,27.632265485995926,0.001738035198573895,*,,
A.D.2.2.NmC1,394,3,0.5702215295355886,-11.088811020136117,42.17762204027223,1.2038329097328928e-06,,,
A.D.3.6,757,3,0.5207514923468091,-10.30507275672878,40.61014551345756,2.6392916267814575e-06,,,
