,num_seq,t_ch_MAX,max_CL,CL@BC_t_ch_MAX,aic,PV,PV_OK,t_ch_MAX_OK,phyl_OK
B.D.E.3.NmC1,1318,58,37.68447791694929,,,,*,*,*
B.D.E.3,125,58,13.813325914167143,13.813325914167143,104.37334817166571,4.2992303698942934e-11,,*,
