,num_seq,t_ch_MAX,max_CL,CL@BC_t_ch_MAX,aic,PV,PV_OK,t_ch_MAX_OK,phyl_OK
B.D.E.3,125,41,25.66167647356735,,,,*,*,*
B.D.E.3.NmC1,0,50,20.92865181117887,19.647983241548054,52.70403351690389,0.0024540881804139126,*,,
B.D.NmC1,0,46,19.86628556258445,17.79853061945344,56.40293876109312,0.000385873871372051,*,,
B.D.3,433,32,13.645223833173246,10.803616831114637,70.39276633777072,3.536351871369212e-07,,,
B.D,150,33,4.996439865386128,-12.465749189099382,116.93149837819877,2.770274965784119e-17,,,
