,num_seq,t_ch_MAX,max_CL,CL@BC_t_ch_MAX,aic,PV,PV_OK,t_ch_MAX_OK,phyl_OK
A.3.1.1,731,24,10.013548364014898,,,,*,*,*
A.D.NmC2,637,16,5.42620585087763,-120.56038993916101,335.120779878322,6.406738330673504e-57,,,
A.3.1,1992,23,4.8986027291485925,-14.721654451693553,123.4433089033871,5.920589507657801e-11,,*,
A.D,2353,18,4.6243592961167765,-101.30508196960437,296.61016393920875,1.4756291831911223e-48,,,
A.D.3.6,757,4,0.9402081128428648,-86.30166035330865,266.6033207066173,4.8480371211951965e-42,,,
A.3.1.NmC2,67,3,0.7842629544639835,-167.36572384642508,428.73144769285017,3.016364084527729e-77,,,
A.D.NmC1,515,3,0.7617583771145795,-140.42926221699662,374.85852443399324,1.503853847006093e-65,,,
A.D.2.2.NmC1,394,3,0.5702215295355886,-28.72556672902122,151.45113345804245,4.898585945407812e-17,,,
