,num_seq,t_ch_MAX,max_CL,CL@BC_t_ch_MAX,aic,PV,PV_OK,t_ch_MAX_OK,phyl_OK
B.D.E.3,125,43,21.859724978161978,,,,*,*,*
B.D.E.3.NmC1,0,47,18.650833938682027,18.10329938248252,63.79340123503496,0.023400450609211077,*,,
B.D.NmC1,0,41,16.966291456604186,14.49550381681542,71.00899236636916,0.0006330254064839723,*,,
B.D.3,433,31,12.300098948632018,6.720994113415626,86.55801177316874,2.659387015558671e-07,,,
B.D,150,31,2.8461384254322657,-6.476869137130077,112.95373827426016,4.946133740774536e-13,,,
