,num_seq,t_ch_MAX,max_CL,CL@BC_t_ch_MAX,aic,PV,PV_OK,t_ch_MAX_OK,phyl_OK
A.D.4.NmC3,1653,58,43.75094509647385,,,,*,*,*
A.D.2.2.1,40,42,35.385341702240495,22.21809916588212,155.56380166823575,4.4631327507553787e-10,,,
A.D.4.NmC1,2189,63,23.91558299193916,19.893767239096906,160.2124655218062,4.364204916272354e-11,,,
A.D.3.NmC2,401,37,15.092289494504984,-7.658326110694278,215.31665222138855,4.708913202636051e-23,,,
A.2.1.1,31,3,3.827176228359737,-350.7431882281673,901.4863764563346,4.709755495869384e-172,,,
