,num_seq,t_ch_MAX,max_CL,CL@BC_t_ch_MAX,aic,PV,PV_OK,t_ch_MAX_OK,phyl_OK
B.D.3,433,35,31.27756665923657,,,,*,*,*
B.D.NmC1,0,40,17.169763634589902,14.341896641972419,73.31620671605516,4.395937170227725e-08,,,
B.D,150,16,12.141845928136705,-39.381156441821176,180.76231288364235,2.0547165012090645e-31,,,
B.D.E.3.NmC1,0,16,6.418076917887469,-17.374689591835754,136.74937918367152,7.402901706639291e-22,,,
