,num_seq,t_ch_MAX,max_CL,CL@BC_t_ch_MAX,aic,PV,PV_OK,t_ch_MAX_OK,phyl_OK
B.D.NmC1,0,43,20.957211112454694,,,,*,*,*
B.D.E.3.NmC1,0,33,13.581768939167583,1.1657442923467547,107.6685114153065,2.542800002202816e-09,,,
B.D.E.3,125,14,10.38600675146327,-16.740663495530402,143.4813269910608,4.2586260334491236e-17,,,
B.D.3,433,16,7.434712970305789,-6.791915512710133,123.58383102542027,8.922767969365761e-13,,,
B.D,150,18,5.949988955209217,-14.791266706268582,139.58253341253717,2.993255191167776e-16,,,
