,num_seq,t_ch_MAX,max_CL,CL@BC_t_ch_MAX,aic,PV,PV_OK,t_ch_MAX_OK,phyl_OK
A.D.4.NmC3,1653,56,32.987256388557384,,,,*,*,*
A.D.2.2.1,40,30,23.611598742014124,10.888988097115078,168.22202380576985,2.536666785217718e-10,,,
A.D.3.NmC2,401,26,21.735580166390292,-24.27448725546069,238.54897451092137,1.3561195167782056e-25,,,
A.2.1.1,31,3,3.827176228359737,-373.78882054966533,937.5776410993307,2.1870671818477074e-177,,,
A.D.4.NmC2,848,59,0.26109554179781586,-0.3775687598874551,190.7551375197749,3.2341831587526124e-15,,,
