,num_seq,t_ch_MAX,max_CL,CL@BC_t_ch_MAX,aic,PV,PV_OK,t_ch_MAX_OK,phyl_OK
A.3,202,8,56.3908909670633,,,,*,*,*
A.3.1,1992,44,7.180631079558843,-220.40625187028795,596.812503740576,6.15827220671847e-121,,,
A.D.2.2.NmC1,394,55,2.059218251484794,-286.7860380271132,729.5720760542264,9.14094662069365e-150,,,
A.D.4,176,57,1.9412046396222533,-219.1306952017408,594.2613904034815,2.203861742997225e-120,,,
A.D.5,115,57,1.8803603905320383,-302.88226495916024,761.7645299183205,9.3545195427108e-157,,,
