,num_seq,t_ch_MAX,max_CL,CL@BC_t_ch_MAX,aic,PV,PV_OK,t_ch_MAX_OK,phyl_OK
A.3.1,1992,7,9.5247562407198,,,,*,*,*
A.D.4.NmC1,2189,7,9.06879790759042,9.905117208715009,24.189765582569983,0.7827045382418674,*,*,
A.3.1.NmC1,266,17,5.833230192782625,-3.202446003151069,50.404892006302134,1.592827211940512e-06,,,
A.3.1.1,731,17,5.322138943003947,-0.7674875396193432,45.534975079238684,1.8183426693230565e-05,*,,
A.D.4.NmC3,1653,8,2.2139025657348936,2.5177793790628105,38.96444124187438,0.0004856608583403888,*,*,
