,num_seq,t_ch_MAX,max_CL,CL@BC_t_ch_MAX,aic,PV,PV_OK,t_ch_MAX_OK,phyl_OK
A.3.1,1992,46,9.545149173673204,,,,*,*,*
A.D.4.NmC1,0,46,9.10353760620068,9.10353760620068,13.79292478759864,0.6440364210831416,*,*,
A.3.1.NmC1,0,47,8.820346635589422,-5.320811438395531,42.64162287679106,3.501164582327648e-07,,*,
A.3.1.1,731,46,7.954155405431382,7.954155405431384,16.091689189137234,0.20392561173421347,*,*,
A.D.4.NmC3,0,47,0.49359128101847133,-9.506408718981527,51.01281743796305,5.329544830873241e-09,,*,
