,num_seq,t_ch_MAX,max_CL,CL@BC_t_ch_MAX,aic,PV,PV_OK,t_ch_MAX_OK,phyl_OK
B.D.4,1413,14,1.6333505754651925,,,,*,*,*
B.D.2,1269,14,1.562183394248374,1.5621833942483743,4.875633211503251,0.9277434863285532,*,*,
