,num_seq,t_ch_MAX,max_CL,CL@BC_t_ch_MAX,aic,PV,PV_OK,t_ch_MAX_OK,phyl_OK
A.D.4.NmC1,0,5,26.205916853637493,,,,*,*,*
A.D.4.NmC3,0,5,22.408512246164317,22.40851224616432,61.18297550767136,0.02248290581673557,*,*,
A.3.1.1,731,28,11.122593781725499,-61.63542702001163,229.27085404002327,7.105141143780887e-39,,,
A.3.1.NmC1,0,37,10.895019461920128,-228.87780551649905,563.7556110329981,1.6519316866534664e-111,,,
A.D.4.NmC2,0,5,10.836460173357379,10.836460173357375,84.32707965328525,2.112972345922427e-07,,*,
A.3.1,1992,35,8.533561466880602,-156.24204967167944,418.4840993433589,5.822952523345262e-80,,,
