,num_seq,t_ch_MAX,max_CL,CL@BC_t_ch_MAX,aic,PV,PV_OK,t_ch_MAX_OK,phyl_OK
B.D.E.2,853,13,7.23347116233387,,,,*,*,*
B.D.4.1,218,10,5.555243221401218,-2.747296428671359,53.49459285734272,0.00011916517524538292,*,,
B.D.2,1269,8,3.2182910217345095,-22.67879259214367,93.35758518428733,2.6211317992013606e-13,,,
B.D.4,1413,9,2.020860764051128,-7.479346156345245,62.95869231269049,1.046562054120397e-06,,,
B.D.4.NmC1,0,6,0.6364680968000334,-12.93676240408545,73.8735248081709,4.473923825780761e-09,,,
