,num_seq,t_ch_MAX,max_CL,CL@BC_t_ch_MAX,aic,PV,PV_OK,t_ch_MAX_OK,phyl_OK
A.D.4.NmC3,1653,58,45.333023247402195,,,,*,*,*
A.D.4.NmC1,2189,40,15.991814398745543,0.6212241493488723,202.75755170130225,3.806468513206778e-20,,,
A.D.2.2.1,40,12,13.486035621174354,-21.65868120937844,247.3173624187569,8.024928744778768e-30,,,
A.D.3.NmC2,401,37,8.028531676927475,-25.869692203322078,255.73938440664415,1.1914104803188546e-31,,,
A.D.4.NmC2,848,40,7.512005652998097,-14.435996207166152,232.8719924143323,1.1020944532877386e-26,,,
A.2.1.1,31,3,3.827176228359737,-339.4230378526848,882.8460757053696,7.958938391020011e-168,,,
