,num_seq,t_ch_MAX,max_CL,CL@BC_t_ch_MAX,aic,PV,PV_OK,t_ch_MAX_OK,phyl_OK
A.D.4.NmC2,0,9,30.248524218298932,,,,*,*,*
A.D.4.NmC3,0,1,24.46544379956762,16.140890388466364,85.71821922306728,7.449118110523749e-07,,,
A.D.5,115,47,6.672934006068884,-103.01740017674925,324.0348003534985,1.3296761198318094e-58,,,
A.D.2.2.NmC1,0,51,3.813636270359471,-257.81707229577,633.63414459154,7.851634425951168e-126,,,
A.D.4,176,51,3.7643324990151767,-25.917802675043337,169.83560535008667,4.033471118050183e-25,,,
