,num_seq,t_ch_MAX,max_CL,CL@BC_t_ch_MAX,aic,PV,PV_OK,t_ch_MAX_OK,phyl_OK
A.D.NmC2,637,16,6.194531615625061,,,,*,*,*
A.D.2.1,76,13,5.550633251505013,1.4963231246668531,43.0073537506663,0.009095277101695824,*,,
A.D,2353,17,4.754287412344074,4.005913272044737,37.98817345591053,0.11191674861732873,*,*,
A.D.2.2.NmC1,394,8,1.9110724909355294,-2.319752604726923,50.639505209453844,0.00020043911964394727,*,,
A.D.5.NmC1,425,13,1.7771890861886668,-2.6414266911898903,51.282853382379784,0.00014554867372135058,*,,
A.3.1.1,731,5,1.548782619478967,-13.076828329910864,72.15365665982173,4.2770599113595085e-09,,,
