,num_seq,t_ch_MAX,max_CL,CL@BC_t_ch_MAX,aic,PV,PV_OK,t_ch_MAX_OK,phyl_OK
B.1.17.NmC4,116,40,5.610555450159889,,,,*,*,*
B.1.17.NmC5,119,37,4.905310789116556,3.758673008106672,108.48265398378666,0.5769498103804842,*,,
B.1.17.NmC2,182,37,4.723857433246582,4.294885751276867,107.41022849744627,0.9851119396030621,*,,
B.1.17.NmC1,375,36,3.51902159711778,0.4276071079128761,115.14478578417425,0.02065082518171251,*,,
B.1.NmC10,223,36,2.7298042391648374,-4.940446328091841,125.88089265618368,9.61116520613947e-05,*,,
