,num_seq,t_ch_MAX,max_CL,CL@BC_t_ch_MAX,aic,PV,PV_OK,t_ch_MAX_OK,phyl_OK
A.D.4.NmC3,0,59,41.460158475155936,,,,*,*,*
A.D.2.2.1,40,8,8.618443951712035,-0.03191978710411503,196.06383957420823,9.574628801873382e-19,,,
A.2.1.1,31,3,3.827176228359737,-373.4184461147296,942.8368922294592,6.605494693050965e-181,,,
A.D.3.NmC2,0,8,3.5401532658485513,-35.00387502068407,266.0077500413681,6.1897404903154656e-34,,,
