,num_seq,t_ch_MAX,max_CL,CL@BC_t_ch_MAX,aic,PV,PV_OK,t_ch_MAX_OK,phyl_OK
A.3.1,1992,19,10.252425404280954,,,,*,*,*
A.3.1.1,731,19,5.184769284612157,5.184769284612157,63.63046143077568,0.006313910902804398,*,*,
A.3.1.NmC1,266,8,4.389766850241929,-3.6462002870384778,81.29240057407695,9.235877711238188e-07,,,
A.D.NmC2,637,3,0.8214938606728845,-31.26800993230058,136.53601986460114,9.291655756162982e-19,,,
A.3.1.NmC2,67,3,0.7842629544639835,-57.60825929593115,189.2165185918623,3.3789087077127374e-30,,,
A.D.NmC1,515,3,0.7617583771145795,-55.69807049513449,185.39614099026898,2.2818070545314635e-29,,,
A.D,2353,3,0.5810256149247326,-32.56313630839455,139.1262726167891,2.5449646677160196e-19,,,
A.D.2.2.NmC1,394,3,0.5702215295355886,-25.134939246427297,124.26987849285459,4.290320710786236e-16,,,
A.D.3.6,757,3,0.5207514923468091,-43.059826368189704,160.1196527363794,7.043056457575064e-24,,,
