,num_seq,t_ch_MAX,max_CL,CL@BC_t_ch_MAX,aic,PV,PV_OK,t_ch_MAX_OK,phyl_OK
A.D.5.NmC1,0,57,9.219012878217729,,,,*,*,*
A.2.1.1,31,73,2.5854827776574956,-77.6839673863809,227.3679347727618,4.870679883281477e-38,,,
