,num_seq,t_ch_MAX,max_CL,CL@BC_t_ch_MAX,aic,PV,PV_OK,t_ch_MAX_OK,phyl_OK
A.D.4.NmC3,0,54,41.31287361192706,,,,*,*,*
A.D.2.2.1,40,41,24.714661086419976,5.747030659323279,166.50593868135343,3.5657039218339543e-16,,,
A.D.4.NmC1,0,40,17.837094429465466,5.285689937997898,167.4286201240042,2.250970570573664e-16,,,
A.D.3.NmC2,0,36,8.618707707817036,-30.312593876631915,238.62518775326384,7.78908173719519e-32,,,
A.D.4.NmC2,0,40,6.6956391902265375,-9.197348718181644,196.3946974363633,1.1582057563371733e-22,,,
A.2.1.1,31,3,3.827176228359737,-315.8296915507624,809.6593831015248,7.832443318180067e-156,,,
