,num_seq,t_ch_MAX,max_CL,CL@BC_t_ch_MAX,aic,PV,PV_OK,t_ch_MAX_OK,phyl_OK
B.D.4.1.2,1305,242,6.440987207991695,,,,*,*,*
B.D.E.1,1124,242,0.5880646751830169,0.7994226511563046,18.401154697687392,0.001669885863664809,*,*,
B.D.E.4,1372,242,0.34715093051198265,1.7454274897729678,16.509145020454064,0.004296304690752336,*,*,
