,num_seq,t_ch_MAX,max_CL,CL@BC_t_ch_MAX,aic,PV,PV_OK,t_ch_MAX_OK,phyl_OK
A.D.4.NmC1,2189,6,32.356032552779276,,,,*,*,*
A.D.4.NmC3,1653,6,17.051536839149907,17.051536839149904,61.89692632170019,2.254877507225351e-07,,*,
A.3.1,1992,29,12.044145337349375,-133.79231861025266,363.58463722050533,6.984628378943127e-73,,,
A.3.1.1,731,27,9.525977056139947,-60.57366484543853,217.14732969087706,4.3753600464544507e-41,,,
A.3.1.NmC1,266,37,8.820346635589422,-218.6866759415035,533.373351883007,9.434377787216371e-110,,,
