,num_seq,t_ch_MAX,max_CL,CL@BC_t_ch_MAX,aic,PV,PV_OK,t_ch_MAX_OK,phyl_OK
A.D.1,1413,82,82.76178470527742,,,,*,*,*
A.D.2,2386,77,47.77593466829805,45.12210863371291,217.75578273257418,4.499411367053366e-17,,,
A.D.2.NmC1,0,77,34.76404030936612,27.234991616219762,253.53001676756048,7.687743633946539e-25,,,
A.D.2.1,76,92,26.841676096279205,10.173301085884862,287.65339782823025,2.9973332473885256e-32,,,
A.D.2.2.1,40,92,20.078298270151045,14.151872513311254,279.6962549733775,1.5960834582888624e-30,,,
