,num_seq,t_ch_MAX,max_CL,CL@BC_t_ch_MAX,aic,PV,PV_OK,t_ch_MAX_OK,phyl_OK
B.D.1.1,115,30,4.751065778530851,,,,*,*,*
B.D.4.1,218,23,2.3324362694111658,0.5185529586578144,16.96289408268437,0.014552390548416123,*,,
B.D.4.NmC1,0,30,1.9981303915542825,1.998130391554282,14.003739216891436,0.06392786120670757,*,*,
