,num_seq,t_ch_MAX,max_CL,CL@BC_t_ch_MAX,aic,PV,PV_OK,t_ch_MAX_OK,phyl_OK
A.D.4.NmC1,0,50,33.852853754941556,,,,*,*,*
A.D.2.2.1,40,63,21.432627594505835,5.021419141724146,137.9571617165517,2.999981760818895e-13,,,
A.D.4.NmC2,0,26,15.74395642540815,-12.1560104732497,172.3120209464994,1.0425835964122277e-20,,,
A.D.4.NmC3,0,26,14.320848761254524,5.950770321852058,136.09845935629588,7.603481305481713e-13,,,
A.D.3.NmC1,0,24,8.30582080880913,-58.19606273450552,264.39212546901103,1.0548554251466877e-40,,,
A.D.3.NmC2,0,24,3.688172070544399,-62.995519400927556,273.9910388018551,8.681193322243621e-43,,,
