,num_seq,t_ch_MAX,max_CL,CL@BC_t_ch_MAX,aic,PV,PV_OK,t_ch_MAX_OK,phyl_OK
A.D,2353,21,9.749916242664245,,,,*,*,*
A.D.NmC2,0,19,9.385255685848996,-2.1820376992220556,66.36407539844411,6.5897180163077295e-06,,,
A.D.NmC1,0,20,3.6686605466734465,-6.947323153176368,75.89464630635274,5.6163430201925054e-08,,*,
A.D.2.2.NmC1,0,12,3.5047418833961985,-30.12031770155635,122.24063540311269,4.83814640834401e-18,,,
A.D.2.1,76,12,3.2574840674533165,-29.715406255523284,121.43081251104657,7.2538450056708e-18,,,
A.D.5.NmC1,0,12,2.2683481869854396,-40.706999729388045,143.4139994587761,1.2236914217211638e-22,,,
A.D.3.6,757,21,1.2371332263968493,1.2371332263968493,59.5257335472063,0.00020043911964394727,*,*,
A.D.5,115,9,0.13587688572968845,-28.571700256446945,119.14340051289389,2.279478254192123e-17,,,
