,num_seq,t_ch_MAX,max_CL,CL@BC_t_ch_MAX,aic,PV,PV_OK,t_ch_MAX_OK,phyl_OK
B.D.4.NmC1,1212,5,11.93398733296132,,,,*,*,*
B.D.NmC1,1726,1,9.378249754549241,6.89063983065564,52.21872033868872,0.006441460363850611,*,,
B.D,150,1,5.779597457789441,3.1044014544446754,59.79119709111065,0.0001462782394844374,*,,
B.D.1.1,115,24,3.429864716166559,-89.24787877052266,244.49575754104532,1.1373990171133094e-44,,,
B.D.4,1413,9,0.4287456286069307,-4.353910160453016,74.70782032090604,8.420597131351035e-08,,,
B.D.4.1,218,25,0.3017632896672511,-42.25505113687915,150.51010227375832,2.9213394646107628e-24,,,
