,num_seq,t_ch_MAX,max_CL,CL@BC_t_ch_MAX,aic,PV,PV_OK,t_ch_MAX_OK,phyl_OK
A.D.4.NmC3,1653,56,39.63739386209494,,,,*,*,*
A.D.2.2.1,40,38,29.440501086798115,-4.026202684407034,208.05240536881408,1.0932082994037584e-19,,,
A.D.4.NmC1,2189,39,17.922572281801028,9.949716187811813,180.10056762437637,1.2822370001478366e-13,,,
A.D.3.NmC2,401,19,9.434433347698672,-30.268438141754196,260.5368762835084,4.3716385052006655e-31,,,
A.D.4.NmC2,848,39,8.770714018709008,4.196657286525842,191.6066854269483,4.0607248327163786e-16,,,
A.2.1.1,31,3,3.827176228359737,-313.0785760607352,826.1571521214704,6.57388065564225e-154,,,
