,num_seq,t_ch_MAX,max_CL,CL@BC_t_ch_MAX,aic,PV,PV_OK,t_ch_MAX_OK,phyl_OK
A.3,202,4,36.70794043925777,,,,*,*,*
A.D.4.NmC1,2189,2,16.431271382122915,14.95634082672677,84.08731834654645,3.5638838879543174e-10,,,
A.3.1.1,731,37,0.4410524137475871,-89.21932308285905,292.43864616571807,2.03843043002656e-55,,,
A.D.4.NmC3,1653,40,0.30017813267275495,-15.90535244749911,145.81070489499822,1.411223613232315e-23,,,
