,num_seq,t_ch_MAX,max_CL,CL@BC_t_ch_MAX,aic,PV,PV_OK,t_ch_MAX_OK,phyl_OK
A.1,836,144,5.933337663498453,,,,*,*,*
A.1.NmC1,0,56,-0.0909218040107369,-10.496999706933721,638.9939994138674,7.320515463115501e-08,,,
A.1.NmC2,0,56,-0.10150391334127384,-23.882788359993494,665.7655767199869,1.1203108695842995e-13,,,
