,num_seq,t_ch_MAX,max_CL,CL@BC_t_ch_MAX,aic,PV,PV_OK,t_ch_MAX_OK,phyl_OK
A.D.3.NmC2,401,74,32.660355518891976,,,,*,*,*
A.D.2.2.1,40,29,16.960037649466365,-8.660836066858556,171.3216721337171,1.1348853968452318e-18,,,
A.D.2.2,545,6,0.4891788804995569,-490.94997885103635,1135.8999577020727,3.9725221793782136e-228,,,
