,num_seq,t_ch_MAX,max_CL,CL@BC_t_ch_MAX,aic,PV,PV_OK,t_ch_MAX_OK,phyl_OK
A.3.1,1992,46,6.976398134574009,,,,*,*,*
A.3.1.1,731,59,2.0982257270003863,-24.20249717342486,102.40499434684972,2.88981157754239e-14,,,
A.D.2.2.NmC1,394,61,2.0372126088785163,-21.69908772900589,97.39817545801178,3.520511209098114e-13,,,
A.D.4,176,61,1.9412046396222533,-75.35479672763174,204.70959345526347,1.7560436416599753e-36,,,
A.D.5,115,61,1.8803603905320383,-93.49787088002847,240.99574176005694,2.3134596584018955e-44,,,
A.3,202,60,1.290155781274709,-4.978841566337456,63.957683132674916,6.4270172987765966e-06,,,
