,num_seq,t_ch_MAX,max_CL,CL@BC_t_ch_MAX,aic,PV,PV_OK,t_ch_MAX_OK,phyl_OK
A.D.4.NmC2,0,48,32.518615123632316,,,,*,*,*
A.D.4.NmC3,0,23,14.67075245750533,7.774891196101888,136.45021760779622,1.7921858550573223e-11,,,
A.D.4.NmC1,0,16,10.16181350573653,-41.53796942792468,235.07593885584936,6.857260848678638e-33,,,
A.D.2.2.1,40,52,9.941238932748396,7.639236733627111,136.72152653274577,1.5658612982657998e-11,,,
A.D.3.NmC1,0,23,7.479571807247874,-56.93183513104596,265.8636702620919,1.4202297108974853e-39,,,
A.D.3.NmC2,0,23,2.9068162042045067,-80.48643494603805,312.9728698920761,8.366659071683134e-50,,,
