,num_seq,t_ch_MAX,max_CL,CL@BC_t_ch_MAX,aic,PV,PV_OK,t_ch_MAX_OK,phyl_OK
A.D.4.NmC3,0,55,32.16980106884799,,,,*,*,*
A.D.3.NmC2,0,37,24.72929262566113,-8.829643498826243,201.6592869976525,1.5628821893349888e-18,,,
A.D.2.2.1,40,37,24.312626970367884,15.022333101157697,153.9553337976846,3.56327741646133e-08,,,
A.D.4.NmC2,0,58,17.508296462259466,16.8696321605742,150.2607356788516,2.266180127765718e-07,,,
A.2.1.1,31,3,3.827176228359737,-364.6654680147991,913.3309360295982,4.5367962356016784e-173,,,
