,num_seq,t_ch_MAX,max_CL,CL@BC_t_ch_MAX,aic,PV,PV_OK,t_ch_MAX_OK,phyl_OK
A.3.1.1,731,26,12.516039032567155,,,,*,*,*
A.D.5.NmC1,0,3,1.6637656969931354,-46.78403709130651,165.56807418261303,1.7633447256374535e-26,,,
A.3.1,1992,26,1.4051634112672082,1.4051634112672082,69.18967317746558,1.4961953685411072e-05,*,*,
A.D.5,115,3,1.0727147973512097,-71.30113088591409,214.60226177182818,3.977479951660205e-37,,,
A.D.2.1,76,3,1.0564788407675632,-43.32969847917203,158.65939695834408,5.5824476370597145e-25,,,
