,num_seq,t_ch_MAX,max_CL,CL@BC_t_ch_MAX,aic,PV,PV_OK,t_ch_MAX_OK,phyl_OK
B.D.E.3.NmC1,1318,67,44.02213366921256,,,,*,*,*
B.D.E.3,125,18,17.27069234741633,-4.661943486815516,151.32388697363103,7.220123412256821e-22,,,
B.D.NmC1,1726,40,6.681662367333356,-47.039171836726425,236.07834367345285,2.838863283499348e-40,,,
