,num_seq,t_ch_MAX,max_CL,CL@BC_t_ch_MAX,aic,PV,PV_OK,t_ch_MAX_OK,phyl_OK
A.3.1.NmC1,0,13,2.7948483958087182,,,,*,*,*
A.3.1,1992,13,2.6437165087478536,2.643716508747854,0.712566982504292,0.8607079764250578,*,*,
A.3.1.1,731,13,2.5622836392313686,2.5622836392313686,0.8754327215372628,0.7905708496287356,*,*,
A.D.4.NmC1,0,13,2.437321215688735,2.4373212156887356,1.1253575686225288,0.697676326071031,*,*,
