,num_seq,t_ch_MAX,max_CL,CL@BC_t_ch_MAX,aic,PV,PV_OK,t_ch_MAX_OK,phyl_OK
B.D,150,14,6.898088890205164,,,,*,*,*
B.D.NmC1,1726,13,3.8106457873429513,3.5675925637477266,14.864814872504546,0.08500884237169956,*,*,
B.D.1,334,13,3.4147161808146183,3.4147161808146183,15.170567638370763,0.07280286282743559,*,*,
B.D.4,1413,13,3.406965010261288,3.083994725495677,15.832010549008647,0.05233970594843238,*,*,
