,num_seq,t_ch_MAX,max_CL,CL@BC_t_ch_MAX,aic,PV,PV_OK,t_ch_MAX_OK,phyl_OK
B.1.15,19,66,68.29593736605659,,,,*,*,*
B.1.NmC1,132,4,2.066787419989819,-132.1575904280152,400.3151808560304,8.78010339238748e-88,,,
B.1.NmC3,263,4,0.2711016506373082,-91.8600204403055,319.720040880611,2.789762619461337e-70,,,
