,num_seq,t_ch_MAX,max_CL,CL@BC_t_ch_MAX,aic,PV,PV_OK,t_ch_MAX_OK,phyl_OK
A.1.NmC4,0,9,19.412465392850468,,,,*,*,*
A.1.NmC13,0,146,1.5450237806574707,-42.421457752482894,428.8429155049658,1.425891897393753e-27,,,
A.1.NmC5,0,159,1.5351705079276767,-150.21377654422162,644.4275530884432,2.1843032119560053e-74,,,
A.1,3213,67,0.6508832226089925,-9.816551549391816,363.63310309878364,2.0618553007792745e-13,,,
