,num_seq,t_ch_MAX,max_CL,CL@BC_t_ch_MAX,aic,PV,PV_OK,t_ch_MAX_OK,phyl_OK
A.3,202,4,43.13846356789527,,,,*,*,*
A.D.4.NmC1,0,27,1.8768370462930397,-4.71541298285383,125.43082596570765,1.6475460737732432e-21,,,
A.3.1.1,731,38,0.4410524137475871,-108.98933470010161,333.9786694002032,8.52668988582184e-67,,,
A.D.4.NmC3,0,41,0.30017813267275495,-13.997276847931841,143.9945536958637,1.5366847326109556e-25,,,
