,num_seq,t_ch_MAX,max_CL,CL@BC_t_ch_MAX,aic,PV,PV_OK,t_ch_MAX_OK,phyl_OK
B.D.NmC1,1726,43,23.247165806789955,,,,*,*,*
B.D.E.3,125,34,9.102943213560351,5.299958417986117,99.40008316402776,1.6091092160973947e-08,,,
B.D.3,433,43,6.846561771142124,6.846561771142124,96.30687645771576,7.543458349844232e-08,,*,
B.D.E.3.NmC1,1318,47,6.625426890927889,4.759919725775748,100.48016054844851,9.37705583559638e-09,,,
B.D,150,32,4.119627183781166,1.726260487449871,106.54747902510026,4.5079879806193e-10,,,
B,21,5,3.706053522750115,-122.75448003097897,355.50896006195796,3.917469664450395e-64,,,
