,num_seq,t_ch_MAX,max_CL,CL@BC_t_ch_MAX,aic,PV,PV_OK,t_ch_MAX_OK,phyl_OK
B.D.4,1413,44,2.665224474467826,,,,*,*,*
B.D.3,433,46,2.146135342123734,-1.4380443483921914,12.876088696784382,0.016490018838362035,*,,
B.D.NmC1,1726,46,1.090704099440166,-0.7217024891372542,11.443404978274508,0.03387764234567433,*,,
