,num_seq,t_ch_MAX,max_CL,CL@BC_t_ch_MAX,aic,PV,PV_OK,t_ch_MAX_OK,phyl_OK
A.1,835,153,7.006632254833408,,,,*,*,*
A.1.NmC1,377,124,-0.10239769990340086,-20.187251326656398,1108.374502653313,3.3644544897262738e-09,,,
A.1.NmC2,195,124,-0.12679796115481246,-49.48023153065957,1166.9604630613192,6.371736547594712e-22,,,
