,num_seq,t_ch_MAX,max_CL,CL@BC_t_ch_MAX,aic,PV,PV_OK,t_ch_MAX_OK,phyl_OK
B.1.NmC10,0,7,0.309633852057906,,,,*,*,*
B.1,452,7,0.24296063506006355,0.24296063506006355,31.514078729879873,0.9370674633774022,*,*,
B.1.17.NmC6,0,7,0.20727028171363054,0.20727028171363054,31.585459436572737,0.9003245225862653,*,*,
B.1.17.NmC1,0,7,0.09712962843031851,0.09712962843031851,31.805740743139364,0.806541440177327,*,*,
