,num_seq,t_ch_MAX,max_CL,CL@BC_t_ch_MAX,aic,PV,PV_OK,t_ch_MAX_OK,phyl_OK
B.D.NmC1,1726,40,21.085142627118245,,,,*,*,*
B.D.E.3.NmC1,1318,37,17.986051361414418,6.55501781882732,94.88996436234535,4.894419364946365e-07,,,
B.D,150,39,17.0994891151052,7.0994891151052,93.8010217697896,8.440956663652067e-07,,*,
B.D.3,433,25,14.232947409163959,2.9500365596419904,102.09992688071603,1.3306675637641918e-08,,,
B.D.E.3,125,34,12.16494595992769,2.0970148699158244,103.80597026016835,5.6591054778730875e-09,,,
