,num_seq,t_ch_MAX,max_CL,CL@BC_t_ch_MAX,aic,PV,PV_OK,t_ch_MAX_OK,phyl_OK
A.D.4.NmC2,0,46,30.785514825559392,,,,*,*,*
A.D.4.NmC3,0,53,21.568166759398842,20.262866922811675,95.47426615437665,2.6991191120200937e-05,*,,
A.D.4.NmC1,0,15,10.372028921859563,-22.25135364953714,180.50270729907427,9.272399871222113e-24,,,
A.D.3.NmC1,0,14,6.314040132149527,-47.83197804727847,231.66395609455694,7.210067078509153e-35,,,
A.D.4,176,15,3.6315603130771255,-35.041119752126725,206.08223950425344,2.585626134039299e-29,,,
A.D.2.2.1,40,45,2.12276920583673,-7.87723079416327,151.75446158832654,1.6224649727166835e-17,,*,
