,num_seq,t_ch_MAX,max_CL,CL@BC_t_ch_MAX,aic,PV,PV_OK,t_ch_MAX_OK,phyl_OK
B.D.E.3,125,49,27.362425299286986,,,,*,*,*
B.D.E.3.NmC1,1318,56,25.43081206982884,25.281929367790607,59.43614126441879,0.12493021219858264,*,,
B.D.NmC1,1726,34,3.4434608463339416,-2.39458964598932,114.78917929197864,1.1955498545925764e-13,,,
