,num_seq,t_ch_MAX,max_CL,CL@BC_t_ch_MAX,aic,PV,PV_OK,t_ch_MAX_OK,phyl_OK
A.D.4.NmC2,848,41,28.226341848955247,,,,*,*,*
A.D.4.NmC3,1653,48,14.923015338336016,10.88633633292179,108.22732733415643,2.94668480631681e-08,,,
A.D.4,176,21,7.241872091394327,-21.10081929420053,172.20163858840107,3.78812830379798e-22,,,
A.D.3.NmC2,401,24,6.870074150403502,-17.014924805380343,164.0298496107607,2.2517368682808315e-20,,,
A.D.4.NmC1,2189,8,5.649751218389129,-14.318642389461258,158.63728477892252,3.3338132430801474e-19,,,
A.D.3.NmC1,397,7,5.63795497407799,-22.357927925446166,174.71585585089232,1.074517846270037e-22,,,
A.3,202,4,0.6816634035457612,-112.48720206868826,354.9744041373765,7.770043521844244e-62,,,
