,num_seq,t_ch_MAX,max_CL,CL@BC_t_ch_MAX,aic,PV,PV_OK,t_ch_MAX_OK,phyl_OK
B.D.4.NmC1,0,11,1.5663610008615731,,,,*,*,*
B.D.1,334,11,0.718832499666916,0.718832499666916,24.562335000666167,0.42955735821073965,*,*,
