,num_seq,t_ch_MAX,max_CL,CL@BC_t_ch_MAX,aic,PV,PV_OK,t_ch_MAX_OK,phyl_OK
B.D.2,1269,23,15.07606891642985,,,,*,*,*
B.D.4.1,218,25,7.399855278536121,7.093745202803103,57.812509594393795,0.0003422394225150394,*,,
B.D.E.2,853,10,2.9554423026726093,-3.52099761164688,79.04199522329375,8.400286706108752e-09,,,
B.D.4,1413,8,2.1082682762100684,-4.774403478725856,81.54880695745172,2.3947188580725646e-09,,,
B.D.4.NmC1,0,8,1.2060611800122676,-46.619517506051814,165.2390350121036,1.6076886250039831e-27,,,
B.D.1,334,8,0.3089724478282619,-28.186387789239397,128.3727755784788,1.6308751407169369e-19,,,
B.D.4.1.1,260,26,0.14295031436805472,-2.0538677859684173,76.10773557193683,3.6352603951609505e-08,,,
