,num_seq,t_ch_MAX,max_CL,CL@BC_t_ch_MAX,aic,PV,PV_OK,t_ch_MAX_OK,phyl_OK
B.D.2,1269,23,15.488427231662511,,,,*,*,*
B.D.4.1.1,260,26,14.604234713282406,12.407416612945934,43.18516677410813,0.04573003390021837,*,,
B.D.E.2,853,9,3.3640415883885235,-0.12760972572091384,68.25521945144183,1.6455845176126038e-07,,,
B.D.4.1,218,25,2.4869982084616504,2.180888132728633,63.638223734542734,1.657831723614509e-06,,,
B.D.4,1413,7,2.046597951543707,-9.816358772525236,87.63271754505047,1.0237128045103822e-11,,,
B.D.4.NmC1,1212,7,1.3100174017525827,-48.51090782156269,165.02181564312536,1.603810890548638e-28,,,
