,num_seq,t_ch_MAX,max_CL,CL@BC_t_ch_MAX,aic,PV,PV_OK,t_ch_MAX_OK,phyl_OK
A.D.4.NmC3,0,54,31.84054526713782,,,,*,*,*
A.D.4.NmC1,0,59,30.212164708943426,26.19034895610117,69.61930208779765,0.0035175167749121224,*,,
A.D.2.2.1,40,26,13.796992350425349,1.0503304351739304,119.89933912965213,4.246908480622728e-14,,,
