,num_seq,t_ch_MAX,max_CL,CL@BC_t_ch_MAX,aic,PV,PV_OK,t_ch_MAX_OK,phyl_OK
B.D.E.3.NmC1,1318,20,14.75356282411352,,,,*,*,*
B.D.NmC1,1726,36,6.789263067138897,2.080686689473688,119.83862662105263,3.270686821465936,*,,
B.D,150,18,5.770120908791382,-70.51875889116226,265.0375177823245,9.657385658302295e-32,,,
B.D.E.3,125,18,4.181772163049863,-50.98125753677098,225.96251507354197,2.957833689866653e-23,,,
B.D.3,433,18,2.350813632909708,-33.87936292532299,191.758725850646,7.896040946974137e-16,,,
