,num_seq,t_ch_MAX,max_CL,CL@BC_t_ch_MAX,aic,PV,PV_OK,t_ch_MAX_OK,phyl_OK
B.D.2,1269,9,12.154714082905276,,,,*,*,*
B.D.E.3.NmC1,0,19,5.294242627446906,-0.48507023584213105,38.97014047168426,3.2397966256216737e-06,,,
B.D.E.3,125,19,3.2107517751684864,-26.14646917832775,90.2929383566555,2.3255267694886444e-17,,,
B.D.E.2,853,22,2.2927869424586587,-9.28097298600828,56.56194597201656,4.907923450971469e-10,,,
B.D.4.1,218,21,0.11939596516406847,-20.17780340202428,78.35560680404856,9.059159949141036e-15,,,
