,num_seq,t_ch_MAX,max_CL,CL@BC_t_ch_MAX,aic,PV,PV_OK,t_ch_MAX_OK,phyl_OK
B.D.4.1.2,1305,23,29.554533141827584,,,,*,*,*
B.D.E.5,276,14,20.72820786137328,20.252840890052692,21.494318219894616,9.142423147817343e-05,*,,
B.D.E.4,1372,26,17.858583613330214,12.930942972476192,36.138114055047616,6.023573837886479e-08,,,
B.D.E.1.2,165,13,13.750138451231674,2.890030134078592,56.219939731842814,2.627469237829376e-12,,,
B.D.E.1,1124,13,11.662829705499933,9.143849212208577,43.71230157558284,1.3678851171007296e-09,,,
B.D.E.7,23,13,9.476486249976016,-18.90513456268622,99.81026912537244,8.99682777598231e-22,,,
