,num_seq,t_ch_MAX,max_CL,CL@BC_t_ch_MAX,aic,PV,PV_OK,t_ch_MAX_OK,phyl_OK
A.D.2.2.1,40,47,38.93201656005488,,,,*,*,*
A.D.4.NmC3,1653,56,35.68342902624576,32.82217367023888,92.35565265952224,0.0022205508127982956,*,,
A.D.4.NmC1,2189,61,34.030472257343746,23.866062690457806,110.26787461908438,2.86651111513908e-07,,,
A.D.3.NmC2,401,35,16.68855429110778,-11.01549983709386,180.0309996741877,2.0378025499230633e-22,,,
A.2.1.1,31,3,3.827176228359737,-241.98155583751313,641.9631116750263,1.0053958507199576e-122,,,
