,num_seq,t_ch_MAX,max_CL,CL@BC_t_ch_MAX,aic,PV,PV_OK,t_ch_MAX_OK,phyl_OK
A.D.4.NmC1,0,50,32.319654807185024,,,,*,*,*
A.D.2.2.1,40,68,28.775169881565645,9.385954306426965,133.22809138714607,1.095105745611506e-10,,,
A.D.4.NmC2,0,30,19.201050408785903,-9.796617273694435,171.59323454738887,5.124929490029814e-19,,,
A.D.4.NmC3,0,44,17.71589442732325,15.837217378507777,120.32556524298445,6.928759161202693e-08,,,
A.D.3.NmC1,0,15,5.789982568195295,-60.01779448914391,272.0355889782878,7.893098836998485e-41,,,
A.D.3.NmC2,0,26,4.32251923004033,-61.77298869358255,275.54597738716507,1.364773953041368e-41,,,
