,num_seq,t_ch_MAX,max_CL,CL@BC_t_ch_MAX,aic,PV,PV_OK,t_ch_MAX_OK,phyl_OK
A.1.NmC1,0,17,4.278485593008564,,,,*,*,*
A.1.NmC3,0,9,0.8321497133253214,-9.952640473436443,67.90528094687289,6.573823659524022e-07,,,
A.1.NmC2,0,9,0.36348411825212124,-10.075401634921837,68.15080326984368,5.830458551006602e-07,,,
