,num_seq,t_ch_MAX,max_CL,CL@BC_t_ch_MAX,aic,PV,PV_OK,t_ch_MAX_OK,phyl_OK
B.D.4.1.2,1305,234,8.537357001061192,,,,*,*,*
B.D.E.4,1372,234,1.0716983950701233,0.8195383007768746,24.36092339844625,0.00020861919529505766,*,*,
B.D.E.1,1124,235,0.5880646751830169,-3.84456067977193,33.68912135954386,1.965035984673081e-06,,*,
