,num_seq,t_ch_MAX,max_CL,CL@BC_t_ch_MAX,aic,PV,PV_OK,t_ch_MAX_OK,phyl_OK
B.D.4.NmC1,0,5,16.357613508221405,,,,*,*,*
B.D.NmC1,0,9,8.138685589012505,-1.5060641575851563,71.01212831517032,1.743127204274901e-08,,,
B.D,150,12,7.860340084256294,-6.573004470527297,81.14600894105459,1.0951057456114983e-10,,,
B.D.1.1,115,26,3.429864716166559,-98.60807463514138,265.21614927028276,1.172636520204017e-50,,,
B.D.4.1,218,27,0.3017632896672511,-51.64296107082071,171.28592214164144,2.922831358557535e-30,,,
B.D.1,334,23,0.035242880412118316,-19.567444527990364,107.13488905598072,2.5001768963346144e-16,,,
