,num_seq,t_ch_MAX,max_CL,CL@BC_t_ch_MAX,aic,PV,PV_OK,t_ch_MAX_OK,phyl_OK
B.D.1.1,115,16,28.28003384784465,,,,*,*,*
B.D.NmC1,1726,4,21.751650061033303,13.447671458323052,41.1046570833539,1.2038329097328907e-06,,,
B.D.3,433,4,11.140565045747199,3.3574145550809296,61.28517088983814,4.9700804292958246e-11,,,
B.D.1,334,15,4.958227419998613,4.958227419998611,58.08354516000278,2.4740362591358895e-10,,*,
B.D.4.NmC1,1212,33,3.506676960925244,-4.593129887337622,77.18625977467525,1.752759322572004e-14,,,
B.D.4.1,218,34,0.3017632896672511,-68.8729532666382,205.7459065332764,2.1245795112767953e-42,,,
B.D,150,32,0.19708025527554388,-61.4686646133233,190.9373292266466,3.4932014154810596e-39,,,
