,num_seq,t_ch_MAX,max_CL,CL@BC_t_ch_MAX,aic,PV,PV_OK,t_ch_MAX_OK,phyl_OK
B.D,150,14,7.4884199680521855,,,,*,*,*
B.D.NmC1,0,15,4.912825235582956,4.875746946212444,38.24850610757511,0.07316778869598234,*,*,
B.D.3,433,15,4.138328656371123,4.084240675884715,39.83151864823057,0.0332068200819908,*,*,
B.D.E.3.NmC1,0,13,0.5219138711730132,0.049501693902170185,47.90099661219566,0.0005872851975459924,*,*,
