,num_seq,t_ch_MAX,max_CL,CL@BC_t_ch_MAX,aic,PV,PV_OK,t_ch_MAX_OK,phyl_OK
B.D.4.NmC1,1212,5,2.24281053535056,,,,*,*,*
B.D.4,1413,5,1.4222562230551516,1.4222562230551516,9.155487553889696,0.4382349924649492,*,*,
B.D.E.2,853,6,0.8778629793121356,0.36464003397362943,11.27071993205274,0.1525901057568839,*,*,
