,num_seq,t_ch_MAX,max_CL,CL@BC_t_ch_MAX,aic,PV,PV_OK,t_ch_MAX_OK,phyl_OK
B.D.4.1,218,24,5.66005655965143,,,,*,*,*
B.D.1.1,115,28,0.6030960078862095,-39.30503341576898,110.61006683153796,2.964480658822064e-20,,,
