,num_seq,t_ch_MAX,max_CL,CL@BC_t_ch_MAX,aic,PV,PV_OK,t_ch_MAX_OK,phyl_OK
A.1.NmC2,0,1392,198.44919750082474,,,,*,*,*
A.1.NmC1,0,1392,149.16090634204664,138.03792918296324,2523.9241416340737,1.2800153190515372e-22,,*,
