,num_seq,t_ch_MAX,max_CL,CL@BC_t_ch_MAX,aic,PV,PV_OK,t_ch_MAX_OK,phyl_OK
A.D.4.NmC2,0,47,29.311329579136753,,,,*,*,*
A.D.4.NmC3,0,47,24.599229090537776,24.599229090537776,78.80154181892445,0.00900477758243655,*,*,
A.D.4.NmC1,0,32,15.213486516579152,-19.97400555756261,167.9480111151252,3.9427247526160704e-22,,,
A.D.3.NmC1,0,27,10.844903007615557,-28.12769089929304,184.2553817985861,1.1327262354782922e-25,,,
A.D.2.2.1,40,27,8.87103388602996,-18.204986244513965,164.40997248902792,2.314715886690235e-21,,,
A.D.3.NmC2,0,27,6.257191660752282,-38.172309818226736,204.34461963645347,4.940926132393424e-30,,,
