,num_seq,t_ch_MAX,max_CL,CL@BC_t_ch_MAX,aic,PV,PV_OK,t_ch_MAX_OK,phyl_OK
A.D.4.NmC1,2189,17,37.38358975515522,,,,*,*,*
A.D.4.NmC3,1653,3,34.41937429775074,21.911871797222393,62.176256405555215,1.9023608185805866e-07,,,
A.3.1,1992,44,13.594714114311286,-164.28423801471874,434.5684760294375,2.6051446030584757e-88,,,
A.3.1.1,731,42,8.82093027347514,-69.74305488955147,245.48610977910295,2.9787369569441257e-47,,,
A.3.1.NmC1,266,53,8.820346635589422,-268.6866759415035,643.373351883007,1.1898382436854654e-133,,,
