,num_seq,t_ch_MAX,max_CL,CL@BC_t_ch_MAX,aic,PV,PV_OK,t_ch_MAX_OK,phyl_OK
A.3.1,1992,21,14.472402062661951,,,,*,*,*
A.3.1.1,731,20,8.861557678341613,-30.91286449915384,141.82572899830768,5.6747193927218344e-12,,*,
A.3.1.NmC1,266,6,2.518114177540919,-104.01819954944678,288.0363990988935,1.0112214926104486e-43,,,
