,num_seq,t_ch_MAX,max_CL,CL@BC_t_ch_MAX,aic,PV,PV_OK,t_ch_MAX_OK,phyl_OK
A.1.NmC2,0,909,76.25992135906127,,,,*,*,*
A.1.NmC1,0,427,20.020854104214,-56.776732508267244,2699.5534650165346,2.4577705282886753e-50,,,
