,num_seq,t_ch_MAX,max_CL,CL@BC_t_ch_MAX,aic,PV,PV_OK,t_ch_MAX_OK,phyl_OK
A.D.5.NmC1,425,43,12.401236773988828,,,,*,*,*
A.2.1.1,31,50,2.6690118862762557,-18.69315108641254,63.38630217282508,3.130495509969058e-14,,,
A.D.2.2.NmC1,394,43,0.36725438100363395,0.3672543810036341,25.26549123799273,5.9328847270103674e-06,,*,
