,num_seq,t_ch_MAX,max_CL,CL@BC_t_ch_MAX,aic,PV,PV_OK,t_ch_MAX_OK,phyl_OK
A.3.1,1992,4,0.8869794377817072,,,,*,*,*
A.D.NmC2,637,3,0.8214938606728845,-11.911079387963406,47.82215877592681,3.4059045506526428e-06,,*,
A.3.1.NmC2,67,3,0.7842629544639835,-16.26651127459947,56.53302254919894,4.374012342123542e-08,,*,
A.D.NmC1,515,3,0.7617583771145795,0.4387648311618182,23.122470337676365,0.7866278610665532,*,*,
A.3.1.1,731,4,0.6749714198001211,-9.097499182268654,42.19499836453731,5.6855363355074975e-05,*,*,
A.D,2353,3,0.5810256149247326,-0.42143546660440934,24.84287093320882,0.33287108369807966,*,*,
A.D.2.2.NmC1,394,3,0.5702215295355886,-10.836687570122598,45.6733751402452,9.979276153307663e-06,,*,
A.D.3.6,757,3,0.5207514923468091,-10.045390640729444,44.09078128145889,2.1988301412819176e-05,*,*,
