,num_seq,t_ch_MAX,max_CL,CL@BC_t_ch_MAX,aic,PV,PV_OK,t_ch_MAX_OK,phyl_OK
A.D.5,115,13,13.626006465018847,,,,*,*,*
A.D.4.NmC2,0,7,13.492307614858015,9.320504153059527,39.358991693880945,0.014698644504901796,*,,
A.D.2.2.NmC1,0,17,9.62750588640472,-4.540799822104483,67.08159964420896,1.4059043257481614e-08,,,
A.D.4,176,27,4.426294890809315,0.046743210179820194,57.90651357964036,1.3778310474019735e-06,,,
A.D.4.NmC3,0,7,4.204483220011081,0.09938605801822165,57.801227883963556,1.4557344617410607e-06,,,
