,num_seq,t_ch_MAX,max_CL,CL@BC_t_ch_MAX,aic,PV,PV_OK,t_ch_MAX_OK,phyl_OK
A.D.4.NmC3,0,59,44.933658416088015,,,,*,*,*
A.D.4.NmC1,0,64,17.078575116344954,13.056759363502694,179.88648127299462,1.4278806784483744e-14,,,
A.D.2.2.1,40,30,13.14713844029799,-22.32470662755499,250.64941325510998,6.156773081126543e-30,,,
A.2.1.1,31,3,3.827176228359737,-360.7431882281673,927.4863764563346,6.5375433473972695e-177,,,
A.D.3.NmC2,0,10,2.6351205244557203,-49.2262185014898,304.4524370029796,1.2788852662600292e-41,,,
