,num_seq,t_ch_MAX,max_CL,CL@BC_t_ch_MAX,aic,PV,PV_OK,t_ch_MAX_OK,phyl_OK
B.D.1.1,115,20,3.6821186547623874,,,,*,*,*
B.D.4.1,218,21,3.1473200307415423,2.450133103086272,13.099733793827456,0.29229257768085953,*,*,
B.D.4.NmC1,0,17,2.7818660373981947,1.8676611781103025,14.264677643779395,0.16365413680270413,*,,
B,21,22,1.687370829539823,-12.304234858738324,42.60846971747665,1.1423592608633256e-07,,,
B.3,60,25,0.887173278943711,-25.295452068904936,68.59090413780987,2.608058849814115e-13,,,
