,num_seq,t_ch_MAX,max_CL,CL@BC_t_ch_MAX,aic,PV,PV_OK,t_ch_MAX_OK,phyl_OK
A.3.1.NmC1,266,6,20.1877574701497,,,,*,*,*
A.3.1.1,731,3,11.761299412087693,11.2651648957823,23.4696702084354,0.00013302147188880945,*,,
A.3.1,1992,9,9.919864175898157,8.122843897113516,29.75431220577297,5.757541484385375e-06,,,
A.D.4.NmC1,2189,1,8.34080936760503,6.911754114029495,32.17649177194101,1.7083202161305435e-06,,,
A.D.4.NmC3,1653,1,5.564037074642061,2.481479445421235,41.03704110915753,2.0353763572905102e-08,,,
