,num_seq,t_ch_MAX,max_CL,CL@BC_t_ch_MAX,aic,PV,PV_OK,t_ch_MAX_OK,phyl_OK
A.D.5.NmC1,0,68,10.059597558268772,,,,*,*,*
A.2.1.1,31,86,2.5854827776574956,-59.185039007802175,174.37007801560435,8.458212668638976e-31,,,
