,num_seq,t_ch_MAX,max_CL,CL@BC_t_ch_MAX,aic,PV,PV_OK,t_ch_MAX_OK,phyl_OK
B.1.17.NmC3,53,52,12.278076845266083,,,,*,*,*
B.1.1,446,65,11.099780211604072,7.051204976861175,91.89759004627766,0.005353525302659884,*,,
B.1.NmC7,172,44,5.975165451627851,-12.43030578111837,130.86061156223673,1.8560229933292484e-11,,,
B.1.NmC1,132,25,4.2269523213128135,-45.7610091062075,197.522018212415,6.216533385394637e-26,,,
B.1.17.NmC6,201,44,2.901260975892862,-18.68187384988027,143.36374769976055,3.582967264406182e-14,,,
