,num_seq,t_ch_MAX,max_CL,CL@BC_t_ch_MAX,aic,PV,PV_OK,t_ch_MAX_OK,phyl_OK
A.D.4.NmC1,2189,63,38.982381043727074,,,,*,*,*
A.D.4.NmC3,1653,25,11.545648403085242,-35.11684832463603,236.23369664927208,6.621408216175073e-33,,,
A.D.4.NmC2,848,18,10.004156393976851,-74.87243043785477,315.74486087570955,3.5939599678822283e-50,,,
A.D.3.NmC1,397,11,3.6475478043174947,-142.3353621616274,450.6707243232548,1.802586082881127e-79,,,
