,num_seq,t_ch_MAX,max_CL,CL@BC_t_ch_MAX,aic,PV,PV_OK,t_ch_MAX_OK,phyl_OK
B.D.4.1.1,260,5,2.50250630321227,,,,*,*,*
B.D.1,334,7,2.1470126170211525,0.7896941710662833,10.420611657867433,0.1799637207131122,*,,
