,num_seq,t_ch_MAX,max_CL,CL@BC_t_ch_MAX,aic,PV,PV_OK,t_ch_MAX_OK,phyl_OK
B.D.4,1413,8,7.683950601987676,,,,*,*,*
B.D.3,433,1,7.63934744272279,6.314045213671127,23.371909572657746,4.50415363028848,*,,
B.D.NmC1,0,1,6.074547450143082,4.395547504327864,27.208904991344273,0.6603402807049823,*,,
