,num_seq,t_ch_MAX,max_CL,CL@BC_t_ch_MAX,aic,PV,PV_OK,t_ch_MAX_OK,phyl_OK
B.D.4.1,218,10,5.76630986785938,,,,*,*,*
B.D.E.3.NmC1,1318,10,3.510281146853227,-6.822721405485415,77.64544281097083,0.0750200400853267,*,*,
B.D.2,1269,18,2.2464423867145134,-22.584277940850644,109.16855588170128,1.0732385332756225e-08,,,
B.D.4.NmC1,1212,27,2.213422104947448,-12.705520519039608,89.41104103807922,0.00020966490336314577,*,,
B.D.1.1,115,27,2.154304173590048,-122.09608747264843,308.19217494529687,6.5170696562849e-52,,,
B.D.NmC1,1726,27,0.9832946638407384,-24.374134200791502,112.748268401583,1.79188087608904e-09,,,
B.D.4,1413,7,0.8519379663823217,0.3129772477194537,63.374045504561096,94.63240831492415,*,,
