,num_seq,t_ch_MAX,max_CL,CL@BC_t_ch_MAX,aic,PV,PV_OK,t_ch_MAX_OK,phyl_OK
B.D.1,334,3,0.8295937781236818,,,,*,*,*
B.D.4.1.1,260,3,0.6866607326858626,0.6866607326858626,8.626678534628274,0.8650222931107409,*,*,
