,num_seq,t_ch_MAX,max_CL,CL@BC_t_ch_MAX,aic,PV,PV_OK,t_ch_MAX_OK,phyl_OK
A.D,2353,5,8.788573757102387,,,,*,*,*
A.D.3.6,757,1,5.457337414515909,4.21299646310004,41.57400707379992,0.01030629917800075,*,,
A.D.NmC1,0,20,2.7063425495725673,-14.810593388252524,79.62118677650506,5.631838950074272e-11,,,
