,num_seq,t_ch_MAX,max_CL,CL@BC_t_ch_MAX,aic,PV,PV_OK,t_ch_MAX_OK,phyl_OK
B.D.E.3.NmC1,1318,67,34.304757321683525,,,,*,*,*
B.D.E.3,125,53,2.7209214564772988,-48.37945529731067,236.75891059462134,1.231291166647258e-36,,,
B.D.NmC1,1726,23,2.647246723809426,-29.828044137796255,199.6560882755925,1.4012750944109142e-28,,,
