,num_seq,t_ch_MAX,max_CL,CL@BC_t_ch_MAX,aic,PV,PV_OK,t_ch_MAX_OK,phyl_OK
A.D.4.NmC3,1653,57,42.20372595216319,,,,*,*,*
A.D.2.2.1,40,40,35.663055063678556,23.362850881327613,153.27429823734477,6.574942527404148e-09,,,
A.D.4.NmC1,2189,62,27.9463587010926,23.924542948250345,152.1509141034993,1.1510571073753813e-08,,,
A.D.3.NmC2,401,30,14.355453055549647,-25.27951617243252,250.55903234486505,4.9162831605007145e-30,,,
A.D.4.NmC2,848,44,7.437449634415457,-5.715152763765543,211.4303055275311,1.543861820148097e-21,,,
A.2.1.1,31,3,3.827176228359737,-330.18329072606366,860.3665814521273,1.8753307897001728e-162,,,
