,num_seq,t_ch_MAX,max_CL,CL@BC_t_ch_MAX,aic,PV,PV_OK,t_ch_MAX_OK,phyl_OK
A.D.4.NmC3,1653,65,46.535109130411996,,,,*,*,*
A.D.4.NmC1,2189,55,11.566685851865955,5.266932630540435,183.46613473891912,1.1930722154026225e-18,,,
A.D.2.2.1,40,5,5.989327150559216,-65.47679626215711,324.9535925243142,2.2629506446368662e-49,,,
A.2.1.1,31,3,3.827176228359737,-365.852566156177,925.705132312354,7.967069540502065e-180,,,
