,num_seq,t_ch_MAX,max_CL,CL@BC_t_ch_MAX,aic,PV,PV_OK,t_ch_MAX_OK,phyl_OK
B.D.2,1269,18,2.96883992443748,,,,*,*,*
B.D.4.1.1,260,4,0.6892458372661945,-14.878460530891783,73.75692106178357,1.7694711983465263e-08,,,
