,num_seq,t_ch_MAX,max_CL,CL@BC_t_ch_MAX,aic,PV,PV_OK,t_ch_MAX_OK,phyl_OK
A.D.4.NmC3,1653,54,38.77283594811851,,,,*,*,*
A.D.4.NmC1,2189,64,29.437218497340858,23.720167831397287,116.55966433720542,2.400100371563689e-06,,,
A.D.2.2.1,40,5,5.989327150559216,-12.863624179085015,189.72724835817002,3.101457138924551e-22,,,
A.2.1.1,31,3,3.827176228359737,-284.38810215745315,732.7762043149063,3.7132704795174544e-140,,,
