,num_seq,t_ch_MAX,max_CL,CL@BC_t_ch_MAX,aic,PV,PV_OK,t_ch_MAX_OK,phyl_OK
A.3.1.1,731,23,12.002887451671008,,,,*,*,*
A.3.1,1992,22,5.822780650402346,4.909803995893825,52.18039200821235,0.0008292407789049701,*,*,
A.D,2353,17,2.1720795544164933,-36.88383941142287,135.76767882284574,5.852518291935843e-22,,,
A.D.3.6,757,6,0.8368753248224126,-55.957242445301645,173.9144848906033,3.0573630308660312e-30,,,
