,num_seq,t_ch_MAX,max_CL,CL@BC_t_ch_MAX,aic,PV,PV_OK,t_ch_MAX_OK,phyl_OK
B.D.4.1.1,260,6,3.965102080343554,,,,*,*,*
B.D.1,334,5,0.9521249357657593,-39.17441656507096,150.34883313014194,2.707114298668962e+19,*,*,
