,num_seq,t_ch_MAX,max_CL,CL@BC_t_ch_MAX,aic,PV,PV_OK,t_ch_MAX_OK,phyl_OK
B.D.2,1269,26,17.968119090297026,,,,*,*,*
B.D.4.1.1,260,29,7.837760106867788,5.640942006531316,62.71811598693737,4.417220084053285e-06,,,
B.D.E.2,853,10,3.8772645337270304,0.5229346157665223,72.95413076846695,2.652972591459393e-08,,,
B.D.4,1413,5,1.4984399492105624,-15.585221715054777,105.17044343010956,2.6745373039762553e-15,,,
B.D.4.NmC1,0,5,0.7876312582529597,-63.57593133401918,201.15186266803835,3.8499622682058034e-36,,,
