,num_seq,t_ch_MAX,max_CL,CL@BC_t_ch_MAX,aic,PV,PV_OK,t_ch_MAX_OK,phyl_OK
A.D.4.NmC1,0,14,32.7634383138991,,,,*,*,*
A.D.4.NmC3,0,1,28.79943373004868,15.800967781800484,80.39806443639904,4.2874010947768564e-08,,,
A.3.1,1992,43,11.402269727157561,-170.15293146527907,452.30586293055813,7.46386425290668e-89,,,
A.3.1.1,731,40,9.262072452042853,-71.83449054496062,255.66898108992123,3.739359266851911e-46,,,
A.3.1.NmC1,0,51,6.767063875860596,-280.73995870123235,673.4799174024647,7.0227700918640995e-137,,,
