,num_seq,t_ch_MAX,max_CL,CL@BC_t_ch_MAX,aic,PV,PV_OK,t_ch_MAX_OK,phyl_OK
A.D.1,1413,83,82.33758839022781,,,,*,*,*
A.D.2,2386,78,47.379933345474875,44.72610731088973,170.54778537822054,4.613314508099268e-17,,,
A.D.2.NmC1,464,27,10.92708918721778,2.8686649244608238,254.26267015107834,3.0663203350656096e-35,,,
A.D.2.1,76,78,7.208931552918533,-0.25243877523497826,260.50487755047,1.3540002346422058e-36,,,
A.D.2.NmC2,132,27,0.6127520842667921,-27.751364646936036,315.50272929387205,1.54354923651226e-48,,,
