,num_seq,t_ch_MAX,max_CL,CL@BC_t_ch_MAX,aic,PV,PV_OK,t_ch_MAX_OK,phyl_OK
B.D.4.NmC1,1212,22,10.610939626420908,,,,*,*,*
B.D.1,334,17,5.683953906093034,-11.291125460557236,108.58225092111448,9.834050752920222e-10,,,
B.D,150,19,1.344580700177207,-10.402251017886641,106.80450203577328,2.394718858072556e-09,,,
