,num_seq,t_ch_MAX,max_CL,CL@BC_t_ch_MAX,aic,PV,PV_OK,t_ch_MAX_OK,phyl_OK
B.D.4.1,218,18,2.6790310310017404,,,,*,*,*
B.D.4.NmC1,1212,22,2.213422104947448,-15.877125147347702,57.7542502946954,0.00019257978934689366,*,,
B.D.1.1,115,22,2.154304173590048,-47.75382525006514,121.50765050013028,2.7498096026808558e-18,,,
B.D.E.2,853,17,1.4348256836129782,1.4348256836129782,23.130348632774044,6342.320563867999,*,*,
B.D.NmC1,1726,22,0.9832946638407384,-12.689865936953863,51.37973187390773,0.004654131310283268,*,,
