,num_seq,t_ch_MAX,max_CL,CL@BC_t_ch_MAX,aic,PV,PV_OK,t_ch_MAX_OK,phyl_OK
B.D.4.1,218,18,2.917888787769306,,,,*,*,*
B.D.4.NmC1,0,23,2.213422104947448,-16.13134260252046,58.26268520504092,0.00011739103691911796,*,,
B.D.1.1,115,23,2.154304173590048,-57.75382525006514,141.5076505001303,9.820353688366658e-23,,,
B.D.NmC1,0,23,0.9832946638407384,-8.6087604764454,43.2175209528908,0.21653566731600682,*,,
B.D.2,1269,18,0.7386076507556223,-1.3367537820124016,28.673507564024803,312.62362783005364,*,*,
