,num_seq,t_ch_MAX,max_CL,CL@BC_t_ch_MAX,aic,PV,PV_OK,t_ch_MAX_OK,phyl_OK
B.D.4,1413,16,5.472992392838688,,,,*,*,*
B.D.2,1269,8,3.2273466502816457,-31.531909014439297,109.06381802887859,8.490488873160813e-17,,,
B.D.4.1,218,7,2.6048483016045423,-2.025707778131273,50.05141555626255,0.0005530843701478336,*,,
B.D.4.NmC1,1212,6,1.3215062937521809,-34.412191137407405,114.82438227481481,4.7661157924073565e-18,,,
B.D.1,334,4,0.49983218245178374,-33.988823477361855,113.97764695472371,7.2538450056708e-18,,,
B.D.E.2,853,8,0.49387648205694806,-5.344932347099946,56.68986469419989,1.9995566179747357e-05,*,,
