,num_seq,t_ch_MAX,max_CL,CL@BC_t_ch_MAX,aic,PV,PV_OK,t_ch_MAX_OK,phyl_OK
B.D.3,433,34,29.764125882645562,,,,*,*,*
B.D.NmC1,1726,39,15.452214314097173,12.624347321479688,76.75130535704062,3.599088949864028e-08,,,
B.D,150,15,10.878267280998527,-36.787367577078996,175.574735154158,1.252282262848311e-29,,,
B.D.E.3.NmC1,1318,15,7.5606652493958615,-23.292628022667273,148.58525604533455,9.043463502693111e-24,,,
