,num_seq,t_ch_MAX,max_CL,CL@BC_t_ch_MAX,aic,PV,PV_OK,t_ch_MAX_OK,phyl_OK
B.D.E.3.NmC1,1318,33,4.9347557891864025,,,,*,*,*
B.D.4,1413,36,4.502072608632991,-7.582547140668464,57.16509428133693,3.652860495145926e-06,,,
B.D.2,1269,44,2.1817050797218425,-13.013218085336684,68.02643617067336,1.6010837504008696e-08,,,
B.D.NmC1,1726,37,1.5706912865387297,-9.483861193026042,60.96772238605209,5.46353300471888e-07,,,
B.D.E.3,125,44,0.7122977033354864,-11.037853827263842,64.07570765452769,1.1538401623051507e-07,,,
