,num_seq,t_ch_MAX,max_CL,CL@BC_t_ch_MAX,aic,PV,PV_OK,t_ch_MAX_OK,phyl_OK
A.D.2.2.1,40,5,5.989327150559216,,,,*,*,*
A.D.4.NmC3,1653,5,4.883342412698984,-3.365424375822563,26.730848751645127,4003.8032465321294,*,*,
A.2.1.1,31,3,3.827176228359737,-26.66091790740299,73.32183581480598,3.059023205018269e-07,,,
