,num_seq,t_ch_MAX,max_CL,CL@BC_t_ch_MAX,aic,PV,PV_OK,t_ch_MAX_OK,phyl_OK
A.D.4.NmC3,0,13,13.218706739904453,,,,*,*,*
A.D.2.2.1,40,10,11.4572190090927,3.486035621174354,31.027928757651292,5.917567475058507e-05,*,,
A.2.1.1,31,3,3.827176228359737,-59.463433161809405,156.9268663236188,2.7120992765603483e-32,,,
A.D.3.NmC2,0,10,2.6351205244557203,-5.19346878582817,48.38693757165634,1.005696909975475e-08,,,
