,num_seq,t_ch_MAX,max_CL,CL@BC_t_ch_MAX,aic,PV,PV_OK,t_ch_MAX_OK,phyl_OK
B.D.E.2,853,18,8.283107700556139,,,,*,*,*
B.D.4.NmC1,1212,3,0.20667538350064146,-11.70800047847385,69.4160009569477,2.071485197965459e-09,,,
