,num_seq,t_ch_MAX,max_CL,CL@BC_t_ch_MAX,aic,PV,PV_OK,t_ch_MAX_OK,phyl_OK
B.1.NmC1,0,46,3.7964470528480017,,,,*,*,*
B.1.17.NmC1,0,46,2.70402167744515,2.70402167744515,4.5919566451097,0.3362164937067334,*,*,
