,num_seq,t_ch_MAX,max_CL,CL@BC_t_ch_MAX,aic,PV,PV_OK,t_ch_MAX_OK,phyl_OK
A.1.NmC2,0,537,28.490979593979752,,,,*,*,*
A.1.NmC1,0,33,2.4958712940873693,-481.51739922794417,3797.0347984558884,1.9207185153160073e-208,,,
