,num_seq,t_ch_MAX,max_CL,CL@BC_t_ch_MAX,aic,PV,PV_OK,t_ch_MAX_OK,phyl_OK
A.1,3213,103,5.011494169062024,,,,*,*,*
A.1.NmC4,0,88,4.69127287445181,-19.31263203123087,314.6252640624617,1.917497817252095e-12,,,
A.1.NmC5,0,156,1.5035322958587394,-134.92282137749638,545.8456427549927,1.1856317627338089e-62,,,
