,num_seq,t_ch_MAX,max_CL,CL@BC_t_ch_MAX,aic,PV,PV_OK,t_ch_MAX_OK,phyl_OK
A.1.NmC2,0,1099,119.12735817800393,,,,*,*,*
A.1.NmC1,0,403,36.60940436764324,-30.294011834532487,2796.588023669065,9.002663577881844e-59,,,
