,num_seq,t_ch_MAX,max_CL,CL@BC_t_ch_MAX,aic,PV,PV_OK,t_ch_MAX_OK,phyl_OK
B.D.4.NmC1,0,7,6.301651985079247,,,,*,*,*
B.D.4.1,218,26,1.8137923122444528,-16.82195043773733,83.64390087547466,1.2723313546599296e-10,,,
