,num_seq,t_ch_MAX,max_CL,CL@BC_t_ch_MAX,aic,PV,PV_OK,t_ch_MAX_OK,phyl_OK
A.1,835,249,12.922442878443015,,,,*,*,*
A.1.NmC1,377,124,-0.1047665662039261,-45.45914068413289,1482.9182813682658,4.4247439741869274e-26,,,
A.1.NmC2,195,124,-0.13229954972822533,-102.65496740150147,1597.309934803003,6.403468154272447e-51,,,
