,num_seq,t_ch_MAX,max_CL,CL@BC_t_ch_MAX,aic,PV,PV_OK,t_ch_MAX_OK,phyl_OK
B.D.4.NmC1,0,19,9.931634415266904,,,,*,*,*
B.D.1,334,4,2.2088493781216814,-3.3205029817231133,44.641005963446226,1.7603463121561693e-06,,,
