,num_seq,t_ch_MAX,max_CL,CL@BC_t_ch_MAX,aic,PV,PV_OK,t_ch_MAX_OK,phyl_OK
A.D.2.2.1,40,40,37.75504936478342,,,,*,*,*
A.D.4.NmC1,2189,62,29.117693846289413,22.477014759925538,89.04597048014892,2.3119600030885892e-07,,,
A.D.4.NmC3,1653,57,17.93334646104485,16.318006741943655,101.36398651611269,4.907923450971487e-10,,,
A.2.1.1,31,3,3.827176228359737,-205.52320393409218,545.0464078681844,2.212271592115669e-106,,,
A.D.3.NmC2,401,10,2.6351205244557203,-28.28129900415147,190.56259800830293,2.0958678102210683e-29,,,
