,num_seq,t_ch_MAX,max_CL,CL@BC_t_ch_MAX,aic,PV,PV_OK,t_ch_MAX_OK,phyl_OK
A.3.1,1992,25,6.214233511609091,,,,*,*,*
A.3,202,6,4.417591089811317,-27.220169819163896,136.4403396383278,3.0155323896648117e-15,,,
A.3.1.1,731,18,3.534688856323445,-0.3232681641939559,82.64653632838791,0.0014444884990205342,*,,
A.D.2.1,76,3,1.0469750717261936,-98.62777687785935,279.25555375571867,2.9268134682817624e-46,,,
A.D.5.NmC1,425,3,0.9482696006631396,-28.625325452684063,139.25065090536813,7.399123060905129e-16,,,
