,num_seq,t_ch_MAX,max_CL,CL@BC_t_ch_MAX,aic,PV,PV_OK,t_ch_MAX_OK,phyl_OK
A.D.4.NmC3,1653,55,36.563420997953074,,,,*,*,*
A.D.4.NmC1,2189,60,28.628040709265193,24.60622495642294,148.78755008715413,6.394962416270009e-06,,,
A.D.3.NmC2,401,36,18.795484668364605,-7.000212879711655,212.0004257594233,1.2021561869366982e-19,,,
A.D.2.2.1,40,30,16.41309987658661,2.51503281095537,192.96993437808925,1.630320130982635e-15,,,
A.2.1.1,31,3,3.827176228359737,-296.9741394510875,791.948278902175,1.3977146139074865e-145,,,
