,num_seq,t_ch_MAX,max_CL,CL@BC_t_ch_MAX,aic,PV,PV_OK,t_ch_MAX_OK,phyl_OK
A.D.2,2386,24,9.854840479065848,,,,*,*,*
A.D.2.2,545,8,3.237363841361344,-1.9526746729227327,81.90534934584547,7.429886316182861e-06,,,
