,num_seq,t_ch_MAX,max_CL,CL@BC_t_ch_MAX,aic,PV,PV_OK,t_ch_MAX_OK,phyl_OK
A.D.4.NmC1,2189,14,30.27882480929532,,,,*,*,*
A.D.4.NmC3,1653,1,27.325583907866704,16.120126544717944,71.7597469105641,7.085820333311322e-07,,,
A.3.1,1992,43,9.44131861275315,-143.69999386991444,391.3999877398289,2.7634145407921983e-76,,,
A.3.1.NmC1,266,49,7.551960681240775,-243.4915505022098,590.9831010044196,1.2682348683798485e-119,,,
A.3.1.1,731,49,6.459767061417548,-70.69709912911533,245.39419825823066,1.4031842128290652e-44,,,
