,num_seq,t_ch_MAX,max_CL,CL@BC_t_ch_MAX,aic,PV,PV_OK,t_ch_MAX_OK,phyl_OK
A.1.NmC2,195,1334,188.55628752500053,,,,*,*,*
A.1.NmC1,377,686,40.491388887322834,15.833992744888228,2706.3320145102234,1.0035478814618826e-71,,,
