,num_seq,t_ch_MAX,max_CL,CL@BC_t_ch_MAX,aic,PV,PV_OK,t_ch_MAX_OK,phyl_OK
B.D.2,1269,23,13.12769100499918,,,,*,*,*
B.D.4.1.1,260,26,10.978225157871282,8.78140705753481,56.43718588493038,0.012906812580479897,*,,
B.D.4.1,218,25,7.986933260922534,7.680823185189516,58.638353629620966,0.004296304690752343,*,,
B.D.E.2,853,9,2.8120752566982263,-1.7257259628206973,77.4514519256414,3.536351871369212e-07,,,
B.D.4,1413,7,1.4468551110565326,-2.1095880858217413,78.21917617164348,2.406312880716469e-07,,,
B.D.4.NmC1,1212,7,1.0413451303892793,-55.65272705460169,185.30545410920337,1.3398434647941859e-30,,,
