,num_seq,t_ch_MAX,max_CL,CL@BC_t_ch_MAX,aic,PV,PV_OK,t_ch_MAX_OK,phyl_OK
A.D.5.NmC1,0,24,5.81958547996897,,,,*,*,*
A.D.2.2.NmC1,0,24,0.423281856408125,0.423281856408125,19.15343628718375,0.00453922039880069,*,*,
