,num_seq,t_ch_MAX,max_CL,CL@BC_t_ch_MAX,aic,PV,PV_OK,t_ch_MAX_OK,phyl_OK
B.1.17.NmC6,0,56,1.0648620753274654,,,,*,*,*
B.1.NmC3,0,56,0.5858566067961566,0.5858566067961566,4.828286786407687,0.6187833918061408,*,*,
B.1.NmC6,0,56,0.47221767182759866,0.4722176718275987,5.055564656344803,0.5515625658678299,*,*,
B.1.NmC10,0,56,0.22961119366834848,0.22961119366834845,5.5407776126633035,0.4338744814329909,*,*,
B.1.13.NmC2,0,56,0.19774003276824365,0.19774003276824365,5.604519934463513,0.42105155262732125,*,*,
B.1.13.NmC3,0,56,0.11295906745773171,0.1129590674577317,5.774081865084536,0.3867410234545013,*,*,
B.1.17.NmC4,0,56,0.10911906043110058,0.10911906043110058,5.7817618791377985,0.3848121445529785,*,*,
B.1.17.NmC2,0,56,0.09262557124455037,0.09262557124455037,5.814748857510899,0.37908303810339894,*,*,
