,num_seq,t_ch_MAX,max_CL,CL@BC_t_ch_MAX,aic,PV,PV_OK,t_ch_MAX_OK,phyl_OK
A.D.4.NmC3,1653,59,35.70638000601432,,,,*,*,*
A.D.4.NmC1,2189,64,31.81464509412868,27.792829341286424,152.41434131742716,0.0003670545805950997,*,,
A.D.2.2.1,40,50,30.545389628116162,19.09430388655333,169.81139222689333,6.114608498516016e-08,,,
A.D.3.NmC2,401,37,3.998853208143754,-31.557143691572307,271.11428738314464,6.156773081126543e-30,,,
A.2.1.1,31,3,3.827176228359737,-322.18621688577406,852.3724337715481,3.7183294954752416e-156,,,
A.D.4.NmC2,848,37,2.4133674513526295,-29.438073830656478,266.876147661313,5.103709849853305e-29,,,
