,num_seq,t_ch_MAX,max_CL,CL@BC_t_ch_MAX,aic,PV,PV_OK,t_ch_MAX_OK,phyl_OK
B.D.4,1413,22,4.73823174542032,,,,*,*,*
B.D.3,433,24,2.829564535960078,0.20325317465508502,41.59349365068983,0.08629358649937026,*,,
B.D.2,1269,32,2.1817050797218425,-22.7087470997224,87.4174941994448,9.640964118639377e-12,,,
B.D.E.3.NmC1,1318,32,1.8655071651521404,-4.057473833378704,50.11494766675741,0.0012186641246017512,*,,
B.D.E.3,125,32,0.7122977033354864,-18.687229158810936,79.37445831762187,5.397041483141832e-10,,,
