,num_seq,t_ch_MAX,max_CL,CL@BC_t_ch_MAX,aic,PV,PV_OK,t_ch_MAX_OK,phyl_OK
B.D.2,1269,23,11.233682116221903,,,,*,*,*
B.D.4,1413,7,2.3169243414792207,-0.41047490431459405,56.82094980862919,8.762756794113983e-06,,,
B.D.E.2,853,3,1.1218518278622747,-21.6616076370737,99.3232152741474,5.1746742738055535e-15,,,
B.D.4.NmC1,0,3,0.1984072801846949,-74.06589888852093,204.13179777704187,9.009085190447648e-38,,,
