,num_seq,t_ch_MAX,max_CL,CL@BC_t_ch_MAX,aic,PV,PV_OK,t_ch_MAX_OK,phyl_OK
B.D.2,1269,6,14.339805149313875,,,,*,*,*
B.D.E.3.NmC1,1318,1,13.600040349811431,11.298313728422642,23.403372543154717,0.0911726789225979,*,,
B.D.E.3,125,1,10.976287692624542,6.715919575402039,32.56816084919592,0.000930303203204949,*,,
B.D.E.2,853,21,2.2927869424586587,-9.136770658128667,64.27354131625734,1.2163455711121917e-10,,,
B.D.4.1,218,6,0.8743006260206561,0.20833084979376693,45.583338300412464,1.3916784796421148e-06,,*,
