,num_seq,t_ch_MAX,max_CL,CL@BC_t_ch_MAX,aic,PV,PV_OK,t_ch_MAX_OK,phyl_OK
A.D.5,115,17,12.534755026456256,,,,*,*,*
A.D.5.NmC1,0,13,7.887005587092368,3.4889920300288617,37.02201593994228,0.00011797946194038165,*,,
A.D,2353,21,4.131693749456085,1.5435625258302084,40.912874948339585,1.6869555673777435e-05,*,,
A.D.2.2.NmC1,0,13,1.45114976652166,-1.3100130441693638,46.620026088338726,9.709411287488294e-07,,,
