,num_seq,t_ch_MAX,max_CL,CL@BC_t_ch_MAX,aic,PV,PV_OK,t_ch_MAX_OK,phyl_OK
B.3,60,319,22.13486146172045,,,,*,*,*
B.D.4.1.2,1305,289,19.367471087791213,-214.7135473591146,1321.4270947182292,1.2251105007384454e-65,,,
B.D.E.1,1124,328,3.621166179866956,-681.1285817684982,2254.2571635369964,3.3629041210462813e-268,,,
B.D.E.4,1372,329,3.332562178237074,-394.4166686532697,1680.8333373065393,1.1103422466866794e-143,,,
