,num_seq,t_ch_MAX,max_CL,CL@BC_t_ch_MAX,aic,PV,PV_OK,t_ch_MAX_OK,phyl_OK
A.D.4.NmC2,848,47,28.896160399187753,,,,*,*,*
A.D.4.NmC1,2189,28,14.526506338709927,-7.438186421943787,162.87637284388757,1.659243022637507e-16,,,
A.D.4.NmC3,1653,28,10.185205480480393,7.984807771629206,132.0303844567416,8.296642624861953e-10,,,
A.D.2.2.1,40,28,8.312369682085913,-23.910237801707105,195.8204756034142,1.1670242569990204e-23,,,
A.D.4,176,7,5.296255584909599,-64.26808430736499,276.53616861472995,3.459032109357072e-41,,,
A.D.3.NmC1,397,24,4.364199692043537,-32.28733483211044,212.5746696642209,2.6906895817086172e-27,,,
A.3,202,6,0.9325748134740782,-108.14942739854897,364.29885479709793,3.0346787778235444e-60,,,
