,num_seq,t_ch_MAX,max_CL,CL@BC_t_ch_MAX,aic,PV,PV_OK,t_ch_MAX_OK,phyl_OK
B.D.2,1269,7,10.729696915237598,,,,*,*,*
B.D.4.1,218,20,3.694640779295977,-16.967151058200205,101.9343021164004,9.380248065863954e-13,,,
B.D.4.NmC1,1212,30,2.213422104947448,-53.23217942457168,174.46435884914337,1.669263654650098e-28,,,
B.D.1.1,115,30,2.154304173590048,-126.32934266427611,320.6586853285522,2.989498296894044e-60,,,
B.D.E.3.NmC1,1318,20,2.1095248004164913,-12.473431803279333,92.94686360655867,8.359812703302884e-11,,,
B.D.NmC1,1726,30,0.9832946638407384,-40.5815621411777,149.1631242823554,5.204153927295793e-23,,,
