,num_seq,t_ch_MAX,max_CL,CL@BC_t_ch_MAX,aic,PV,PV_OK,t_ch_MAX_OK,phyl_OK
B.D.E.2,853,8,10.393704100215547,,,,*,*,*
B.D.E.3.NmC1,1318,1,4.148209427612143,-0.48059478021188384,50.96118956042377,1.892550641405186e-05,*,,
