,num_seq,t_ch_MAX,max_CL,CL@BC_t_ch_MAX,aic,PV,PV_OK,t_ch_MAX_OK,phyl_OK
A.D.4.NmC3,0,10,10.088203787834395,,,,*,*,*
A.D.2.2.1,40,6,7.125851220275316,0.4483597985205763,23.10328040295885,6.507305474754294e-05,*,,
A.2.1.1,31,3,3.827176228359737,-26.17106288280362,76.34212576560725,1.7884717565668714e-16,,,
A.D.3.NmC2,0,10,2.0962835566110765,2.0962835566110765,19.807432886777846,0.00033714414132242294,*,*,
