,num_seq,t_ch_MAX,max_CL,CL@BC_t_ch_MAX,aic,PV,PV_OK,t_ch_MAX_OK,phyl_OK
B.D.E.3.NmC1,0,66,36.45969984192808,,,,*,*,*
B.D.E.3,125,42,35.69541194330493,8.505921870707294,120.9881562585854,7.232655146415276e-13,,,
B.D.NmC1,0,36,2.9237923349848445,-55.91551116506061,249.83102233012121,7.621618988062062e-41,,,
