,num_seq,t_ch_MAX,max_CL,CL@BC_t_ch_MAX,aic,PV,PV_OK,t_ch_MAX_OK,phyl_OK
A.D.4.NmC2,0,39,26.31546722067196,,,,*,*,*
A.D.2.2.1,40,64,22.19985684711139,13.015319020074486,133.96936195985103,9.953512112007265e-05,*,,
A.D.4.NmC1,0,27,20.340047441075896,1.4974767580401827,157.00504648391964,9.883344137451738e-10,,,
A.D.4,176,20,18.190241814558668,-18.9458028466117,197.8916056932234,1.311972426472419e-18,,,
A.D.4.NmC3,0,39,16.500861168792287,5.706816736738759,148.58636652652248,6.657078628513462e-08,,*,
A.D.3.NmC1,0,23,13.878279990550897,-37.01761163405817,234.03522326811634,1.853753343009773e-26,,,
A.D.3.NmC2,0,23,1.779901396159443,-46.94979122774264,253.89958245548527,9.026257979498767e-31,,,
A.3,202,5,0.5927232869744894,-87.25864360936109,334.5172872187222,2.8125300831774696e-48,,,
