,num_seq,t_ch_MAX,max_CL,CL@BC_t_ch_MAX,aic,PV,PV_OK,t_ch_MAX_OK,phyl_OK
A.D.1,1413,82,83.46605404423597,,,,*,*,*
A.D.2,2386,77,33.22608725880352,18.236744414507424,151.52651117098515,4.629193226751608e-28,,,
A.D.2.NmC1,464,77,19.746705992471778,0.38019525685770894,187.2396094862846,8.150370185749856e-36,,,
