,num_seq,t_ch_MAX,max_CL,CL@BC_t_ch_MAX,aic,PV,PV_OK,t_ch_MAX_OK,phyl_OK
A.D.2.2.1,40,84,10.467562699327779,,,,*,*,*
A.D.2.1,76,84,2.528968494551847,2.528968494551849,40.942063010896305,0.00035620647830703436,*,*,
