,num_seq,t_ch_MAX,max_CL,CL@BC_t_ch_MAX,aic,PV,PV_OK,t_ch_MAX_OK,phyl_OK
A.3.1.1,731,24,11.847147803259423,,,,*,*,*
A.D.2.1,76,4,2.917051139698785,-42.713376998486545,155.4267539969731,2.017869459652394e-24,,,
A.3.1,1992,24,2.0904770917292494,2.0904770917292494,65.8190458165415,5.8003917882555776e-05,*,*,
A.D.5.NmC1,425,4,1.6968714607870101,-38.34488951286465,146.6897790257293,1.594997303865637e-22,,,
A.D.5,115,4,0.9848861119078991,-52.61711190490674,175.2342238098135,1.0124595856892598e-28,,,
