,num_seq,t_ch_MAX,max_CL,CL@BC_t_ch_MAX,aic,PV,PV_OK,t_ch_MAX_OK,phyl_OK
A.D.4.NmC3,1653,58,36.56672739396049,,,,*,*,*
A.D.4.NmC1,2189,63,33.03860246569898,29.016786712856725,145.96642657428654,0.0005261101271160652,*,,
A.D.2.2.1,40,45,26.725780276617055,-4.448132113356847,212.8962642267137,1.539613904906871e-18,,,
A.D.3.NmC2,401,12,4.80653121417183,-38.86250724077848,281.72501448155697,1.742477705118176e-33,,,
A.D.4.NmC2,848,40,4.100211123998826,-0.14681058282530596,204.29362116565062,1.1403799403674933e-16,,,
A.2.1.1,31,3,3.827176228359737,-313.9381295103484,831.8762590206968,5.992563165852739e-153,,,
