,num_seq,t_ch_MAX,max_CL,CL@BC_t_ch_MAX,aic,PV,PV_OK,t_ch_MAX_OK,phyl_OK
A.D.2,2386,12,8.320224363433772,,,,*,*,*
A.D.4.1,103,7,5.4687321013099615,-18.415736483887283,74.83147296777457,2.4498360793451015e-12,,,
A.D.2.NmC2,132,5,3.485638884686919,-21.570433755944535,81.14086751188907,1.044570931173852e-13,,,
A.D.1,1413,7,3.0924673698600675,-7.043784178560082,52.08756835712016,2.1235636638816913e-07,,,
A.D.2.NmC1,464,7,2.3170484532687485,2.0289632041050836,33.942073591789836,0.001854759946855505,*,,
