,num_seq,t_ch_MAX,max_CL,CL@BC_t_ch_MAX,aic,PV,PV_OK,t_ch_MAX_OK,phyl_OK
A.2.1.1,31,13,53.58947466256917,,,,*,*,*
A.D.2,2386,1,15.320381222421346,7.000156858987572,165.99968628202487,5.837408526390854e-21,,,
