,num_seq,t_ch_MAX,max_CL,CL@BC_t_ch_MAX,aic,PV,PV_OK,t_ch_MAX_OK,phyl_OK
A.D.2.2.1,40,39,37.257359662451584,,,,*,*,*
A.D.4.NmC3,1653,58,34.23748177522762,30.9963612162577,54.0072775674846,0.0019112457966326411,*,,
A.D.4.NmC1,2189,63,31.211382818940137,18.77863962550187,78.44272074899627,9.471296813501744e-09,,,
A.D.4.NmC2,848,41,6.2889735533939515,5.032765285825246,105.9344694283495,1.01632309136569e-14,,,
A.2.1.1,31,3,3.827176228359737,-214.26285285242776,544.5257057048555,5.83783628675432e-110,,,
