,num_seq,t_ch_MAX,max_CL,CL@BC_t_ch_MAX,aic,PV,PV_OK,t_ch_MAX_OK,phyl_OK
A.D.4.NmC1,2189,40,12.432743193438267,,,,*,*,*
A.3.1,1992,49,9.451212420921678,6.837951266117272,40.324097467765455,0.0037163993354970217,*,,
A.3.1.1,731,40,9.005756702102444,9.005756702102444,35.98848659579511,0.03238694077290699,*,*,
A.3.1.NmC1,266,51,8.820346635589422,-23.641421539716212,101.28284307943242,2.151922197148835e-16,,,
A.D.4.NmC3,1653,43,1.6493904060280795,0.9692940829771882,52.06141183404562,1.0490924582726847e-05,*,,
