,num_seq,t_ch_MAX,max_CL,CL@BC_t_ch_MAX,aic,PV,PV_OK,t_ch_MAX_OK,phyl_OK
B.D.4.1.3.NmC1,0,25,3.2724499871047437,,,,*,*,*
B.D.4.1.1.NmC1,0,28,2.724716618359581,1.730641088265635,32.53871782346873,0.4252831910822739,*,,
