,num_seq,t_ch_MAX,max_CL,CL@BC_t_ch_MAX,aic,PV,PV_OK,t_ch_MAX_OK,phyl_OK
A.2.1.1,31,12,55.55063638307656,,,,*,*,*
A.D.2,2386,1,21.061611406867172,12.050261567815168,171.89947686436966,1.282891823608785e-19,,,
