,num_seq,t_ch_MAX,max_CL,CL@BC_t_ch_MAX,aic,PV,PV_OK,t_ch_MAX_OK,phyl_OK
A.1.NmC2,0,905,76.26287751419598,,,,*,*,*
A.1.NmC1,0,363,27.49422066763998,-22.799970041923824,2503.5999400838477,4.553146929571506e-39,,,
