,num_seq,t_ch_MAX,max_CL,CL@BC_t_ch_MAX,aic,PV,PV_OK,t_ch_MAX_OK,phyl_OK
B.D,150,43,36.60523231073671,,,,*,*,*
B.D.NmC1,0,50,29.444491715622558,26.3258429750972,67.3483140498056,3.431252877771803e-05,*,,
B.D.3,433,27,14.381928207924217,-8.39050200385737,136.78100400771473,2.876867014644808e-20,,,
B.D.E.3.NmC1,0,27,11.723812487581004,-4.098307705662609,128.1966154113252,2.0991482640171433e-18,,,
B.D.E.3,125,35,1.144596464457607,-24.04545656344866,168.0909131268973,4.571299462828076e-27,,,
