,num_seq,t_ch_MAX,max_CL,CL@BC_t_ch_MAX,aic,PV,PV_OK,t_ch_MAX_OK,phyl_OK
A.D.4.NmC3,0,55,32.78122296867936,,,,*,*,*
A.D.2.2.1,40,6,7.125851220275316,-8.838809116454872,225.67761823290974,1.372359709522164e-18,,,
A.2.1.1,31,3,3.827176228359737,-317.7872821604775,843.574564320955,9.21211281204497e-153,,,
A.D.3.NmC2,0,21,3.225596014181757,-63.0110374644044,334.0220749288088,4.090118348705656e-42,,,
A.D.4.NmC1,0,38,2.1707647437666013,-1.7587761312498622,211.51755226249972,1.6303201309826119e-15,,,
