,num_seq,t_ch_MAX,max_CL,CL@BC_t_ch_MAX,aic,PV,PV_OK,t_ch_MAX_OK,phyl_OK
A.3.1.1,731,28,13.527242759292072,,,,*,*,*
A.D.2.1,76,4,2.917051139698785,-26.292174269378787,148.58434853875758,8.216885973215776e-14,,,
A.D.5.NmC1,0,4,1.6968714607870101,-38.54075882198798,173.08151764397596,3.931876397957571e-19,,,
A.D.5,115,4,0.9848861119078991,-191.6574546114735,479.314909222947,1.2519882710885361e-85,,,
