,num_seq,t_ch_MAX,max_CL,CL@BC_t_ch_MAX,aic,PV,PV_OK,t_ch_MAX_OK,phyl_OK
B.D.2,1269,17,11.220483721804513,,,,*,*,*
B.D.4.1,218,19,7.067340230541016,6.761230154807999,56.477539690384006,0.011562363287468567,*,,
B.D.4,1413,6,1.61142219489088,-5.4228614330506515,80.8457228661013,5.904299084461631e-08,,,
B.D.E.2,853,6,1.515524799670247,-5.101379020563874,80.20275804112775,8.171730875930955e-08,,,
B.D.4.NmC1,1212,6,0.6364680968000334,-38.01743205063182,146.03486410126362,4.1448725733915728e-22,,,
B.D.4.1.1,260,13,0.25567986366366935,-1.9703986839046452,73.9407973678093,1.8692000488237707e-06,,,
