,num_seq,t_ch_MAX,max_CL,CL@BC_t_ch_MAX,aic,PV,PV_OK,t_ch_MAX_OK,phyl_OK
A.D.1,1413,81,79.34893588929107,,,,*,*,*
A.D.2,2386,76,42.66181757742401,40.007991542838866,103.98401691432227,8.21968324696239e-18,,,
A.D.2.NmC1,0,76,16.555950903799,9.026902210652644,165.9461955786947,2.872371177223182e-31,,,
