,num_seq,t_ch_MAX,max_CL,CL@BC_t_ch_MAX,aic,PV,PV_OK,t_ch_MAX_OK,phyl_OK
A.D.4.NmC3,1653,57,35.143374053335805,,,,*,*,*
A.D.4.NmC1,2189,59,28.092012564146785,26.507518026993264,146.98496394601347,0.000177773551529814,*,,
A.D.2.2.1,40,45,27.0836750060656,5.909762616091698,188.1804747678166,2.0109479120182026e-13,,,
A.D.3.NmC2,401,12,4.80653121417183,-61.66754758995744,323.3350951799149,8.990414900415271e-43,,,
A.2.1.1,31,3,3.827176228359737,-298.3351817662842,796.6703635325684,1.484144458687594e-145,,,
