,num_seq,t_ch_MAX,max_CL,CL@BC_t_ch_MAX,aic,PV,PV_OK,t_ch_MAX_OK,phyl_OK
A.1.NmC1,0,1425,174.62103851918968,,,,*,*,*
A.1.NmC2,0,1425,132.10355906138395,72.39919780218497,2799.20160439563,7.856405487534772e-45,,*,
