,num_seq,t_ch_MAX,max_CL,CL@BC_t_ch_MAX,aic,PV,PV_OK,t_ch_MAX_OK,phyl_OK
A.D.3.NmC1,397,27,27.49918613635727,,,,*,*,*
A.D.4.NmC2,848,57,21.89689190416481,12.088028452497452,69.82394309500509,2.7817929085538807e-07,,,
A.D.3.NmC2,401,27,15.770238131251899,15.067319786151526,63.86536042769695,5.449427503696824e-06,,*,
A.D.4.NmC1,2189,14,3.2074184201380125,-11.268892752814363,116.53778550562873,1.9916164210345238e-17,,,
