,num_seq,t_ch_MAX,max_CL,CL@BC_t_ch_MAX,aic,PV,PV_OK,t_ch_MAX_OK,phyl_OK
A.D.4.NmC1,2189,13,31.771078710075923,,,,*,*,*
A.D.4.NmC3,1653,1,20.08673655941022,7.529675176684789,94.94064964663042,2.969626011804729e-11,,,
A.3.1,1992,41,11.324261910953735,-176.7988662578674,463.5977325157348,2.6254267715266087e-91,,,
A.3.1.1,731,39,10.612789092017996,-88.23520818309406,286.47041636618815,7.629405519411048e-53,,,
A.3.1.NmC1,266,49,8.820346635589422,-284.59559398932356,679.1911879786471,4.0218533679045376e-138,,,
