,num_seq,t_ch_MAX,max_CL,CL@BC_t_ch_MAX,aic,PV,PV_OK,t_ch_MAX_OK,phyl_OK
A.3.1.1,731,24,17.306056844237972,,,,*,*,*
A.2.1.1,31,56,6.561851003018828,-17.197628147044792,170.3952562940896,1.4529648731825585e-13,,,
