,num_seq,t_ch_MAX,max_CL,CL@BC_t_ch_MAX,aic,PV,PV_OK,t_ch_MAX_OK,phyl_OK
B.D.4,1413,20,3.44972589599803,,,,*,*,*
B.D.E.2,853,20,2.8837997436041567,2.883799743604157,12.232400512791685,0.5683601467575402,*,*,
B.D.4.1,218,21,2.127799265916656,-7.872200734083343,33.744401468166686,1.2127923946329785e-05,*,*,
B.D.E.3.NmC1,1318,21,2.0149351965541804,1.0624881488988192,15.875023702202363,0.0916296838775048,*,*,
