,num_seq,t_ch_MAX,max_CL,CL@BC_t_ch_MAX,aic,PV,PV_OK,t_ch_MAX_OK,phyl_OK
B.D.1,334,16,24.985511863571137,,,,*,*,*
B.3,60,86,2.2404789663780935,-293.53414953415415,799.0682990683083,1.8942393664277218e-133,,,
