,num_seq,t_ch_MAX,max_CL,CL@BC_t_ch_MAX,aic,PV,PV_OK,t_ch_MAX_OK,phyl_OK
B.D.2,1269,16,10.312778709905547,,,,*,*,*
B.D.4.1,218,22,7.159075723222862,4.642019121602869,42.715961756794265,0.0034306689762977375,*,,
B.D.4.1.1,260,23,3.588694542066621,2.2311250197593484,47.53774996048131,0.0003081265446860525,*,,
B.D.E.2,853,9,3.3640415883885235,0.8204939475347746,50.35901210493045,7.522702624637709e-05,*,,
B.D.4,1413,19,2.3070126372658786,0.5971862517233892,50.80562749655322,6.007000054676936e-05,*,,
B.D.4.NmC1,0,7,1.3100174017525827,-37.13224912343618,126.26449824687236,2.4825517257543855e-21,,,
