,num_seq,t_ch_MAX,max_CL,CL@BC_t_ch_MAX,aic,PV,PV_OK,t_ch_MAX_OK,phyl_OK
A.D.4.NmC3,0,55,36.48868138416761,,,,*,*,*
A.D.4.NmC1,0,60,32.35954128494962,28.337725532107367,141.32454893578526,0.0002887353596282035,*,,
A.D.2.2.1,40,60,30.80000105671408,27.776145524211767,142.44770895157646,0.00016410567137237734,*,,
A.D.3.NmC2,0,29,11.677682513872357,-29.49252851575662,256.98505703151324,2.2033252507102816e-29,,,
A.2.1.1,31,3,3.827176228359737,-296.31233569290447,790.6246713858089,2.9295196984165067e-145,,,
