,num_seq,t_ch_MAX,max_CL,CL@BC_t_ch_MAX,aic,PV,PV_OK,t_ch_MAX_OK,phyl_OK
B.D.4.NmC1,0,19,8.084601483417238,,,,*,*,*
B.D.4,1413,14,4.2421818267687685,-2.906462603232856,57.812925206465714,1.6869555673777378e-05,*,,
B.D.E.2,853,7,1.6832801426345667,-12.805641182015673,77.61128236403135,8.464245923607291e-10,,,
B.D.2,1269,7,1.4959229699170753,-24.39405470088637,100.78810940177274,7.836375312862941e-15,,,
