,num_seq,t_ch_MAX,max_CL,CL@BC_t_ch_MAX,aic,PV,PV_OK,t_ch_MAX_OK,phyl_OK
A.1.NmC5,1745,24,14.006142645860624,,,,*,*,*
A.1.NmC4,1744,146,1.6585092538685424,-54.046029486637146,416.0920589732743,4.415574202609601e-31,,,
A.1.NmC13,668,146,1.2175207552653475,-45.17979835149448,398.35959670298894,3.1261352925813076e-27,,,
