,num_seq,t_ch_MAX,max_CL,CL@BC_t_ch_MAX,aic,PV,PV_OK,t_ch_MAX_OK,phyl_OK
B.3,60,80,162.0182374556747,,,,*,*,*
B.D.1.NmC1,605,15,3.642204756708635,-45.781542534104794,251.5630850682096,5.670308142926706e-91,,,
