,num_seq,t_ch_MAX,max_CL,CL@BC_t_ch_MAX,aic,PV,PV_OK,t_ch_MAX_OK,phyl_OK
B.D.4.1,218,11,5.720451810183012,,,,*,*,*
B.D.4,1413,15,2.8166404305576695,-0.3731249953044272,30.746249990608856,0.0022541101407146007,*,,
B.D.2,1269,7,2.370876118804915,-21.56572663798167,73.13145327596334,1.4134324614414352e-12,,,
B.D.4.NmC1,0,9,2.2994268235053914,-9.989198410085043,49.97839682017009,1.503951008645672e-07,,,
B.D.E.2,853,7,2.235246474324864,0.15949323476608362,29.681013530467833,0.0038487763976105395,*,,
