,num_seq,t_ch_MAX,max_CL,CL@BC_t_ch_MAX,aic,PV,PV_OK,t_ch_MAX_OK,phyl_OK
B.D.E.2,853,13,4.814879326244061,,,,*,*,*
B.D.2,1269,9,3.427393877733187,-21.23825673772547,78.47651347545094,4.8356768846340386e-12,,,
B.D.4,1413,13,3.3778763743213225,3.3778763743213225,29.244247251357354,0.23811536401468733,*,*,
B.D.4.NmC1,1212,7,1.4378061203399202,-5.103741637340117,46.207483274680236,4.918115678505129e-05,*,,
B.D.4.1,218,10,1.0413563705225037,-7.854405259559152,51.7088105191183,3.144046164940084e-06,,,
