,num_seq,t_ch_MAX,max_CL,CL@BC_t_ch_MAX,aic,PV,PV_OK,t_ch_MAX_OK,phyl_OK
A.D.5.NmC1,0,63,11.145131713164385,,,,*,*,*
A.3.1.1,731,54,4.96079234861546,0.5749046842784117,30.850190631443176,0.1274539698948207,*,,
A.3,202,69,1.0199048528833075,-32.02418904419031,96.04837808838062,8.858358600390676e-16,,,
A.2.1.1,31,68,0.6463863185126695,-44.93538405692575,121.8707681138515,2.1908442084842872e-21,,,
