,num_seq,t_ch_MAX,max_CL,CL@BC_t_ch_MAX,aic,PV,PV_OK,t_ch_MAX_OK,phyl_OK
B.D.4,1413,12,3.939031251354735,,,,*,*,*
B.D.E.2,853,12,2.8176495698199733,2.8176495698199733,36.36470086036005,0.32627979462303913,*,*,
B.D.2,1269,7,2.2683244974417125,-12.591334200933142,67.18266840186628,6.623876310337761e-08,,,
