,num_seq,t_ch_MAX,max_CL,CL@BC_t_ch_MAX,aic,PV,PV_OK,t_ch_MAX_OK,phyl_OK
A.1,995,36,0.4486816870527337,,,,*,*,*
A.1.NmC1,181,38,0.0,-114.04412386985317,318.08824773970633,4.523358051262736e-50,,,
A.1.NmC2,83,38,-1.5291050287438663,-62.07857895653285,214.1571579130657,1.673299642450702e-27,,,
