,num_seq,t_ch_MAX,max_CL,CL@BC_t_ch_MAX,aic,PV,PV_OK,t_ch_MAX_OK,phyl_OK
A.D.3.NmC1,0,5,3.7841608470492134,,,,*,*,*
A.D.4.NmC2,0,4,3.3817696634031944,-6.618230336596806,27.236460673193612,3.02807003661809e-05,*,*,
A.D.4,176,4,1.6821001745918216,-8.317899825408178,30.635799650816356,5.531785053678854e-06,,*,
A.D.4.NmC1,0,4,1.625507106821281,0.3543019374455605,13.291396125108879,0.032386940772907054,*,*,
A.3,202,3,0.7578016875640681,-10.889320010457348,35.77864002091469,4.2337818625115253e-07,,,
