,num_seq,t_ch_MAX,max_CL,CL@BC_t_ch_MAX,aic,PV,PV_OK,t_ch_MAX_OK,phyl_OK
B.D.4.1.2,1305,189,10.87667297274108,,,,*,*,*
B.D.E.4,1372,190,1.0716983950701229,-33.49500946219469,132.99001892438937,2.4083613558235674e-17,,*,
B.D.E.1,1124,191,0.5880646751830159,-25.643672489656435,117.28734497931288,6.1792153779753e-14,,,
