,num_seq,t_ch_MAX,max_CL,CL@BC_t_ch_MAX,aic,PV,PV_OK,t_ch_MAX_OK,phyl_OK
A.D.4.NmC1,0,11,33.51186246191387,,,,*,*,*
A.D.4.NmC3,0,1,25.367955982659684,15.96940797882726,82.06118404234547,2.412541470559211e-08,,,
A.3.1,1992,42,11.898220890546881,-151.28775478317348,416.57550956634697,5.525603833248695e-81,,,
A.3.1.NmC1,0,49,8.820346635589422,-288.68667594150355,691.3733518830071,1.1816514798075068e-140,,,
A.3.1.1,731,42,8.748267309505927,-61.22826387524777,236.45652775049552,7.160457716035407e-42,,,
