,num_seq,t_ch_MAX,max_CL,CL@BC_t_ch_MAX,aic,PV,PV_OK,t_ch_MAX_OK,phyl_OK
A.D.5.NmC1,0,76,10.055722945754091,,,,*,*,*
A.D.2.2.NmC1,0,76,3.2372649485750418,3.0329628514158573,37.93407429716829,0.0012065382139580395,*,*,
