,num_seq,t_ch_MAX,max_CL,CL@BC_t_ch_MAX,aic,PV,PV_OK,t_ch_MAX_OK,phyl_OK
A.D.4.NmC1,0,53,39.07529013785509,,,,*,*,*
A.D.4.NmC2,0,30,18.63876407344341,-11.975654540233236,143.95130908046647,6.749423803949784e-23,,,
