,num_seq,t_ch_MAX,max_CL,CL@BC_t_ch_MAX,aic,PV,PV_OK,t_ch_MAX_OK,phyl_OK
A.3.1.1,731,11,40.2781123862205,,,,*,*,*
A.3,202,10,40.07377076719961,39.1002055674488,61.79958886510239,15367.343732049992,*,*,
A.2.1.1,31,53,16.401719351105985,-9.294434006906307,158.5888680138126,1.4754257333112806e-17,,,
