,num_seq,t_ch_MAX,max_CL,CL@BC_t_ch_MAX,aic,PV,PV_OK,t_ch_MAX_OK,phyl_OK
B.D.4,1413,5,6.136509344046864,,,,*,*,*
B.D,150,11,5.943359789235179,-2.7130653403899805,39.42613068077996,0.00014338173627629318,*,,
B.D.3,433,3,5.334982243505348,4.614243286287007,24.771513427425987,0.21871188695221486,*,,
B.D.NmC1,0,5,4.824231528579387,4.824231528579387,24.35153694284123,0.2698200563846867,*,*,
B.D.1,334,8,4.7683375229898495,4.06031406430617,25.87937187138766,0.12555642749319731,*,,
B.D.4.NmC1,0,5,0.6373647858519528,0.6373647858519533,32.72527042829609,0.004086771438464074,*,*,
