,num_seq,t_ch_MAX,max_CL,CL@BC_t_ch_MAX,aic,PV,PV_OK,t_ch_MAX_OK,phyl_OK
B.D.1.1,115,29,3.824207990393598,,,,*,*,*
B.D.4.NmC1,0,29,2.1328436204047905,2.13284362040479,13.73431275919042,0.18451952399298918,*,*,
B.D.4.1,218,31,2.1129328952753195,0.5019068563183342,16.996186287363333,0.035972518753429654,*,,
