,num_seq,t_ch_MAX,max_CL,CL@BC_t_ch_MAX,aic,PV,PV_OK,t_ch_MAX_OK,phyl_OK
B.D.4.NmC1,0,25,11.585618133286163,,,,*,*,*
B.D.1,334,6,2.507057637615472,-1.6042621251846714,55.208524250369344,1.869200048823764e-06,,,
