,num_seq,t_ch_MAX,max_CL,CL@BC_t_ch_MAX,aic,PV,PV_OK,t_ch_MAX_OK,phyl_OK
A.3.1,1992,55,6.728307989865641,,,,*,*,*
A.3.1.NmC1,0,56,6.525319301376363,5.064446260541661,11.871107478916677,0.18919065798198204,*,*,
A.D.4.NmC1,0,56,5.924020230882081,5.717050665943576,10.565898668112848,0.3624024298324901,*,*,
A.3.1.1,731,56,5.772443988167472,5.484430027371926,11.031139945256148,0.2879409081307702,*,*,
