,num_seq,t_ch_MAX,max_CL,CL@BC_t_ch_MAX,aic,PV,PV_OK,t_ch_MAX_OK,phyl_OK
A.D.4.NmC2,848,14,30.40673191974195,,,,*,*,*
A.D.4.NmC3,1653,4,26.699177965288847,16.812193862209906,84.37561227558018,1.2467130874209817e-06,,,
A.D.2.2.NmC1,394,45,7.7939133428213605,-261.5006184039085,641.001236807817,1.6875990025878256e-127,,,
A.D.5,115,53,6.873512159493749,-112.81682202332438,343.6336440466488,6.314577558453844e-63,,,
A.D.4,176,55,4.426294890809315,-16.903668085234944,151.80733617046988,2.8413717691807252e-21,,,
