,num_seq,t_ch_MAX,max_CL,CL@BC_t_ch_MAX,aic,PV,PV_OK,t_ch_MAX_OK,phyl_OK
A.D.2.1,76,24,193.86707482580184,,,,*,*,*
A.D.2.2.1,40,70,15.139701882540514,-254.95439717084273,851.9087943416855,2.315055139967676e-199,,,
