,num_seq,t_ch_MAX,max_CL,CL@BC_t_ch_MAX,aic,PV,PV_OK,t_ch_MAX_OK,phyl_OK
A.3.1.NmC1,0,11,13.768625259138846,,,,*,*,*
A.3.1.1,731,1,13.088691304288076,10.619619802070904,10.760760395858192,0.04285212686704019,*,,
A.D.4.NmC1,0,7,10.666807261532686,8.955315981808509,14.089368036382982,0.008107222077902706,*,,
A.3.1,1992,9,9.611492618581348,9.06525160411793,13.869496791764139,0.009049914217902789,*,,
A.D.4.NmC3,0,1,7.601803567882548,2.700253291835866,26.59949341632827,1.557256259874334e-05,*,,
A.D.2.2.NmC1,0,23,0.25466599791973854,-20.65695419735835,73.31390839471669,1.1205015470214506e-15,,,
