,num_seq,t_ch_MAX,max_CL,CL@BC_t_ch_MAX,aic,PV,PV_OK,t_ch_MAX_OK,phyl_OK
A.1.NmC2,0,767,49.88045029154529,,,,*,*,*
A.1.NmC1,0,326,15.321214511816617,-67.14863923952177,2674.2972784790436,1.0630679272155374e-43,,,
