,num_seq,t_ch_MAX,max_CL,CL@BC_t_ch_MAX,aic,PV,PV_OK,t_ch_MAX_OK,phyl_OK
B.D.2,1269,7,15.937180897725364,,,,*,*,*
B.D.E.3.NmC1,0,11,7.485904370883118,-1.3463650776382923,66.69273015527658,3.128897618497142e-08,,,
B.D.4.1,218,11,5.631586643892037,-5.018821654339082,74.03764330867816,7.931569457037202e-10,,,
B.D.4.NmC1,0,29,2.213422104947448,-54.91778307561704,173.83556615123408,1.6906919496744065e-31,,,
B.D.1.1,115,29,2.154304173590048,-140.06209552970319,344.12419105940637,1.7874433872127484e-68,,,
B.D.NmC1,0,29,0.9832946638407384,-41.38600986178176,146.77201972356352,1.2771452642031205e-25,,,
