,num_seq,t_ch_MAX,max_CL,CL@BC_t_ch_MAX,aic,PV,PV_OK,t_ch_MAX_OK,phyl_OK
B.D.4,1413,13,12.0269483198191,,,,*,*,*
B.D.NmC1,0,13,3.7582046544477397,2.359978880961357,39.280042238077286,0.00044386060390287364,*,*,
B.D.E.3,125,23,2.662656487217606,-55.49104684151923,154.98209368303844,3.3366512919036904e-29,,,
