,num_seq,t_ch_MAX,max_CL,CL@BC_t_ch_MAX,aic,PV,PV_OK,t_ch_MAX_OK,phyl_OK
A.D.3.NmC2,401,8,14.990214561378437,,,,*,*,*
A.D.3.6,757,8,12.413422113856646,12.413422113856647,19.173155772286705,0.07615382279861026,*,*,
A.D.3,128,1,11.840750476361645,10.219196431064574,23.56160713787085,0.008480380159953269,*,,
A.D.3.NmC1,397,8,10.904691400385179,10.90469140038518,22.19061719922964,0.016823139315963388,*,*,
A.D.NmC2,637,16,4.527887225568178,-10.413149288859698,64.8262985777194,9.262936508435208e-12,,,
A.D.NmC1,515,16,4.522103070719739,-13.48966778370622,70.97933556741245,4.278515950477185e-13,,,
A.D,2353,16,3.369457842957841,-3.8638307232775984,51.727661446555196,6.477054385949805e-09,,,
A.D.4.NmC3,1653,16,3.2568780545665557,-0.6853416331153719,45.37068326623074,1.5575213056225308e-07,,,
A.3.1.NmC1,266,16,0.252559975194802,-42.349806046312565,128.69961209262513,1.251856093591918e-25,,,
