,num_seq,t_ch_MAX,max_CL,CL@BC_t_ch_MAX,aic,PV,PV_OK,t_ch_MAX_OK,phyl_OK
A.3,202,37,2.6778856480110895,,,,*,*,*
A.D.2.2.NmC1,394,42,2.0372126088785163,-17.547657012474936,69.09531402494987,4.9444505019386615e-09,,,
A.D.4,176,42,1.9412046396222533,-41.5292612944731,117.0585225889462,1.9043043416265746e-19,,,
A.D.5,115,42,1.8803603905320383,-41.46200195392314,116.92400390784628,2.0423819859924408e-19,,,
A.3.1.1,731,39,0.7796248260468133,-12.555206487768213,59.11041297553643,7.301615689240705e-07,,,
A.D.4.NmC1,2189,39,0.7635452369348532,-0.16031910033902486,34.32063820067805,0.1764002002863401,*,,
