,num_seq,t_ch_MAX,max_CL,CL@BC_t_ch_MAX,aic,PV,PV_OK,t_ch_MAX_OK,phyl_OK
A.D.2.2.1,40,35,25.022402375355263,,,,*,*,*
A.D.4.NmC1,0,42,21.703261096422978,19.700874925582085,86.59825014883583,0.004892753725239476,*,,
A.3,202,27,17.69749151866569,9.135400146883057,107.72919970623389,1.2625022331005326e-07,,,
A.D.4.NmC3,0,37,6.856110220898328,5.674485236724526,114.65102952655094,3.96801447340075e-09,,,
A.D.4.NmC2,0,26,6.187576128259879,1.14583183240683,123.70833633518635,4.277787868968998e-11,,,
A.D.3.NmC1,0,8,2.8931719327766223,-65.6976073400702,257.3952146801404,3.988454130091875e-40,,,
