,num_seq,t_ch_MAX,max_CL,CL@BC_t_ch_MAX,aic,PV,PV_OK,t_ch_MAX_OK,phyl_OK
F.3,76,15,16.77026570286841,,,,*,*,*
B.1.20.NmC1,0,16,10.160121401035209,0.16012140103520833,21.679757197929582,6.114608498516016e-08,,*,
