,num_seq,t_ch_MAX,max_CL,CL@BC_t_ch_MAX,aic,PV,PV_OK,t_ch_MAX_OK,phyl_OK
B.D.2,1269,24,13.595792682671343,,,,*,*,*
B.D.E.2,853,8,3.062688548642844,-11.487054278546548,78.9741085570931,1.2820187999448302e-11,,,
B.D.4,1413,9,2.707994492669182,-7.286606442371629,70.57321288474326,8.549313009381078e-10,,,
B.D.4.NmC1,1212,7,1.3100174017525827,-57.5072691131063,171.0145382262126,1.323312261779163e-31,,,
B.D.4.1,218,8,0.49432790661439185,-4.068943794562046,64.13788758912409,2.129060375125396e-08,,,
