,num_seq,t_ch_MAX,max_CL,CL@BC_t_ch_MAX,aic,PV,PV_OK,t_ch_MAX_OK,phyl_OK
A.3.1.1,731,7,1.6338775390224394,,,,*,*,*
A.D.3.6,757,7,1.1103678979394043,0.4440293622885443,27.11194127542291,0.3042212640667042,*,*,
A.D.NmC2,0,3,0.8214938606728845,-1.1651953834858593,30.330390766971718,0.06081006262521803,*,,
A.3.1.NmC2,0,3,0.7842629544639835,-19.401133961732814,66.80226792346562,7.321761418292053e-10,,,
A.D.NmC1,0,3,0.7617583771145795,-1.086097458624383,30.172194917248767,0.06587475442640292,*,,
A.3.1,1992,3,0.6250728530767242,-2.3523257853575688,32.704651570715136,0.018592444322737774,*,,
A.D,2353,3,0.5810256149247326,-1.2898420363749605,30.57968407274992,0.053664691912730184,*,,
A.D.2.2.NmC1,0,3,0.5702215295355886,-0.3606491058366846,28.721298211673368,0.13601365416684927,*,,
