,num_seq,t_ch_MAX,max_CL,CL@BC_t_ch_MAX,aic,PV,PV_OK,t_ch_MAX_OK,phyl_OK
A.D.4.NmC3,1653,58,37.92228280606121,,,,*,*,*
A.D.4.NmC1,2189,63,32.450074009378966,28.42825825653671,87.14348348692658,7.560410328462756e-05,*,,
A.D.2.2.1,40,46,16.725780276617062,-13.425868675401498,170.851737350803,5.025159219234921e-23,,,
A.D.3.NmC2,401,13,5.722771051575658,-38.62625517745914,221.2525103549183,5.713850626501446e-34,,,
