,num_seq,t_ch_MAX,max_CL,CL@BC_t_ch_MAX,aic,PV,PV_OK,t_ch_MAX_OK,phyl_OK
A.D.4.NmC1,0,43,26.824032005197466,,,,*,*,*
A.D.4.NmC2,0,21,9.501067832937439,-21.600038179719352,159.2000763594387,9.317292161483198e-22,,,
