,num_seq,t_ch_MAX,max_CL,CL@BC_t_ch_MAX,aic,PV,PV_OK,t_ch_MAX_OK,phyl_OK
B.D.4.NmC1,0,23,12.632923389576328,,,,*,*,*
B.D.1.1,115,3,3.1592576530116774,-60.80654229827478,179.61308459654956,1.2747154481863643e-32,,,
B.D.1,334,5,2.429626043920857,-12.257959869959942,82.51591973991988,1.5425486606839967e-11,,,
