,num_seq,t_ch_MAX,max_CL,CL@BC_t_ch_MAX,aic,PV,PV_OK,t_ch_MAX_OK,phyl_OK
A.D.4.NmC2,848,32,22.289983109827975,,,,*,*,*
A.D.4.NmC1,2189,24,15.707859713860918,4.677269111040534,102.64546177791894,2.2382196348088178e-08,,,
A.D.4,176,17,12.50607819691336,0.3566019239012578,111.28679615219748,2.976806048536829e-10,,,
A.D.3.NmC1,397,20,10.885617955282395,-0.7923876903899658,113.58477538077993,9.472908832676101e-11,,,
A.D.4.NmC3,1653,34,10.655445136928847,10.391991036469292,91.21601792706142,6.790404807379483e-06,,,
A.D.2.2.1,40,28,1.8039230805678408,1.585980842293269,108.82803831541347,1.0184336777059993e-09,,,
A.D.3,128,32,1.243656376537383,1.243656376537383,109.51268724692524,7.248908674931083e-10,,*,
A.3,202,3,0.7578016875640681,-56.75042786414871,225.50085572829744,4.713724004688728e-35,,,
