,num_seq,t_ch_MAX,max_CL,CL@BC_t_ch_MAX,aic,PV,PV_OK,t_ch_MAX_OK,phyl_OK
A.D,2353,34,7.963731524727847,,,,*,*,*
A.D.3,128,37,4.661947940448696,-16.04896660021297,62.09793320042594,5.251091831754854e-11,,,
A.D.4.NmC3,0,36,4.319475168774564,-5.417070730765878,40.83414146153176,2.182586317907159e-06,,,
