,num_seq,t_ch_MAX,max_CL,CL@BC_t_ch_MAX,aic,PV,PV_OK,t_ch_MAX_OK,phyl_OK
B.D.2,1269,25,16.222404609410958,,,,*,*,*
B.D.E.2,853,8,2.549031758874969,-8.199482158525495,94.398964317051,2.4804401466925405e-11,,,
B.D.4,1413,7,2.1848681953582054,-4.967383058136473,87.93476611627295,6.301898454205178e-10,,,
B.D.4.1.1,260,18,1.1084920487409222,-13.564625260894674,105.12925052178934,1.160216016523941e-13,,,
B.D.4.NmC1,0,3,0.1984072801846949,-53.10092412426044,184.2018482485209,7.847051709311545e-31,,,
