,num_seq,t_ch_MAX,max_CL,CL@BC_t_ch_MAX,aic,PV,PV_OK,t_ch_MAX_OK,phyl_OK
A.D,2353,18,7.735407319568224,,,,*,*,*
A.D.NmC2,0,18,7.713780258883473,7.713780258883473,38.57243948223305,0.9801986733067557,*,*,
A.D.2.2.NmC1,0,10,3.5844304575545904,-14.6164149503265,83.232829900653,1.9657049416951026e-10,,,
A.D.NmC1,0,10,3.340306479810275,3.074258279413085,47.851483441173826,0.009466462401710323,*,,
A.D.5.NmC1,0,10,1.892468712565094,-25.734403286363413,105.46880657272683,2.9118144083604748e-15,,,
A.3.1.1,731,20,1.4762815138108432,-0.05279466444759495,54.10558932889519,0.000413852883978762,*,,
A.D.3.6,757,9,1.3782712972749218,-0.1659091621947365,54.331818324389474,0.0003707435404590889,*,,
A.D.2.1,76,10,0.06579894774424205,-14.738647340481188,83.47729468096237,1.7347285224411606e-10,,,
