,num_seq,t_ch_MAX,max_CL,CL@BC_t_ch_MAX,aic,PV,PV_OK,t_ch_MAX_OK,phyl_OK
B.D.2,1269,6,16.331565117356863,,,,*,*,*
B.D.E.3.NmC1,0,7,12.879676719404328,2.879676719404328,38.24064656119134,1.4412496618296672e-06,,*,
B.D.E.2,853,21,3.526834148045754,-7.75489254910736,59.50978509821472,3.4675074541886455e-11,,,
