,num_seq,t_ch_MAX,max_CL,CL@BC_t_ch_MAX,aic,PV,PV_OK,t_ch_MAX_OK,phyl_OK
A.D.5.3,354,12,14.468659855301699,,,,*,*,*
A.D.3.12,401,12,12.693202811844102,12.693202811844102,10.613594376311795,0.1694834494994701,*,*,
A.D.5.1,539,12,12.687622413485293,12.687622413485293,10.624755173029413,0.16863814726859555,*,*,
A.D.3.3,1219,12,10.426959175216622,10.426959175216622,15.146081649566757,0.017509704655794274,*,*,
A.D.1.5,246,12,9.386348102288057,9.386348102288057,17.227303795423886,0.006188887090305932,*,*,
A.D.3.1,46,6,3.0478043946167235,1.074930807842937,33.85013838431413,1.5227388036103642e-06,,,
A.D.3.8,102,6,-1.4981252113270942,-7.303229691020316,50.60645938204063,3.4933142587921566e-10,,,
A.D.3.10,53,6,-8.71642157656055,-14.521526056253773,65.04305211250755,2.5692299121393143e-13,,,
