,num_seq,t_ch_MAX,max_CL,CL@BC_t_ch_MAX,aic,PV,PV_OK,t_ch_MAX_OK,phyl_OK
A.D.2.1,76,5,4.055620568968108,,,,*,*,*
A.D.5.NmC1,0,5,2.5003794225381384,2.5003794225381384,6.999241154923723,0.21118938264097117,*,*,
A.3.1.1,731,5,1.041212681853636,1.041212681853636,9.917574636292727,0.04904583548701675,*,*,
A.D.5,115,4,0.9848861119078991,-11.514952310914374,35.02990462182875,1.729955440010014e-07,,*,
