,num_seq,t_ch_MAX,max_CL,CL@BC_t_ch_MAX,aic,PV,PV_OK,t_ch_MAX_OK,phyl_OK
A.D.2.1,76,9,5.127577050818476,,,,*,*,*
A.D.5.NmC1,425,9,3.822062845362561,3.4016782445025697,17.19664351099486,0.26847432323923676,*,*,
A.D.NmC2,637,9,1.1915888729980102,0.7636570665026359,22.472685866994727,0.019254701775386938,*,*,
A.D.5,115,4,0.9848861119078991,0.28820627205687227,23.423587455886256,0.011974211300803611,*,,
A.3.1.1,731,7,0.5515200379596188,-0.8685389757312381,25.737077951462474,0.0037537497697702634,*,,
