,num_seq,t_ch_MAX,max_CL,CL@BC_t_ch_MAX,aic,PV,PV_OK,t_ch_MAX_OK,phyl_OK
A.D.4.NmC2,0,38,28.05306058542715,,,,*,*,*
A.D.4.NmC1,0,26,19.166006728849414,-9.46746832547232,168.93493665094465,7.492830131993389e-17,,,
A.D.4,176,18,14.413374454047393,-30.851544955249263,211.70308991049853,3.8659692153928756e-26,,,
A.D.3.NmC1,0,21,12.742924361846885,-29.854354923693577,209.70870984738715,1.0456381039510035e-25,,,
A.D.4.NmC3,0,40,12.215623684415554,9.354336183244149,131.2913276335117,1.117038228711711e-08,,,
A.D.2.2.1,40,24,1.9566955632927439,-28.668657946539803,207.33731589307962,3.4199547666152e-25,,,
A.3,202,3,0.7578016875640681,-92.59430234486466,335.18860468972935,5.912152206627062e-53,,,
