,num_seq,t_ch_MAX,max_CL,CL@BC_t_ch_MAX,aic,PV,PV_OK,t_ch_MAX_OK,phyl_OK
A.D.3,128,6,6.928800499623307,,,,*,*,*
A.D.4.NmC2,0,1,6.140020260357252,4.209093054035995,41.58181389192801,0.06587475442640303,*,,
A.D,2353,14,5.181929043987892,5.076821834679923,39.846356330640155,0.15645294267495466,*,,
A.D.4.NmC3,0,1,4.904065256997573,4.236436154889784,41.52712769022043,0.06754238177422449,*,,
A.D.3.6,757,18,1.8772052741212624,-5.039728038153952,60.079456076307906,6.3313314770602685e-06,,,
A.D.3.NmC1,0,20,1.4101532380922654,-25.909823421104022,101.81964684220804,5.467253537991985e-15,,,
A.D.3.NmC2,0,20,0.05318530825262857,-18.639109222658824,87.27821844531765,7.853985546868321e-12,,,
