,num_seq,t_ch_MAX,max_CL,CL@BC_t_ch_MAX,aic,PV,PV_OK,t_ch_MAX_OK,phyl_OK
A.D.4.NmC3,0,13,8.27432510923239,,,,*,*,*
A.D.2.2.1,40,6,4.9726334453238605,-1.0420464627640953,40.08409292552819,9.006310199818276e-05,*,,
A.D.3.NmC2,0,13,4.347967820058619,4.347967820058619,29.304064359882762,0.019742136871492764,*,*,
A.2.1.1,31,3,3.827176228359737,-56.39339744068186,150.78679488136373,8.206837898412103e-29,,,
