,num_seq,t_ch_MAX,max_CL,CL@BC_t_ch_MAX,aic,PV,PV_OK,t_ch_MAX_OK,phyl_OK
B.D.E.2,853,9,9.769799541198443,,,,*,*,*
B.D.E.3.NmC1,1318,1,7.5928867616613545,2.265812347539039,41.46837530492192,0.0005503258503435196,*,,
