,num_seq,t_ch_MAX,max_CL,CL@BC_t_ch_MAX,aic,PV,PV_OK,t_ch_MAX_OK,phyl_OK
A.1.NmC2,82,43,7.131589793396031,,,,*,*,*
B.1.13.NmC1,402,43,4.6353024271104974,2.9822618935596665,20.035476212880667,2.61169647342312,*,*,
