,num_seq,t_ch_MAX,max_CL,CL@BC_t_ch_MAX,aic,PV,PV_OK,t_ch_MAX_OK,phyl_OK
B.D.NmC1,1726,37,19.288934067198323,,,,*,*,*
B.D.E.3.NmC1,1318,29,18.195340189133876,7.334155511511625,97.33168897697675,6.427017298776619e-06,,,
B.D,150,25,15.152290604076041,-9.334143956861697,130.6682879137234,3.7010116785926984e-13,,,
B.D.3,433,24,13.54725121100141,-7.4438148736141585,126.88762974722832,2.4498360793451015e-12,,,
B.D.E.3,125,28,7.025539494069721,-24.623602964316603,161.2472059286332,8.471451469159532e-20,,,
B,21,10,0.01868754738004652,-128.0581585907629,368.1163171815258,1.0155658568844994e-64,,,
