,num_seq,t_ch_MAX,max_CL,CL@BC_t_ch_MAX,aic,PV,PV_OK,t_ch_MAX_OK,phyl_OK
A.3.1,1992,4,15.40504596073421,,,,*,*,*
A.D.4.NmC1,0,4,13.569984743033078,13.56998474303308,14.86003051393384,0.15961350176811803,*,*,
A.3.1.1,731,10,6.088287964049606,4.652573719163712,32.694852561672576,2.1445408316589164e-05,*,,
