,num_seq,t_ch_MAX,max_CL,CL@BC_t_ch_MAX,aic,PV,PV_OK,t_ch_MAX_OK,phyl_OK
A.3.1.1,731,30,14.012505726901257,,,,*,*,*
A.3.1,1992,25,4.090068292422555,2.9041532830982275,74.19169343380355,1.4961953685411072e-05,*,,
A.D.5.NmC1,0,6,2.4120709870841464,-37.580224382296564,155.16044876459313,3.9135979349986456e-23,,,
A.D.2.1,76,6,1.9058849894600198,-38.20986597982272,156.41973195964545,2.084350172617812e-23,,,
A.D.5,115,3,1.0727147973512097,-101.86046423466341,283.72092846932685,4.743805884239767e-51,,,
A.D.NmC2,0,6,0.3384686898938428,-95.17097460758913,270.34194921517826,3.815548632545702e-48,,,
