,num_seq,t_ch_MAX,max_CL,CL@BC_t_ch_MAX,aic,PV,PV_OK,t_ch_MAX_OK,phyl_OK
B.D.4.1,218,16,2.6790310310017404,,,,*,*,*
B.D.4.NmC1,1212,20,2.213422104947448,-6.517589624863938,41.035179249727875,2.225540928492469,*,,
B.D.1.1,115,20,2.154304173590048,-36.22416153915609,100.44832307831219,2.7971644536181015e-13,,,
B.D.NmC1,1726,20,0.9832946638407384,-2.851677043644882,33.70335408728977,87.35672301344091,*,,
