,num_seq,t_ch_MAX,max_CL,CL@BC_t_ch_MAX,aic,PV,PV_OK,t_ch_MAX_OK,phyl_OK
A.D.4.NmC1,0,7,7.271744712634644,,,,*,*,*
A.3.1,1992,7,6.028184846098333,6.028184846098333,29.943630307803332,0.28938421793905056,*,*,
A.3.1.1,731,9,3.711436989284843,-6.061033612783933,54.12206722556787,1.625004456052794e-06,,,
A.D.2.2.NmC1,0,20,3.609334173200286,-34.18844101391405,110.3768820278281,9.866219659812437e-19,,,
A.D.4,176,20,3.379337684569949,-54.82489674784549,151.64979349569097,1.0776659131236528e-27,,,
A.D.5,115,20,3.2887075148211555,-55.353785101625895,152.7075702032518,6.343195121175439e-28,,,
A.3.1.NmC1,0,15,2.599391226826043,-19.663353750122834,81.32670750024567,2.0057561381598267e-12,,,
A.D.4.NmC2,0,21,0.6394332122152728,-13.097687620328003,68.195375240656,1.4237095677358547e-09,,,
A.D.4.NmC3,0,9,0.3952367450894877,-9.385074160169404,60.770148320338805,5.845550326976573e-08,,,
