,num_seq,t_ch_MAX,max_CL,CL@BC_t_ch_MAX,aic,PV,PV_OK,t_ch_MAX_OK,phyl_OK
B.D,150,5,38.46048055367934,,,,*,*,*
B.D.NmC1,1726,2,29.792040446274058,29.702229306440593,62.595541387118814,0.00015688460858652214,*,,
B.D.3,433,2,16.081994190440707,16.052258210332678,89.89548357933464,1.851231197579737e-10,,,
B.D.4.NmC1,1212,35,13.638133457099961,-231.90437364849006,585.8087472969801,3.8191999873775816e-118,,,
B.D.1.1,115,51,5.114487321656981,-298.96370570148935,719.9274114029787,2.8720000543921864e-147,,,
B.D.1,334,31,1.1556638955427028,-78.62716306768039,279.25432613536077,1.4145900088237985e-51,,,
B.D.4.1,218,54,0.3017632896672511,-198.3062227357201,518.6124454714402,1.4937124202456776e-103,,,
