,num_seq,t_ch_MAX,max_CL,CL@BC_t_ch_MAX,aic,PV,PV_OK,t_ch_MAX_OK,phyl_OK
A.D.2.1,76,30,67.11890361954993,,,,*,*,*
A.D.2.2.1,40,30,50.50055564956524,40.50055564956524,180.99888870086951,6.053767127397e-08,,*,
A.D.1,1413,46,35.00986664024682,-15.129214027399728,292.2584280547995,4.1900931944943974e-32,,,
