,num_seq,t_ch_MAX,max_CL,CL@BC_t_ch_MAX,aic,PV,PV_OK,t_ch_MAX_OK,phyl_OK
A.D.4.NmC3,1653,12,3.6193700322719233,,,,*,*,*
A.D.3.NmC1,397,15,3.3909977456939484,-4.307975680683394,46.61595136136679,0.0003597864129304837,*,,
A.D.3.6,757,15,2.133560805391268,-3.142707309986738,44.28541461997348,0.0011534474942792936,*,,
A.D.3,128,17,1.9339217091912304,-7.410321694036215,52.820643388072426,1.62080909345575e-05,*,,
A.D,2353,12,1.826408695996137,1.8264086959961365,34.34718260800773,0.16612745234683307,*,*,
A.D.NmC1,515,17,0.6048114944067526,-15.15344389342065,68.3068877868413,7.016509252926782e-09,,,
A.D.3.NmC2,401,17,0.3283142323040964,-19.579040394126622,77.15808078825324,8.401716438858928e-11,,,
A.3.1,1992,12,0.3180508447844192,0.3180508447844199,37.36389831043116,0.03688316740124004,*,*,
