,num_seq,t_ch_MAX,max_CL,CL@BC_t_ch_MAX,aic,PV,PV_OK,t_ch_MAX_OK,phyl_OK
B.D.3,433,37,36.31819766285997,,,,*,*,*
B.D.NmC1,1726,24,17.0148885253838,12.614853546970947,82.7702929060581,5.07048271400837e-11,,,
B.D,150,16,12.141845928136705,-52.23930912119798,212.47861824239595,3.458443480649364e-39,,,
B.D.E.3.NmC1,1318,16,6.418076917887469,-25.881091069464027,159.76218213892804,9.702490487405478e-28,,,
