,num_seq,t_ch_MAX,max_CL,CL@BC_t_ch_MAX,aic,PV,PV_OK,t_ch_MAX_OK,phyl_OK
B.D.E.3.NmC1,0,47,32.81210432990726,,,,*,*,*
B.D.E.3,125,47,11.786031445823545,11.54373831480072,100.91252337039856,7.813483771918352e-10,,*,
B.D.NmC1,0,36,9.301512881836361,-5.958415803404674,135.91683160680935,1.952179773633996e-17,,,
B.D,150,9,2.39855047219461,-76.19350026780633,276.38700053561263,6.135456372330918e-48,,,
B.D.3,433,3,1.814231374814649,-76.18168895003859,276.3633779000772,6.228181920932795e-48,,,
