,num_seq,t_ch_MAX,max_CL,CL@BC_t_ch_MAX,aic,PV,PV_OK,t_ch_MAX_OK,phyl_OK
A.D.4.NmC1,2189,12,32.407625221024276,,,,*,*,*
A.D.4.NmC3,1653,1,26.93182976888065,16.62992110815783,74.74015778368434,1.4022746259025442e-07,,,
A.3.1,1992,42,12.842226392570193,-152.8103317205829,413.6206634411658,3.630580426193884e-81,,,
A.3.1.1,731,48,5.560889056322359,-81.02403680285653,270.04807360571306,5.442587818579337e-50,,,
