,num_seq,t_ch_MAX,max_CL,CL@BC_t_ch_MAX,aic,PV,PV_OK,t_ch_MAX_OK,phyl_OK
A.D.4.NmC3,1653,10,9.39854800383243,,,,*,*,*
A.D.2.2.1,40,10,9.239999303946382,9.239999303946382,7.520001392107236,0.8521437889662116,*,*,
A.D.3.NmC2,401,9,2.124345795160057,2.070885434080031,21.858229131839938,0.0006555735871256958,*,*,
