,num_seq,t_ch_MAX,max_CL,CL@BC_t_ch_MAX,aic,PV,PV_OK,t_ch_MAX_OK,phyl_OK
B.D.4.1,218,27,2.4250009967767765,,,,*,*,*
B.D.4.NmC1,1212,16,0.20202125809388005,-1.154815349263374,48.309630698526746,337556925100.2417,*,,
