,num_seq,t_ch_MAX,max_CL,CL@BC_t_ch_MAX,aic,PV,PV_OK,t_ch_MAX_OK,phyl_OK
A.D.4.NmC2,848,39,26.152596158129835,,,,*,*,*
A.D.4.NmC1,2189,27,20.939497142379786,8.163064199402633,107.67387160119473,1.975221895022806e-08,,,
A.D.4,176,10,6.9642193552897735,-5.05132862693831,134.10265725387663,3.600926962557604e-14,,,
A.D.4.NmC3,1653,47,6.932072886511349,3.246186983155732,117.50762603368854,1.4417403063213136e-10,,,
A.D.3.NmC1,397,10,5.746833933896769,-23.160833032580367,170.32166606516074,4.912937569345767e-22,,,
A.3,202,3,0.7578016875640681,-80.98780734691982,285.97561469383965,3.767830496587353e-47,,,
