,num_seq,t_ch_MAX,max_CL,CL@BC_t_ch_MAX,aic,PV,PV_OK,t_ch_MAX_OK,phyl_OK
A.D.4.NmC1,2189,13,35.80209279575937,,,,*,*,*
A.D.4.NmC3,1653,1,32.276341533979576,19.719280151254143,70.56143969749172,1.0388305932682398e-07,,,
A.3.1,1992,40,12.044145337349375,-165.83480679168065,441.6696135833613,2.697939095200243e-88,,,
A.3.1.1,731,38,9.525977056139947,-79.08673312659823,268.17346625319647,1.2766693925799452e-50,,,
A.3.1.NmC1,266,48,8.820346635589422,-258.6866759415035,627.373351883007,1.2787613361103467e-128,,,
A.D.4.NmC2,848,13,0.9805113188798944,0.9805113188798872,108.03897736224023,7.548595261758254e-16,,*,
