,num_seq,t_ch_MAX,max_CL,CL@BC_t_ch_MAX,aic,PV,PV_OK,t_ch_MAX_OK,phyl_OK
A.1.NmC7,0,6,13.115281520803189,,,,*,*,*
A.1.NmC13,0,152,1.9848307231677988,-56.846879587130104,445.6937591742602,4.137690917393971e-31,,,
A.1.NmC12,0,101,1.8737499986017931,-53.65109658412123,439.30219316824247,1.0100175397861807e-29,,,
A.1.NmC4,0,107,0.9024135326038129,-41.02080559951258,414.04161119902517,3.0865137936155678e-24,,,
