,num_seq,t_ch_MAX,max_CL,CL@BC_t_ch_MAX,aic,PV,PV_OK,t_ch_MAX_OK,phyl_OK
B.D.4.NmC1,0,26,3.506676960925244,,,,*,*,*
B.D.1.1,115,26,3.429864716166559,3.429864716166559,1.1402705676668816,0.927743486328553,*,*,
B.D.NmC1,0,26,1.8672512402859665,1.8672512402859667,4.265497519428067,0.19398004229089197,*,*,
B.D.4.1,218,24,0.6000339654243333,-0.395423637988019,8.790847275976038,0.020241911445804398,*,,
B.D,150,26,0.035783217761530095,0.03578321776153011,7.92843356447694,0.031117030661060873,*,*,
