,num_seq,t_ch_MAX,max_CL,CL@BC_t_ch_MAX,aic,PV,PV_OK,t_ch_MAX_OK,phyl_OK
B.D,150,43,7.580031449860664,,,,*,*,*
B.D.3,433,35,6.894377284081456,4.448244025949396,7.1035119481012075,21210353.64701652,*,,
B.D.NmC1,1726,35,4.016575141739448,2.4204842935391753,11.15903141292165,2785672.8499747575,*,,
B.D.1,334,44,3.76128551821309,-16.4098135201057,48.8196270402114,0.018499714119819273,*,*,
B.D.4,1413,42,1.12924136742107,-8.87075863257893,33.74151726515786,34.81331748760205,*,*,
