,num_seq,t_ch_MAX,max_CL,CL@BC_t_ch_MAX,aic,PV,PV_OK,t_ch_MAX_OK,phyl_OK
A.1.NmC5,1745,24,13.448785750922726,,,,*,*,*
A.1.NmC4,1744,146,1.6585092538685424,-53.0276450160685,412.055290032137,2.1224111765453563e-30,,,
A.1.NmC13,668,146,1.2175207552653475,-44.36077139715547,394.72154279431095,1.2364104928388838e-26,,,
