,num_seq,t_ch_MAX,max_CL,CL@BC_t_ch_MAX,aic,PV,PV_OK,t_ch_MAX_OK,phyl_OK
B.D.2,1269,26,17.055643015803053,,,,*,*,*
B.D.4.1.1,260,29,7.837760106867787,5.640942006531315,58.71811598693737,1.1028805788081462e-05,*,,
B.D.4.1,218,28,3.6743482495982436,3.368238173865226,63.26352365226955,1.1394099696798103e-06,,,
B.D.4,1413,6,1.8195021983860147,-14.654645025933144,99.30929005186628,1.692473895271464e-14,,,
