,num_seq,t_ch_MAX,max_CL,CL@BC_t_ch_MAX,aic,PV,PV_OK,t_ch_MAX_OK,phyl_OK
A.D.4.NmC1,0,14,33.25364034010046,,,,*,*,*
A.D.4.NmC3,0,1,21.204812902510273,8.977746331721766,98.04450733655646,2.867486961257992e-11,,,
A.3.1,1992,45,7.025229188194056,-183.92131789441402,483.84263578882803,4.809455299867407e-95,,,
A.3.1.NmC1,0,59,6.525319301376363,-320.7399587012324,757.4799174024648,1.8277840309961913e-154,,,
A.3.1.1,731,59,5.772443988167472,-100.96715753182099,317.934315063642,5.116755192333555e-59,,,
