,num_seq,t_ch_MAX,max_CL,CL@BC_t_ch_MAX,aic,PV,PV_OK,t_ch_MAX_OK,phyl_OK
B.D.4,1413,18,11.052543500025951,,,,*,*,*
B.D.2,1269,9,3.4051451812830846,-27.692681170155694,103.38536234031139,1.4828213355760042e-17,,,
B.D.E.2,853,9,3.3640415883885235,-25.622070113196198,99.2441402263924,1.180999941764311e-16,,,
B.D.4.NmC1,1212,7,1.3100174017525827,-36.321028598034125,120.64205719606825,2.6625570362583533e-21,,,
B.D.4.1,218,8,0.49432790661439185,-27.88613955774894,103.77227911549788,1.2262326474606752e-17,,,
