,num_seq,t_ch_MAX,max_CL,CL@BC_t_ch_MAX,aic,PV,PV_OK,t_ch_MAX_OK,phyl_OK
A.D.4.NmC1,0,6,28.903753196179906,,,,*,*,*
A.3.1,1992,30,12.044145337349375,-136.34714423169945,370.6942884633989,1.7093731007881328e-72,,,
A.3.1.1,731,27,11.30583692326314,-58.79380497831533,215.58760995663067,8.172857694873629e-39,,,
A.3.1.NmC1,0,38,8.820346635589422,-228.6866759415035,555.373351883007,1.3492250833826923e-112,,,
A.D.4.NmC3,0,6,8.39682317654242,8.39682317654242,81.20635364691516,1.237713637527243e-09,,*,
