,num_seq,t_ch_MAX,max_CL,CL@BC_t_ch_MAX,aic,PV,PV_OK,t_ch_MAX_OK,phyl_OK
B.D.E.3.NmC1,0,38,28.281682949516604,,,,*,*,*
B.D.E.3,125,33,11.358923084765285,-13.388814823618398,136.7776296472368,1.5985816492597156e-19,,,
B.D,150,3,1.486529445337407,-77.36507488681742,264.7301497736348,2.628726138117454e-47,,,
B.D.NmC1,0,3,1.466011337341583,-32.47712430205017,174.95424860410034,8.226680598244006e-28,,,
B.D.3,433,3,0.7978046804004906,-44.56373932404403,199.12747864808807,4.6195997576775666e-33,,,
