,num_seq,t_ch_MAX,max_CL,CL@BC_t_ch_MAX,aic,PV,PV_OK,t_ch_MAX_OK,phyl_OK
B.D.4.NmC1,0,39,5.297983807427248,,,,*,*,*
B.D.1.1,115,40,5.114487321656981,-12.473263089312574,46.94652617862515,1.9072849601445554e-08,,*,
B.D.NmC1,0,40,3.0738393412743164,2.542035376221365,16.91592924755727,0.06329176835964068,*,*,
B.D.4.1,218,43,0.3017632896672511,-2.0387938442851046,26.07758768857021,0.0006490505209441416,*,,
B.D,150,42,0.035783217761530095,-12.26524234405358,46.53048468810716,2.3529756094158116e-08,,,
