,num_seq,t_ch_MAX,max_CL,CL@BC_t_ch_MAX,aic,PV,PV_OK,t_ch_MAX_OK,phyl_OK
F.2,70,42,39.14960048651458,,,,*,*,*
B.1.20.NmC1,0,47,27.236436639538724,21.512849056034483,42.974301887931034,2.1938999166087423e-08,,,
B.1.17.NmC4,0,57,17.307988309624218,9.226976923224539,67.54604615355092,1.0086433488066845e-13,,,
