,num_seq,t_ch_MAX,max_CL,CL@BC_t_ch_MAX,aic,PV,PV_OK,t_ch_MAX_OK,phyl_OK
A.D.2,2386,85,75.77174892490265,,,,*,*,*
A.D.2.NmC1,464,85,15.371757374907828,15.371757374907828,245.25648525018434,5.869664697562311e-27,,*,
A.D.4.1,103,6,1.8125683976369211,-60.59277593830385,397.1855518766077,5.990084864018244e-60,,,
A.D.1,1413,9,1.336479152749571,-13.447735802676029,302.89547160535204,1.787501128237747e-39,,,
A.D.2.1,76,95,0.5159566041041481,-16.152418406290188,308.3048368125804,1.2012992984609693e-40,,,
