,num_seq,t_ch_MAX,max_CL,CL@BC_t_ch_MAX,aic,PV,PV_OK,t_ch_MAX_OK,phyl_OK
A.D.5.NmC1,425,25,13.717822737615267,,,,*,*,*
A.3.1.1,731,10,3.8373548612807413,-2.356355838150258,42.712711676300515,1.9168452657921068e-08,,,
A.3.1,1992,5,1.9081679535119023,-17.976540640395115,73.95308128079023,3.1543308920465075e-15,,,
A.D.2.2.NmC1,394,25,1.4925693627163565,-11.08195510675097,60.163910213501936,3.114352034294188e-12,,*,
A.3,202,34,1.0199048528833075,-29.681212555507777,97.36242511101555,2.6030969215640415e-20,,,
A.2.1.1,31,33,0.6463863185126695,-38.979506160224155,115.95901232044831,2.3798613551719203e-24,,,
