,num_seq,t_ch_MAX,max_CL,CL@BC_t_ch_MAX,aic,PV,PV_OK,t_ch_MAX_OK,phyl_OK
B.D.E.3,125,39,22.923893855405897,,,,*,*,*
B.D.NmC1,0,44,22.17407766891209,20.10632272578108,49.78735454843784,0.05960594270893934,*,,
B.D.E.3.NmC1,0,48,17.595080734554855,16.31441216492404,57.37117567015192,0.0013468321494119746,*,,
B.D.3,433,31,16.702399119598226,13.639348579012331,62.72130284197534,9.28059317959454e-05,*,,
B.D,150,44,15.499626592509674,12.805887703502234,64.38822459299553,4.02661255318713e-05,*,,
