,num_seq,t_ch_MAX,max_CL,CL@BC_t_ch_MAX,aic,PV,PV_OK,t_ch_MAX_OK,phyl_OK
B.D.4.NmC1,0,8,5.150993387581632,,,,*,*,*
B.D.4,1413,10,4.080571307628113,3.2148074156036435,21.57038516879271,0.1444242688235419,*,,
B.D.2,1269,5,0.8925264077217887,-24.38456874559126,76.76913749118252,1.489746854064945e-13,,,
B.D.4.1,218,5,0.5837138692583262,-19.510453770888944,67.02090754177789,1.9511833270963712e-11,,,
B.D.E.2,853,7,0.4845137350827284,-9.515486264917271,47.03097252983454,4.2763320776276853e-07,,*,
