,num_seq,t_ch_MAX,max_CL,CL@BC_t_ch_MAX,aic,PV,PV_OK,t_ch_MAX_OK,phyl_OK
B.1.6,35,52,8.900966901359046,,,,*,*,*
B.1,452,51,7.606990838168161,-2.3930091618318388,148.78601832366368,1.24349438027423e-05,*,*,
B.1.NmC10,223,56,7.539831730938116,7.238518581769776,129.52296283646044,0.19013898010151983,*,,
B.1.20.NmC1,92,5,3.0366886492886063,-12.771758946078405,169.5435178921568,3.8800612125473396e-10,,,
F.3,76,5,2.5574351720913344,-20.916315689061328,185.83263137812264,1.1259264511870914e-13,,,
B.1.11,72,4,2.5386526757451735,-19.450829781446245,182.9016595628925,4.872495402910552e-13,,,
B.1.3,115,14,2.4632852260592784,-7.8165673239833415,159.63313464796667,5.505131977228371e-08,,,
