,num_seq,t_ch_MAX,max_CL,CL@BC_t_ch_MAX,aic,PV,PV_OK,t_ch_MAX_OK,phyl_OK
A.3.1,1992,28,7.166768941687501,,,,*,*,*
A.D.2.1,76,5,4.418526062657477,-97.18454780015588,272.36909560031177,4.801432340764693e-46,,,
A.D.5.NmC1,425,5,2.170137735667562,-27.47500696972432,132.95001393944864,9.037309314556133e-16,,,
A.D.5,115,4,0.9848861119078991,-89.96057585452,257.92115170904003,6.593992443902969e-43,,,
A.3.1.1,731,11,0.5312146132783514,-17.4144184091875,112.82883681837501,2.113691664906494e-11,,,
