,num_seq,t_ch_MAX,max_CL,CL@BC_t_ch_MAX,aic,PV,PV_OK,t_ch_MAX_OK,phyl_OK
B.D.2,1269,24,16.009572997611834,,,,*,*,*
B.D.4.1.1,260,27,14.163895156063436,11.967077055726964,48.06584588854607,0.017509704655794243,*,,
B.D.E.2,853,10,2.666734328854935,-13.809705585464556,99.61941117092911,1.1203108695842875e-13,,,
B.D.4,1413,8,1.5377270373772154,-3.862169473347203,79.7243389466944,2.3473002476253887e-09,,,
B.D.4.NmC1,1212,8,1.1777332549555684,-46.11023925950985,164.2204785190197,1.0510582469245566e-27,,,
