,num_seq,t_ch_MAX,max_CL,CL@BC_t_ch_MAX,aic,PV,PV_OK,t_ch_MAX_OK,phyl_OK
B.D.E.2,853,16,10.087037747659917,,,,*,*,*
B.D.2,1269,7,2.9901454192182313,-20.475833541548518,100.95166708309704,5.345159055881352e-14,,,
B.D.4.1,218,8,1.8965873742405097,-17.8350907258278,95.6701814516556,7.49028021657866e-13,,,
B.D.4.1.1,260,24,1.7248412597289444,-8.137094232458562,76.27418846491713,1.2222345037719687e-08,,,
B.D.4,1413,6,1.61142219489088,-10.928153712117785,81.85630742423557,7.469670810297723e-10,,,
B.D.4.NmC1,1212,6,0.6364680968000334,-23.144741361770976,106.28948272354195,3.701641592521858e-15,,,
