,num_seq,t_ch_MAX,max_CL,CL@BC_t_ch_MAX,aic,PV,PV_OK,t_ch_MAX_OK,phyl_OK
A.D.3,128,20,3.1736993300521563,,,,*,*,*
A.D.3.6,757,21,3.0410905300390936,0.43272092766105286,21.134558144677893,0.06457034689316853,*,*,
A.D.4.NmC3,1653,19,2.317881985934858,1.676237295462513,18.647525409074973,0.22313016014843004,*,*,
A.D,2353,20,2.2427115901612797,2.2427115901612797,17.51457681967744,0.3945537103716009,*,*,
A.D.3.NmC1,397,23,1.7157611848094736,-2.1378795962926387,26.275759192585276,0.004917278755347151,*,,
A.D.4.NmC2,848,19,1.1506504622022287,0.940151598368872,20.119696803262258,0.10699212985311443,*,*,
A.D.NmC1,515,23,0.6048114944067526,-11.359204729492301,44.7184094589846,4.870008346523962e-07,,,
A.D.3.NmC2,401,23,0.3283142323040964,-13.373896343934652,48.74779268786931,6.492714771541144e-08,,,
A.D.NmC2,637,19,0.32640743261748617,-1.6224547403472975,25.244909480694595,0.008270998827770845,*,*,
