,num_seq,t_ch_MAX,max_CL,CL@BC_t_ch_MAX,aic,PV,PV_OK,t_ch_MAX_OK,phyl_OK
B.D.4,1413,9,10.362377056889635,,,,*,*,*
B.D.E.3.NmC1,1318,21,5.506994494083904,-11.000106630806496,76.000213261613,5.290172901557167e-10,,,
B.D.2,1269,24,4.839728920021826,-39.96489446063316,133.92978892126632,1.3935745234869146e-22,,,
B.D.4.1,218,23,4.5691710241525225,-22.813665203190553,99.6273304063811,3.910934683471446e-15,,,
B.D.E.2,853,23,0.46598771944012457,-24.664363507421452,103.32872701484291,6.149442872667334e-16,,,
