,num_seq,t_ch_MAX,max_CL,CL@BC_t_ch_MAX,aic,PV,PV_OK,t_ch_MAX_OK,phyl_OK
A.D.2.2.1,40,44,37.083675006065604,,,,*,*,*
A.D.4.NmC3,0,56,33.77984783562809,30.09888254113787,87.80223491772426,0.000925663296621851,*,,
A.D.4.NmC1,0,61,29.957486185595634,18.50048846942046,110.99902306115908,8.484710991060074e-09,,,
A.D.3.NmC2,0,12,4.80653121417183,-24.168396744128756,196.3367934882575,2.4962697331622612e-27,,,
A.2.1.1,31,3,3.827176228359737,-207.02144418300705,562.042888366014,9.694948245012149e-107,,,
