,num_seq,t_ch_MAX,max_CL,CL@BC_t_ch_MAX,aic,PV,PV_OK,t_ch_MAX_OK,phyl_OK
KP.2.3.12,62,8,6.08746031373687,,,,*,*,*
BA.5.1.1,4637,5,4.84535862943304,-6.819697482763102,29.639394965526204,2.4855912478886465e-06,,,
NM.1,41,7,2.7292998900210654,-7.270700109978934,30.54140021995787,1.5848829530784958e-06,,*,
