,num_seq,t_ch_MAX,max_CL,CL@BC_t_ch_MAX,aic,PV,PV_OK,t_ch_MAX_OK,phyl_OK
B.D.4.1,218,30,2.917888787769306,,,,*,*,*
B.D.4.NmC1,0,35,2.213422104947448,-11.91183489734435,47.8236697946887,0.007986521265955488,*,,
B.D.1.1,115,35,2.154304173590048,-54.24402085498097,132.48804170996192,3.284738199015361e-21,,,
B.D.4,1413,15,1.8600366885899986,-15.14974915791532,54.29949831583064,0.00031278328106571065,*,,
B.D.NmC1,0,35,0.9832946638407384,-19.496657203547304,62.99331440709461,4.057270910107763e-06,,,
B.D.2,1269,30,0.7386076507556223,-9.261392349244378,42.522784698488756,0.11304153064044949,*,*,
