,num_seq,t_ch_MAX,max_CL,CL@BC_t_ch_MAX,aic,PV,PV_OK,t_ch_MAX_OK,phyl_OK
B.1.17.NmC4,0,39,5.0017168634126055,,,,*,*,*
B.1.17.NmC5,0,39,4.861984402608059,4.09165845523871,103.81668308952258,1.4769807938826434,*,*,
B.1.NmC2,0,39,4.030767247152627,0.9989612991844106,110.00207740163118,0.06720551273974958,*,*,
B.1.17.NmC2,0,43,4.007896716780818,3.9541421037060593,104.09171579258788,1.290461620872884,*,,
B.1.17.NmC1,0,39,3.435662462399811,0.5221007267839046,110.95579854643219,0.04158565512117318,*,*,
B.1.17.NmC6,0,39,3.0017492699077337,1.1614720843686264,109.67705583126275,0.07886639979067445,*,*,
B.1,452,39,2.5447482444953766,-1.0273821899947002,114.0547643799894,0.008870713909928243,*,*,
