,num_seq,t_ch_MAX,max_CL,CL@BC_t_ch_MAX,aic,PV,PV_OK,t_ch_MAX_OK,phyl_OK
A.1.NmC2,0,404,36.57614999440634,,,,*,*,*
A.1.NmC1,0,272,23.79576723274585,-14.55251961815988,1765.1050392363197,1.2471375058443123e-10,,,
