,num_seq,t_ch_MAX,max_CL,CL@BC_t_ch_MAX,aic,PV,PV_OK,t_ch_MAX_OK,phyl_OK
B.1.19,13,42,17.988537087643902,,,,*,*,*
B.1.13.NmC2,0,60,15.947829522968961,7.734108011652754,82.5317839766945,3.5181154579223845e-05,*,,
B.1.13.NmC1,0,54,7.719445645041155,1.4918098371676707,95.01638032566466,6.825603376334894e-08,,,
B.1.NmC1,0,42,6.866774664262643,6.866774664262643,84.26645067147471,1.4739199215286536e-05,*,*,
B.1.NmC4,0,42,5.938731057405247,5.938731057405247,86.1225378851895,5.8445555808665665e-06,,*,
B.1.NmC2,0,42,3.875545229940541,3.875545229940541,90.24890954011892,7.411965478951352e-07,,*,
B.1.17.NmC1,0,39,2.95015464661811,-24.113216008588903,146.2264320171778,5.176435887699257e-19,,,
