,num_seq,t_ch_MAX,max_CL,CL@BC_t_ch_MAX,aic,PV,PV_OK,t_ch_MAX_OK,phyl_OK
B.D.1.1,115,50,5.114487321656981,,,,*,*,*
B.D.4.NmC1,1212,50,4.985630151017615,2.3684393544326,15.2631212911348,83700.4807342083,*,*,
B.D.NmC1,1726,50,3.0738393412743164,1.2017261283432976,17.596547743313405,25977.86218792684,*,*,
B.D.4.1,218,53,0.3017632896672511,-2.868277468397181,25.736554936794363,443.6340451771264,*,,
B.D,150,52,0.035783217761530095,-12.26524234405358,44.53048468810716,0.03688316740123998,*,,
