,num_seq,t_ch_MAX,max_CL,CL@BC_t_ch_MAX,aic,PV,PV_OK,t_ch_MAX_OK,phyl_OK
A.D.4.NmC1,0,52,36.46943358425183,,,,*,*,*
A.D.2.2.1,40,70,28.4609043064108,8.221772392833321,131.55645521433337,5.384940217754036e-13,,,
A.D.4.NmC3,0,47,20.94862089059903,18.676794414606302,110.64641117078739,1.8695181875516218e-08,,,
A.D.4.NmC2,0,31,17.73528919129938,-1.3070585675850255,150.61411713517006,3.931207304624517e-17,,,
A.D.3.NmC1,0,26,0.1631272153736283,-57.460842298527616,262.9216845970552,1.6096050088135192e-41,,,
