,num_seq,t_ch_MAX,max_CL,CL@BC_t_ch_MAX,aic,PV,PV_OK,t_ch_MAX_OK,phyl_OK
B.D,150,5,38.016698298980636,,,,*,*,*
B.D.NmC1,1726,2,32.25999210494736,32.1701809651139,43.6596380697722,0.002894334712691134,*,,
B.D.3,433,2,26.5748186716613,26.545082691553265,54.90983461689347,1.0438600878082526e-05,*,,
B.D.4.NmC1,1212,39,4.630909042673192,-251.09003242570213,610.1800648514043,2.7751969488812803e-126,,,
B.D.1,334,44,2.289735568021237,-80.52907818783073,269.0581563756615,3.285191139191777e-52,,,
B.D.4,1413,38,1.8258993653765956,-187.02752653350223,482.05505306700445,1.8373771880144186e-98,,,
