,num_seq,t_ch_MAX,max_CL,CL@BC_t_ch_MAX,aic,PV,PV_OK,t_ch_MAX_OK,phyl_OK
A.3.1.1,731,15,6.201757631572885,,,,*,*,*
A.3,202,8,0.5511548674229733,-26.233745478501895,82.46749095700379,8.197066897955538e-15,,,
