,num_seq,t_ch_MAX,max_CL,CL@BC_t_ch_MAX,aic,PV,PV_OK,t_ch_MAX_OK,phyl_OK
B.D.2,1269,20,12.64602966749765,,,,*,*,*
B.D.4.1,218,22,9.163367374358321,8.857257298625303,36.285485402749394,0.022595601851121885,*,,
B.D.4,1413,9,2.328958117205068,-4.416073122308983,62.83214624461797,3.898846514799556e-08,,,
B.D.1,334,8,0.947086707238658,-21.123894182079113,96.24778836415823,2.157125168957002e-15,,,
B.D.4.NmC1,0,9,0.48291430880732544,-37.85930379077396,129.71860758154793,1.1640112868502865e-22,,,
