,num_seq,t_ch_MAX,max_CL,CL@BC_t_ch_MAX,aic,PV,PV_OK,t_ch_MAX_OK,phyl_OK
A.D.4.NmC2,0,14,30.341585088989262,,,,*,*,*
A.D.4.NmC3,0,1,11.376575611863245,1.0329589262048584,121.93408214759029,1.8749954053185355e-13,,,
A.D.2.2.NmC1,0,45,8.58914323610183,-266.5345604748096,657.0691209496192,1.171724969825684e-129,,,
A.D.5,115,53,7.647397865213534,-120.36940038964569,364.7388007792914,3.5275943014317906e-66,,,
A.D.4,176,55,5.180093837962362,-39.33466265057582,202.66932530115164,5.502144266053667e-31,,,
