,num_seq,t_ch_MAX,max_CL,CL@BC_t_ch_MAX,aic,PV,PV_OK,t_ch_MAX_OK,phyl_OK
B.D.E.3.NmC1,0,54,31.307687883332946,,,,*,*,*
B.D.E.3,125,33,10.728290890085017,-30.258830543964176,184.51766108792836,1.8217498784363965e-27,,,
B.D.NmC1,0,8,2.120129014097047,-25.142502518799326,174.28500503759864,3.0332277751592853e-25,,,
