,num_seq,t_ch_MAX,max_CL,CL@BC_t_ch_MAX,aic,PV,PV_OK,t_ch_MAX_OK,phyl_OK
B.1.NmC7,0,51,11.950287775218621,,,,*,*,*
B.1.17.NmC3,0,44,10.71626854931916,-43.75082087227449,205.50164174454898,6.45353036739022e-25,,,
B.1.13.NmC2,0,38,7.152886219944507,1.6675244303552847,114.66495113928943,3.431252877771791e-05,*,,
B.1.1,446,39,6.1088063033086515,4.942550461812131,108.11489907637574,0.000907333935277493,*,,
B.1,452,40,3.006702943701487,-15.661177813004203,149.3223556260084,1.0212436159170775e-12,,,
