,num_seq,t_ch_MAX,max_CL,CL@BC_t_ch_MAX,aic,PV,PV_OK,t_ch_MAX_OK,phyl_OK
A.1.NmC5,0,24,17.941753418861317,,,,*,*,*
A.1.NmC4,0,145,1.6585092538685424,-53.00125739637739,410.00251479275477,2.4540089068600736e-32,,,
A.1.NmC13,0,145,1.2175207552653475,-37.690489063157905,379.3809781263158,1.0937665881148864e-25,,,
