,num_seq,t_ch_MAX,max_CL,CL@BC_t_ch_MAX,aic,PV,PV_OK,t_ch_MAX_OK,phyl_OK
A.D.2.2.1,40,43,38.69559788461733,,,,*,*,*
A.D.4.NmC3,1653,54,33.14137043730263,30.771586823669036,92.45682635266192,10.074424655013608,*,,
A.D.4.NmC1,2189,59,31.546130851201504,22.388212369366663,109.22357526126667,0.002311173210602129,*,,
A.D.3.NmC2,401,20,11.65930439849481,-23.18157078817411,200.36314157634823,3.741389770765892e-23,,,
A.2.1.1,31,3,3.827176228359737,-246.76575673262224,647.5315134652444,2.960064797919901e-120,,,
A.D.4.NmC2,848,39,2.132984000426038,-0.9293391910796747,155.85867838215935,1.722206312981357e-13,,,
