,num_seq,t_ch_MAX,max_CL,CL@BC_t_ch_MAX,aic,PV,PV_OK,t_ch_MAX_OK,phyl_OK
A.D.5.NmC1,425,19,16.668540312550387,,,,*,*,*
A.3.1.1,731,1,4.89310758486619,-2.4686034008093083,34.937206801618615,4.870837224236112e-09,,,
A.D.2.2.NmC1,394,19,1.6979573288055894,1.6979573288055894,26.60408534238882,3.1521843310800805e-07,,*,
A.3,202,29,1.0199048528833075,-20.60944034280824,71.21888068561648,6.449138660604738e-17,,,
A.2.1.1,31,28,0.6463863185126695,-29.960736743529964,89.92147348705993,5.608520464174063e-21,,,
A.D.4.NmC1,2189,1,0.08077875868830237,-10.451678621829558,50.903357243659116,1.6669925187873301e-12,,,
