,num_seq,t_ch_MAX,max_CL,CL@BC_t_ch_MAX,aic,PV,PV_OK,t_ch_MAX_OK,phyl_OK
B.D.E.3.NmC1,0,52,34.31288883336626,,,,*,*,*
B.D.E.3,125,29,13.309884258664816,-4.9121206396361305,143.82424127927226,9.221444300022252e-18,,,
B.D,150,26,8.230484753753043,-73.35237426899624,280.7047485379925,1.7445547591015602e-47,,,
B.D.NmC1,0,25,7.969781593896438,-24.713959992356163,183.42791998471233,2.3099189049730264e-26,,,
B.D.3,433,25,2.6938766925543685,-93.37691105605444,320.7538221121089,3.5070148574668497e-56,,,
