,num_seq,t_ch_MAX,max_CL,CL@BC_t_ch_MAX,aic,PV,PV_OK,t_ch_MAX_OK,phyl_OK
A.D.4.NmC3,1653,52,32.57711382136843,,,,*,*,*
A.D.4.NmC1,2189,57,27.883001544691822,23.861185791849568,150.27762841630087,0.00016410567137237618,*,,
A.D.2.2.1,40,57,25.768072471540393,22.74421693903808,152.51156612192383,5.381275699707724e-05,*,,
A.D.3.NmC2,401,33,12.63992230399676,-23.835763018164002,245.671526036328,3.1728407582655516e-25,,,
A.2.1.1,31,3,3.827176228359737,-276.8071133433529,751.6142266867058,4.344834004526367e-135,,,
A.D.4.NmC2,848,37,3.5327876128695923,-10.608686273409072,219.21737254681815,1.7578944662505344e-19,,,
