,num_seq,t_ch_MAX,max_CL,CL@BC_t_ch_MAX,aic,PV,PV_OK,t_ch_MAX_OK,phyl_OK
A.D.2.2.NmC1,0,5,3.0171161909902637,,,,*,*,*
A.D,2353,5,2.2296458298530064,2.2296458298530064,5.540708340293987,0.45611970178563926,*,*,
A.D.NmC1,0,5,2.1068453369884943,2.1068453369884943,5.786309326023011,0.402524224033636,*,*,
A.D.NmC2,0,4,1.6556684817170282,1.0845957743408745,7.830808451318251,0.14514819848362373,*,*,
A.3.1.NmC2,0,3,0.7842629544639835,-12.482114784630241,34.96422956926048,1.8646915505234415e-07,,,
A.3.1,1992,3,0.6250728530767242,-2.995433664757764,15.990867329515527,0.002454088180413917,*,,
A.3.1.1,731,3,0.5252628294081298,-2.4383548799365213,14.876709759873043,0.004274876781712636,*,,
A.D.3.6,757,3,0.5207514923468091,-0.2773894610725871,10.554778922145175,0.03725384939621581,*,,
