,num_seq,t_ch_MAX,max_CL,CL@BC_t_ch_MAX,aic,PV,PV_OK,t_ch_MAX_OK,phyl_OK
B.D.4.NmC1,1212,4,9.948704014107891,,,,*,*,*
B.D.NmC1,1726,4,5.224549771886556,5.224549771886554,45.55090045622689,0.008870713909928276,*,*,
B.D.1.1,115,19,5.114487321656981,-77.94714715551608,211.89429431103216,6.724910566701887e-39,,,
B.D.4.1,218,22,0.3017632896672511,-6.978388675633267,69.95677735126654,4.440117073280026e-08,,,
B.D,150,21,0.035783217761530095,-31.699853899257874,119.39970779851575,8.158960465173369e-19,,,
