,num_seq,t_ch_MAX,max_CL,CL@BC_t_ch_MAX,aic,PV,PV_OK,t_ch_MAX_OK,phyl_OK
B.D.E.2,853,3,0.4503015192127793,,,,*,*,*
B.D.2,1269,3,0.0020070273576310305,0.0020070273576310305,5.995985945284738,0.6376281516217732,*,*,
