,num_seq,t_ch_MAX,max_CL,CL@BC_t_ch_MAX,aic,PV,PV_OK,t_ch_MAX_OK,phyl_OK
A.D.4.NmC3,1653,14,13.8494086023479,,,,*,*,*
A.2.1.1,31,3,3.827176228359737,-69.4634331618094,176.9268663236188,6.557755800085497e-37,,,
A.D.2.2.1,40,3,3.5971798227009435,-6.513964378825646,51.027928757651296,1.4308459416418582e-09,,,
