,num_seq,t_ch_MAX,max_CL,CL@BC_t_ch_MAX,aic,PV,PV_OK,t_ch_MAX_OK,phyl_OK
B.D.E.3.NmC1,1318,39,27.22085421210187,,,,*,*,*
B.D,150,27,10.025073549991259,-42.47043748343635,202.94087496687268,1.3058733437512597e-22,,,
B.D.NmC1,1726,37,9.5305311396009,2.110228132160964,113.77954373567808,0.0029974300723258234,*,,
B.D.E.3,125,39,3.9230721630396688,-26.131877565799122,170.26375513159826,1.630320130982635e-15,,*,
B.D.3,433,26,3.4283630548863493,-49.955697074596266,217.91139414919252,7.331736696974105e-26,,,
