,num_seq,t_ch_MAX,max_CL,CL@BC_t_ch_MAX,aic,PV,PV_OK,t_ch_MAX_OK,phyl_OK
A.D.4.NmC3,1653,12,11.45999090421572,,,,*,*,*
A.D.2.2.1,40,5,5.989327150559216,1.6318942843201851,32.73621143135963,5.381275699707704e-05,*,,
A.2.1.1,31,3,3.827176228359737,-49.4634331618094,134.9268663236188,3.472231638877485e-27,,,
