,num_seq,t_ch_MAX,max_CL,CL@BC_t_ch_MAX,aic,PV,PV_OK,t_ch_MAX_OK,phyl_OK
B.D.NmC1,0,6,20.7927712952936,,,,*,*,*
B.D.E.3.NmC1,0,20,12.65382516884474,6.824156563704671,98.35168687259066,8.568525387128329e-07,,,
B.D.E.3,125,1,11.552973117998059,5.541403603401966,100.91719279319607,2.370487549214424e-07,,,
B.D.4,1413,38,4.937248365285818,-162.59158583820522,437.18317167641044,2.2746073395898034e-80,,,
B.D.2,1269,47,2.1817050797218425,-211.73848407742082,535.4769681548416,1.026437831829793e-101,,,
B.D.E.2,853,36,0.4866996567621052,-179.800548529309,471.601097058618,7.633055191824718e-88,,,
