,num_seq,t_ch_MAX,max_CL,CL@BC_t_ch_MAX,aic,PV,PV_OK,t_ch_MAX_OK,phyl_OK
A.1.NmC1,0,16,3.283073716142257,,,,*,*,*
A.1.NmC3,0,12,0.9499727902909278,-20.06450068356966,158.12900136713932,7.231424354587421e-11,,,
A.1.NmC2,0,12,0.48130719521772763,-10.744852905393138,139.4897058107863,8.069533314713686e-07,,,
B.1.NmC7,0,16,0.4010681440447197,-7.245891740287615,132.49178348057524,2.672262428124682e-05,*,*,
