,num_seq,t_ch_MAX,max_CL,CL@BC_t_ch_MAX,aic,PV,PV_OK,t_ch_MAX_OK,phyl_OK
A.D.NmC2,637,23,20.573578671469832,,,,*,*,*
A.D,2353,23,10.931343478550149,10.931343478550149,36.137313042899706,6.474850153299391e-05,*,*,
A.D.2.1,76,13,8.019810094767369,-12.456154291205529,82.91230858241106,4.521195250826614e-15,,,
A.D.NmC1,515,10,4.914573954874852,-0.4341719028391724,58.86834380567834,7.507112691047219e-10,,,
A.D.2.2.NmC1,394,10,3.247147651036232,-21.140585925067175,100.28117185013434,7.645496386896546e-19,,,
