,num_seq,t_ch_MAX,max_CL,CL@BC_t_ch_MAX,aic,PV,PV_OK,t_ch_MAX_OK,phyl_OK
B.D.3,433,43,53.818313561240174,,,,*,*,*
B.D.NmC1,0,20,13.825230614752343,-42.29707011062666,200.59414022125333,1.8104472346993702e-42,,,
B.D,150,16,12.141845928136705,-93.54103081010022,303.0820616202004,1.0054608077698393e-64,,,
B.D.E.3.NmC1,0,16,6.418076917887469,-81.11572730931127,278.23145461862254,2.5030762780824876e-59,,,
