,num_seq,t_ch_MAX,max_CL,CL@BC_t_ch_MAX,aic,PV,PV_OK,t_ch_MAX_OK,phyl_OK
A.3,202,4,15.06568646664027,,,,*,*,*
A.3.1,1992,5,7.700180858985172,6.402058411846661,45.19588317630668,0.00017251954906516185,*,*,
A.D.2.2.NmC1,0,17,2.059218251484794,-4.663376219598656,67.3267524391973,2.700037972894577e-09,,,
A.D.4,176,19,1.9412046396222533,-58.93966430403667,175.87932860807334,7.24497459205318e-33,,,
A.D.5,115,19,1.8803603905320383,-76.0075674294653,210.0151348589306,2.79659811547596e-40,,,
