,num_seq,t_ch_MAX,max_CL,CL@BC_t_ch_MAX,aic,PV,PV_OK,t_ch_MAX_OK,phyl_OK
B.D.4.1.2,1305,8,8.70733659728602,,,,*,*,*
B.D.E.1,1124,8,2.3446489958143877,2.2999612279097903,27.40007754418042,0.0016532702217014305,*,*,
B.D.E.4,1372,8,1.1011140294401744,1.0605143790498417,29.878971241900317,0.00047843031014898924,*,*,
