,num_seq,t_ch_MAX,max_CL,CL@BC_t_ch_MAX,aic,PV,PV_OK,t_ch_MAX_OK,phyl_OK
A.D.5.NmC1,425,39,4.138131904065269,,,,*,*,*
A.3,202,39,1.0199048528833075,1.0199048528833075,3.960190294233385,0.04415716841969286,*,*,
A.2.1.1,31,39,0.027446403853784274,0.02744640385378405,5.945107192292432,0.016325940409440985,*,*,
