,num_seq,t_ch_MAX,max_CL,CL@BC_t_ch_MAX,aic,PV,PV_OK,t_ch_MAX_OK,phyl_OK
B.1.17.NmC4,116,42,5.780481679427821,,,,*,*,*
B.1.17.NmC5,119,42,5.632310349977409,1.6174801955965563,106.76503960880689,0.4493289641172229,*,*,
B.1.17.NmC1,375,43,4.522037582512372,3.6068598507454888,102.78628029850903,3.287081207383111,*,*,
B.1.17.NmC6,201,44,4.32929602705008,3.8165655986533187,102.36686880269336,4.055199966844669,*,,
B.1.NmC2,322,39,4.030767247152627,-23.14894426219775,156.2978885243955,7.893353813251397e-12,,,
B.1.17.NmC2,182,39,3.9541421037060593,-40.7938601415025,191.587720283005,1.714491897233904e-19,,,
B.1,452,44,3.9194393259722764,1.7219999729590996,106.5560000540818,0.49907444798513584,*,,
