,num_seq,t_ch_MAX,max_CL,CL@BC_t_ch_MAX,aic,PV,PV_OK,t_ch_MAX_OK,phyl_OK
A.2.1.1,31,7,51.34078704792276,,,,*,*,*
A.3.1.1,731,1,28.876339479846443,21.58899598205949,76.82200803588103,1.201542573177183e-13,,,
