,num_seq,t_ch_MAX,max_CL,CL@BC_t_ch_MAX,aic,PV,PV_OK,t_ch_MAX_OK,phyl_OK
B.D.4.NmC1,1212,22,7.784279699315577,,,,*,*,*
B.D.1.1,115,3,3.1592576530116774,-49.15551632342705,158.3110326468541,1.8675498383131424e-25,,,
B.D.1,334,8,2.3547411238892106,-19.725352003262902,99.4507040065258,1.1286487445819683e-12,,,
