,num_seq,t_ch_MAX,max_CL,CL@BC_t_ch_MAX,aic,PV,PV_OK,t_ch_MAX_OK,phyl_OK
A.D.2.2.NmC1,0,8,2.440800476650604,,,,*,*,*
A.D.NmC2,0,6,1.965786617464383,-9.474103934291122,50.948207868582244,7.138556306690833e-06,,,
A.D.NmC1,0,6,1.9411584552098202,-10.242896170858593,52.485792341717186,3.3052448588733918e-06,,,
A.D,2353,6,1.7422906902390563,0.3926772365754337,31.214645526849132,0.13806923731089274,*,,
A.D.3.6,757,9,0.7869163919969566,0.7869163919969566,30.426167216006085,0.20392561173421347,*,*,
A.3.1.NmC2,0,3,0.7842629544639835,-18.863434546963887,69.72686909392777,5.964653290816221e-10,,,
A.3.1,1992,3,0.6250728530767242,-8.851187813291155,49.70237562658231,1.3336578961877444e-05,*,,
A.3.1.1,731,3,0.5252628294081298,-1.7209443439146797,35.44188868782936,0.016655746282908678,*,,
A.D.5.NmC1,0,8,0.2948585340624723,0.1537585062361932,31.692482987527615,0.10860910882495792,*,*,
