,num_seq,t_ch_MAX,max_CL,CL@BC_t_ch_MAX,aic,PV,PV_OK,t_ch_MAX_OK,phyl_OK
B.D.2,1269,24,16.26630011829028,,,,*,*,*
B.D.4.1.1,260,27,5.671289231923966,3.4744711315874937,65.05105773682502,2.7885187976675653e-06,,,
B.D.4.1,218,26,3.4513336835608746,3.145223607827857,65.70955278434428,2.0047323447642754e-06,,,
B.D.E.2,853,8,3.062688548642844,-2.6427441609357762,77.28548832187155,6.1304357787884215e-09,,,
B.D.4,1413,7,2.046597951543707,-13.029031503037617,98.05806300607523,1.893839422424037e-13,,,
B.D.4.NmC1,1212,7,1.3100174017525827,-63.7432242058294,199.48644841165878,1.7868928164782995e-35,,,
