,num_seq,t_ch_MAX,max_CL,CL@BC_t_ch_MAX,aic,PV,PV_OK,t_ch_MAX_OK,phyl_OK
A.1,16,29,5.970977811539438,,,,*,*,*
B.1.20.NmC1,92,34,2.5789774925425393,-5.286090935381537,100.57218187076307,0.5194420625870513,*,,
B.1.20,87,34,2.566188458923719,-23.10127427272592,136.20254854545183,9.51877188634506e-09,,,
F.1.NmC1,79,34,2.471051751372324,-19.061353048226337,128.12270609645267,5.40916994300501e-07,,,
