,num_seq,t_ch_MAX,max_CL,CL@BC_t_ch_MAX,aic,PV,PV_OK,t_ch_MAX_OK,phyl_OK
A.1.NmC2,0,1100,36.49133225413726,,,,*,*,*
A.1.NmC1,0,1425,0.0,-485.2679158535412,3216.5358317070823,4.979275685379568e-209,,,
A.1,836,1425,0.0,-82.74646087738917,2411.4929217547783,3.247524980629357e-34,,,
