,num_seq,t_ch_MAX,max_CL,CL@BC_t_ch_MAX,aic,PV,PV_OK,t_ch_MAX_OK,phyl_OK
A.D.5.NmC1,0,25,11.145131713164385,,,,*,*,*
A.3,202,31,1.0199048528833075,-12.44077455701126,46.88154911402252,5.7169532960320705e-11,,,
A.2.1.1,31,30,0.6463863185126695,-21.129413706340056,64.25882741268012,9.619347114997907e-15,,,
