,num_seq,t_ch_MAX,max_CL,CL@BC_t_ch_MAX,aic,PV,PV_OK,t_ch_MAX_OK,phyl_OK
A.D.1,1413,85,86.56357823738935,,,,*,*,*
A.D.2,2386,80,51.781497124113876,49.12767108952873,87.74465782094254,5.523140230638273e-17,,,
A.D.2.NmC1,464,9,1.6050381174903896,-13.207637689198911,212.41527537839784,4.658735650730554e-44,,,
