,num_seq,t_ch_MAX,max_CL,CL@BC_t_ch_MAX,aic,PV,PV_OK,t_ch_MAX_OK,phyl_OK
A.D.4.NmC2,0,47,27.25275149509183,,,,*,*,*
A.D.4.NmC3,0,47,22.712501263419504,22.712501263419504,80.57499747316099,0.010673406553522934,*,*,
A.D.4.NmC1,0,32,15.213486516579152,-12.829330831388143,151.6586616627763,3.902165571974526e-18,,,
A.D.3.NmC1,0,27,10.844903007615557,-12.88596948969781,151.77193897939563,3.6933417587292754e-18,,,
A.D.2.2.1,40,27,8.87103388602996,-9.255215452266789,144.51043090453356,1.3928632045153803e-16,,,
A.D.3.NmC2,0,27,6.257191660752282,-35.069005891800884,196.13801178360177,8.562417802491835e-28,,,
