,num_seq,t_ch_MAX,max_CL,CL@BC_t_ch_MAX,aic,PV,PV_OK,t_ch_MAX_OK,phyl_OK
A.D.2.2.NmC1,394,13,4.362640804866506,,,,*,*,*
A.D.4,176,14,3.7643324990151767,-6.897629892778962,27.795259785557924,2.4668091292367405e-05,*,*,
A.D.5,115,14,3.597907316129838,-7.016168850644831,28.032337701289663,2.1988301412819176e-05,*,*,
A.D.4.NmC2,848,14,0.8707880032115414,0.06918911442409699,13.861621771151807,0.02625234396568797,*,*,
