,num_seq,t_ch_MAX,max_CL,CL@BC_t_ch_MAX,aic,PV,PV_OK,t_ch_MAX_OK,phyl_OK
B.D.4.NmC1,1212,26,7.8410995904922,,,,*,*,*
B.D.1,334,6,2.2000686351104024,-4.299635995703567,62.599271991407136,5.341521609404953e-06,,,
