,num_seq,t_ch_MAX,max_CL,CL@BC_t_ch_MAX,aic,PV,PV_OK,t_ch_MAX_OK,phyl_OK
B.D.4,1413,12,4.514882269828927,,,,*,*,*
B.D.1,334,22,3.7739833322735192,-19.236913557087288,68.47382711417458,4.8473687062702556e-11,,,
B.D.4.1,218,20,3.2967086483170203,-26.366641120682285,82.73328224136458,3.881382101433961e-14,,,
B.D.NmC1,1726,22,2.527197732190913,-6.206015619686884,42.41203123937377,2.2098518232313786e-05,*,,
B.D.3,433,22,0.815472451388803,-21.525690729294013,73.05138145858803,4.908758781852254e-12,,,
