,num_seq,t_ch_MAX,max_CL,CL@BC_t_ch_MAX,aic,PV,PV_OK,t_ch_MAX_OK,phyl_OK
A.1,995,29,0.761911741525608,,,,*,*,*
A.1.NmC2,0,39,0.0,-51.111068040383074,202.22213608076615,1.365979899075973e-22,,,
A.1.NmC1,0,39,-1.6682026683686644,-122.29716998432667,344.59433996865334,1.660319292387711e-53,,,
