,num_seq,t_ch_MAX,max_CL,CL@BC_t_ch_MAX,aic,PV,PV_OK,t_ch_MAX_OK,phyl_OK
A.D.4.NmC1,2189,13,35.67328429009128,,,,*,*,*
A.D.4.NmC3,1653,1,31.815758081800205,20.370630203135622,63.258739593728755,2.254877507225351e-07,,,
A.3.1,1992,40,12.044145337349375,-165.83480679168065,435.6696135833613,3.057165512194668e-88,,,
A.3.1.1,731,38,9.525977056139947,-79.08673312659823,262.17346625319647,1.4466559472797296e-50,,,
A.3.1.NmC1,266,48,8.820346635589422,-258.6866759415035,621.373351883007,1.4490264298551074e-128,,,
