,num_seq,t_ch_MAX,max_CL,CL@BC_t_ch_MAX,aic,PV,PV_OK,t_ch_MAX_OK,phyl_OK
A.D.4.NmC3,0,57,34.75834698662735,,,,*,*,*
A.D.4.NmC1,0,62,28.471809321243754,24.4499935684015,151.100012863197,3.329844029709096e-05,*,,
A.D.2.2.1,40,44,16.414973690826884,7.3154521953188105,185.36909560936238,1.2044476931405301e-12,,,
A.D.3.NmC2,0,37,7.182885907007735,-17.410721727758148,234.8214434555163,2.2022006125765796e-23,,,
A.2.1.1,31,3,3.827176228359737,-298.6562523230451,797.3125046460902,1.5838181525782547e-145,,,
