,num_seq,t_ch_MAX,max_CL,CL@BC_t_ch_MAX,aic,PV,PV_OK,t_ch_MAX_OK,phyl_OK
A.1.NmC1,0,19,10.325357000795583,,,,*,*,*
A.1.NmC3,0,12,0.9499727902909278,-29.95264047343644,111.90528094687288,3.2108370740936256e-18,,,
A.1.NmC2,0,12,0.48130719521772763,-30.075401634921835,112.15080326984366,2.847757019982746e-18,,,
