,num_seq,t_ch_MAX,max_CL,CL@BC_t_ch_MAX,aic,PV,PV_OK,t_ch_MAX_OK,phyl_OK
A.D.2.2.1,40,47,40.08396575701564,,,,*,*,*
A.D.4.NmC3,0,54,37.351265889219825,35.83900890295301,120.32198219409398,333.6191256745686,*,,
A.D.4.NmC1,0,54,23.861195572175955,21.95899109413613,148.08201781172772,0.00031278328106570843,*,,
A.D.3.NmC2,0,35,16.628694417995906,-23.442276303548407,238.88455260709682,6.001696815660978e-24,,,
A.2.1.1,31,3,3.827176228359737,-297.55279191713527,787.1055838342705,5.39066254301353e-143,,,
