,num_seq,t_ch_MAX,max_CL,CL@BC_t_ch_MAX,aic,PV,PV_OK,t_ch_MAX_OK,phyl_OK
A.3.1.NmC1,0,52,6.335023227000007,,,,*,*,*
A.3.1,1992,48,5.532151493856446,4.08347890483957,9.83304219032086,0.10539922456186433,*,,
A.3.1.1,731,49,5.401732406876417,5.320783709904146,7.3584325801917085,0.36240242983249027,*,,
A.D.4.NmC1,0,56,3.120710133313647,-5.878191008175143,29.756382016350287,4.9555618802086575e-06,,,
A.D.4.NmC3,0,48,0.8771785088420536,-0.26371607327889723,18.527432146557793,0.0013603680375478928,*,,
