,num_seq,t_ch_MAX,max_CL,CL@BC_t_ch_MAX,aic,PV,PV_OK,t_ch_MAX_OK,phyl_OK
A.D.4.NmC3,1653,12,12.010196341743915,,,,*,*,*
A.D.2.2.1,40,6,7.125851220275316,1.0619331649523402,35.87613367009532,1.755801530110584e-05,*,,
A.D.3.NmC2,401,12,4.854063813791127,4.854063813791127,28.291872372417746,0.0007809495553744778,*,*,
A.2.1.1,31,3,3.827176228359737,-49.463433161809405,136.9268663236188,2.003303385647497e-27,,,
