,num_seq,t_ch_MAX,max_CL,CL@BC_t_ch_MAX,aic,PV,PV_OK,t_ch_MAX_OK,phyl_OK
B.D.1,334,21,13.461325781772059,,,,*,*,*
B.D.4.1.1,260,5,3.17596249527782,-40.452204975673055,142.9044099513461,3.865311337584364e-24,,,
