,num_seq,t_ch_MAX,max_CL,CL@BC_t_ch_MAX,aic,PV,PV_OK,t_ch_MAX_OK,phyl_OK
B.D.E.3.NmC1,0,56,22.105728233084125,,,,*,*,*
B.D.E.3,125,22,13.723125685219378,-23.536674188727943,191.0733483774559,5.2946763838715314e-20,,,
B.D.NmC1,0,30,2.346149858576719,-19.798566694949418,183.59713338989883,2.2178353971596688e-18,,,
B.D,150,4,1.9458248199223278,-75.39831229548268,294.7966245909654,1.5818165562284556e-42,,,
B.D.3,433,4,1.0584801164583373,-92.45312613826728,328.9062522765346,6.198173486534958e-50,,,
