,num_seq,t_ch_MAX,max_CL,CL@BC_t_ch_MAX,aic,PV,PV_OK,t_ch_MAX_OK,phyl_OK
A.3.1,1992,20,12.429599386092905,,,,*,*,*
A.3.1.1,731,7,1.0504762885643604,-4.755039873634567,83.51007974726913,3.440719972963341e-08,,,
A.3.1.NmC1,266,7,1.03588098879932,-15.820219356040948,105.6404387120819,5.384940217754036e-13,,,
A.D.NmC2,637,3,0.8214938606728845,-37.66287491207874,149.32574982415747,1.7539529090980926e-22,,,
A.3.1.NmC2,67,3,0.7842629544639835,-70.03335696340058,214.06671392680116,1.5342832713369355e-36,,,
A.D.NmC1,515,3,0.7617583771145795,-64.26992473473976,202.53984946947952,4.893428398410156e-34,,,
A.D,2353,3,0.5810256149247326,-33.388574820446294,140.7771496408926,1.2607437944855337e-20,,,
A.D.2.2.NmC1,394,3,0.5702215295355886,-37.06555588347304,148.13111176694608,3.1959105706672873e-22,,,
A.D.3.6,757,3,0.5207514923468091,-49.99489523313255,173.9897904662651,7.74759601655178e-28,,,
