,num_seq,t_ch_MAX,max_CL,CL@BC_t_ch_MAX,aic,PV,PV_OK,t_ch_MAX_OK,phyl_OK
A.2.1.1,31,64,61.409870830420694,,,,*,*,*
A.3.1.1,731,79,37.20604349719338,18.14405179689844,143.71189640620312,1.6227411170184813e-19,,,
A.D.2.2.1,40,3,3.5971798227009435,-281.24435355196147,742.4887071039229,1.5375324960428038e-149,,,
A.D.4.NmC3,0,3,2.877208598858807,-127.98959132893442,435.9791826578688,5.5542462121732304e-83,,,
