,num_seq,t_ch_MAX,max_CL,CL@BC_t_ch_MAX,aic,PV,PV_OK,t_ch_MAX_OK,phyl_OK
A.D.3.NmC1,397,29,26.17822638269706,,,,*,*,*
A.D.3,128,34,25.319861577086815,-1.1820322603984676,150.36406452079694,20130.673991183798,*,,
A.D.3.NmC2,401,34,13.760866024350943,-3.0076620915214916,154.015324183043,3229.2332366446753,*,,
A.D.4.NmC2,848,17,5.2272727150808524,-3.2432162645401763,154.48643252908036,2552.937663543534,*,,
A.D.2.2.1,40,48,3.7034904846640524,-5.331234230779934,158.66246846155985,317.34832891785214,*,,
