,num_seq,t_ch_MAX,max_CL,CL@BC_t_ch_MAX,aic,PV,PV_OK,t_ch_MAX_OK,phyl_OK
A.3.1.1,731,6,1.62766345108703,,,,*,*,*
A.D.3.6,757,6,1.5092778911877307,1.5092778911877307,20.98144421762454,0.8869204367171566,*,*,
A.D.NmC2,637,3,0.8214938606728845,-13.704795339321512,51.40959067864303,2.1882358055858373e-07,,,
A.3.1.NmC2,67,3,0.7842629544639835,-16.94821333275576,57.89642666551152,8.527240781888774e-09,,,
A.D.NmC1,515,3,0.7617583771145795,-22.274415109924526,68.54883021984905,4.15136013090895e-11,,,
A.3.1,1992,3,0.6250728530767242,-3.6252925734326977,31.250585146865397,0.005221346291978681,*,,
A.D,2353,3,0.5810256149247326,-4.914119675675536,33.82823935135107,0.0014372840825757473,*,,
A.D.2.2.NmC1,394,3,0.5702215295355886,-11.908587264256264,47.817174528512524,1.3172030117077446e-06,,,
