,num_seq,t_ch_MAX,max_CL,CL@BC_t_ch_MAX,aic,PV,PV_OK,t_ch_MAX_OK,phyl_OK
A.1.NmC2,0,1392,177.28607513164079,,,,*,*,*
A.1.NmC1,0,1391,138.0468267305959,137.03706600127248,2529.925867997455,3.3086216207858244e-18,,*,
