,num_seq,t_ch_MAX,max_CL,CL@BC_t_ch_MAX,aic,PV,PV_OK,t_ch_MAX_OK,phyl_OK
A.1.NmC2,195,1100,36.39527972450343,,,,*,*,*
A.1.NmC1,377,1425,0.0,-484.242927367849,3214.485854735698,2.5035240086141736e-208,,,
A.1,835,1425,0.0,-83.69562170764591,2413.3912434152917,2.2657212973090977e-34,,,
