,num_seq,t_ch_MAX,max_CL,CL@BC_t_ch_MAX,aic,PV,PV_OK,t_ch_MAX_OK,phyl_OK
A.1.NmC2,0,1148,162.35009279973679,,,,*,*,*
A.1.NmC1,0,685,48.16440362819099,8.096814109409898,2727.80637178118,3.3130223141476025e-63,,,
