,num_seq,t_ch_MAX,max_CL,CL@BC_t_ch_MAX,aic,PV,PV_OK,t_ch_MAX_OK,phyl_OK
A.D.5.NmC1,0,24,5.1811522301056385,,,,*,*,*
A.2.1.1,31,31,4.517913115382067,-16.844249857306732,61.688499714613464,2.7205958802618356e-10,,,
