,num_seq,t_ch_MAX,max_CL,CL@BC_t_ch_MAX,aic,PV,PV_OK,t_ch_MAX_OK,phyl_OK
B.D.E.3,125,5,6.011569514596091,,,,*,*,*
B.D.E.3.NmC1,0,5,0.361167686838745,0.361167686838745,9.27766462632251,0.0035175167749121315,*,*,
