,num_seq,t_ch_MAX,max_CL,CL@BC_t_ch_MAX,aic,PV,PV_OK,t_ch_MAX_OK,phyl_OK
A.1.NmC2,0,1334,188.35937274192088,,,,*,*,*
A.1.NmC1,0,686,38.43106143151169,12.07377868210456,2713.852442635791,2.825574731161772e-73,,,
