,num_seq,t_ch_MAX,max_CL,CL@BC_t_ch_MAX,aic,PV,PV_OK,t_ch_MAX_OK,phyl_OK
A.D.4.NmC1,0,6,32.02288810625073,,,,*,*,*
A.D.4.NmC3,0,6,16.93893516223552,16.93893516223552,62.12212967552896,2.8097503920783904e-07,,*,
A.3.1,1992,29,12.044145337349375,-122.98508675837452,341.970173516749,4.786437145008043e-68,,,
A.3.1.1,731,27,9.525977056139947,-51.06653710815971,198.13307421631941,8.212426555685976e-37,,,
A.3.1.NmC1,0,37,8.820346635589422,-218.6866759415035,533.373351883007,1.312291881390441e-109,,,
