,num_seq,t_ch_MAX,max_CL,CL@BC_t_ch_MAX,aic,PV,PV_OK,t_ch_MAX_OK,phyl_OK
B.D.4.1,218,15,8.41100026047196,,,,*,*,*
B.D.2,1269,16,3.648196100742678,-2.8573296381714766,45.71465927634296,1.2813644220992914e-05,*,*,
B.D.4,1413,7,2.993758122701342,-2.2626827619558627,44.525365523911724,2.311566573370091e-05,*,,
B.D.E.3.NmC1,0,15,2.7879264477832097,2.7879264477832093,34.42414710443358,0.0036246411089657527,*,*,
B.D.4.NmC1,0,26,2.213422104947448,-9.762527381310633,59.52505476262127,1.2784913422871827e-08,,,
B.D.1.1,115,26,2.154304173590048,-84.72217012054436,209.44434024108872,3.5822418258210065e-41,,,
B.D.NmC1,0,26,0.9832946638407384,-9.663945134172101,59.327890268344206,1.4129514505072949e-08,,,
