,num_seq,t_ch_MAX,max_CL,CL@BC_t_ch_MAX,aic,PV,PV_OK,t_ch_MAX_OK,phyl_OK
B.D.E.4,1372,517,14.269872976437394,,,,*,*,*
B.D.E.1.2,165,518,12.277261199371186,12.862241357223542,-3.7244827144470847,0.054748790601490314,*,*,
B.D.E.1,1124,518,11.20074617533012,11.81611505094189,-1.6322301018837813,0.01925470177538693,*,*,
B.D.4.1.2,1305,517,9.921152602136086,11.255344708851245,-0.5106894177024905,0.010998460175806881,*,*,
B.D.E.6,17,517,2.5191869863600216,4.078440190518663,13.843119618962675,8.41916418564499e-06,,*,
B.D.E.5,276,524,0.29294302778692927,-5.970133137573941,33.940266275147884,3.63587911819077e-10,,,
