,num_seq,t_ch_MAX,max_CL,CL@BC_t_ch_MAX,aic,PV,PV_OK,t_ch_MAX_OK,phyl_OK
A.3.1,1992,8,9.589765273820507,,,,*,*,*
A.D.4.NmC1,2189,8,9.510508261041714,9.510508261041716,14.978983477916568,0.9231163463866358,*,*,
A.3.1.1,731,1,9.443226266897833,7.857297689373769,18.28540462125246,0.1764002002863401,*,,
A.3.1.NmC1,266,14,7.551960681240775,-4.9731119158958625,43.94622383179173,4.726077848228129e-07,,,
A.D.4.NmC3,1653,1,2.7230517662732048,1.270647098421552,31.458705803156896,0.0002435958642256188,*,,
