,num_seq,t_ch_MAX,max_CL,CL@BC_t_ch_MAX,aic,PV,PV_OK,t_ch_MAX_OK,phyl_OK
A.3.1,1992,7,8.90497140645826,,,,*,*,*
A.D.4.NmC1,2189,7,8.845347570815836,8.845347570815838,12.309304858368325,0.9417645335842483,*,*,
A.3.1.NmC1,266,7,8.820346635589422,4.679188561604469,20.64162287679106,0.014625334709594208,*,*,
A.3.1.1,731,7,7.697791020941564,7.6977910209415645,14.604417958116871,0.2996919995132463,*,*,
A.D.4.NmC3,1653,4,0.514628679299284,0.49359128101847094,29.012817437963058,0.00022262985691888897,*,,
