,num_seq,t_ch_MAX,max_CL,CL@BC_t_ch_MAX,aic,PV,PV_OK,t_ch_MAX_OK,phyl_OK
A.1.NmC2,0,1350,169.78873715834703,,,,*,*,*
A.1.NmC1,0,1279,136.46477483755962,118.23063367241795,2569.538732655164,8.116885982274081e-17,,,
