,num_seq,t_ch_MAX,max_CL,CL@BC_t_ch_MAX,aic,PV,PV_OK,t_ch_MAX_OK,phyl_OK
A.D.4.NmC3,0,58,43.51151026832163,,,,*,*,*
A.D.4.NmC1,0,63,16.648870836524196,12.627055083681935,176.74588983263612,3.862023627441927e-14,,,
A.D.2.2.1,40,31,14.681086954366386,-0.7907581134865884,203.58151622697318,5.764404541765863e-20,,,
A.2.1.1,31,3,3.827176228359737,-350.74318822816736,903.4863764563347,5.987272672345575e-172,,,
A.D.3.NmC2,0,10,2.6351205244557203,-27.383774317809984,256.76754863561996,1.6243989701070568e-31,,,
