,num_seq,t_ch_MAX,max_CL,CL@BC_t_ch_MAX,aic,PV,PV_OK,t_ch_MAX_OK,phyl_OK
A.D.4.NmC3,1653,53,37.20817096820784,,,,*,*,*
A.D.2.2.1,40,39,20.565497894652495,1.4314473627592048,175.1371052744816,2.8903034248327124e-16,,,
A.D.4.NmC1,2189,39,15.665294567860176,1.0426729515643203,175.91465409687135,1.9667088042517077e-16,,,
A.D.4.NmC2,848,56,14.287084227435926,13.648419925750655,150.70316014849868,5.861678657753686e-11,,,
A.D.3.NmC2,401,35,5.17140192408419,-32.728497278127435,243.45699455625487,4.221277818541909e-31,,,
A.2.1.1,31,3,3.827176228359737,-313.26642865592294,804.5328573118459,6.175063884255978e-153,,,
