,num_seq,t_ch_MAX,max_CL,CL@BC_t_ch_MAX,aic,PV,PV_OK,t_ch_MAX_OK,phyl_OK
B.D.4,1413,12,4.836987316762333,,,,*,*,*
B.D.E.3.NmC1,1318,13,2.640532606275295,-7.359467393724703,36.718934787449406,5.05567087077438e-06,,*,
B.D.2,1269,14,2.1817050797218425,-12.876162093475772,47.75232418695154,2.0353763572905102e-08,,,
B.D.4.1,218,13,1.6271274530409063,-8.372872546959094,38.74574509391819,1.8321874080019766e-06,,*,
B.D.E.3,125,14,0.7122977033354864,-9.894789496064575,41.78957899212915,4.007211652541998e-07,,,
B.D.E.2,853,13,0.2833705966863752,-9.716629403313624,41.43325880662725,4.797503368127321e-07,,*,
