,num_seq,t_ch_MAX,max_CL,CL@BC_t_ch_MAX,aic,PV,PV_OK,t_ch_MAX_OK,phyl_OK
B.1.17.NmC5,0,44,9.415635426383483,,,,*,*,*
B.1,452,45,8.65526352085134,6.10914874620043,117.78170250759914,0.05393368730035592,*,*,
B.1.1,446,45,6.986255211815063,3.6905869686985864,122.61882606260282,0.004795870710296404,*,*,
B.1.4,29,4,2.377931011819077,-22.16827770663982,174.33655541327965,2.8184618754713292e-14,,,
B.1.7,59,4,0.9931442475319568,-22.08133566079606,174.16267132159211,3.083888503744296e-14,,,
B.1.11,72,4,0.7608794484918582,-36.50303446456592,203.00606892913186,1.6764892250966518e-20,,,
B.1.2,132,4,0.09815914344732661,-19.837696194408963,169.67539238881793,2.8967986369206254e-13,,,
