,num_seq,t_ch_MAX,max_CL,CL@BC_t_ch_MAX,aic,PV,PV_OK,t_ch_MAX_OK,phyl_OK
A.1.NmC2,195,1154,92.96701482939594,,,,*,*,*
A.1.NmC1,377,560,3.1672796699966357,-49.74769338222162,2621.495386764443,4.246771294220313e-43,,,
A.1,835,4,1.5605756495766152,-110.80566345853566,2743.6113269170714,1.2948196468215625e-69,,,
