,num_seq,t_ch_MAX,max_CL,CL@BC_t_ch_MAX,aic,PV,PV_OK,t_ch_MAX_OK,phyl_OK
A.D.4.NmC3,0,57,41.74699154224632,,,,*,*,*
A.D.2.2.1,40,49,29.65397426674367,25.266013164330218,69.46797367133956,6.96348971102798e-08,,,
A.D.4.NmC1,0,62,15.993838534252506,11.972022781410244,96.05595443717951,1.171876381343728e-13,,,
