,num_seq,t_ch_MAX,max_CL,CL@BC_t_ch_MAX,aic,PV,PV_OK,t_ch_MAX_OK,phyl_OK
B.D.4,1413,41,3.436508894479749,,,,*,*,*
B.D.E.3.NmC1,1318,46,1.5197787130525027,1.2080349552712168,29.583930089457567,0.10806741863482931,*,,
B.D.2,1269,46,1.1008575258387006,-14.606530346444904,61.21306069288981,1.4632803697223702e-08,,,
B.D.E.3,125,46,0.9721531022600691,-10.513072552848541,53.02614510569708,8.741621082001578e-07,,,
B.D.4.1,218,46,0.4468823435557409,-0.5700287304627921,33.14005746092558,0.018224289258677286,*,,
B.D.E.2,853,46,0.3148308703953526,-1.1913337692015733,34.38266753840315,0.00980365503582181,*,,
