,num_seq,t_ch_MAX,max_CL,CL@BC_t_ch_MAX,aic,PV,PV_OK,t_ch_MAX_OK,phyl_OK
A.D.1,1413,82,81.4108830855931,,,,*,*,*
A.D.2,2386,77,45.72730515199143,43.07347911740629,223.8530417651874,2.24554124427022e-17,,,
A.D.2.NmC1,464,77,29.432509267658972,21.90346057451261,266.19307885097476,1.436504048648776e-26,,,
A.D.2.2.1,40,92,6.417827430271022,0.49140167343122915,309.01719665313755,7.192676443842184e-36,,,
A.D.2.1,76,92,3.19760105234909,-13.470773958045248,336.9415479160905,6.22500288466039e-42,,,
