,num_seq,t_ch_MAX,max_CL,CL@BC_t_ch_MAX,aic,PV,PV_OK,t_ch_MAX_OK,phyl_OK
B.1.NmC4,180,62,27.1659016364003,,,,*,*,*
B.1.19,13,21,7.367644623846472,-42.43639093639469,222.87278187278937,5.930674100260019e-31,,,
B.1.13.NmC2,242,21,3.607359657057882,-75.86303842356634,289.7260768471327,1.797378446589009e-45,,,
B.1.NmC1,132,21,2.868575180719094,-59.24850680475723,256.49701360951445,2.9542166828558083e-38,,,
B.1.13.NmC1,402,21,2.4638077844059194,-48.1045416081812,234.2090832163624,2.0448165294170343e-33,,,
B.1.17.NmC1,375,21,2.089991386841228,-125.08098344877494,388.16196689754986,7.600402683814325e-67,,,
B.1.NmC2,322,21,1.8909693074735645,-90.92627504463056,319.8525500892611,5.178030831773186e-52,,,
