,num_seq,t_ch_MAX,max_CL,CL@BC_t_ch_MAX,aic,PV,PV_OK,t_ch_MAX_OK,phyl_OK
B.D.4.NmC1,0,20,6.528647899211717,,,,*,*,*
B.D.4.1.1,260,11,1.7342996933912012,-32.9689247816623,133.93784956332462,7.004352026168645e-18,,,
B.D.1,334,15,0.9649348574333664,-3.6132676340057377,75.22653526801147,3.927195135021112e-05,*,,
