,num_seq,t_ch_MAX,max_CL,CL@BC_t_ch_MAX,aic,PV,PV_OK,t_ch_MAX_OK,phyl_OK
A.1,3213,23,7.535636994594168,,,,*,*,*
A.1.NmC13,668,133,1.452973462139726,-12.864718987982561,343.72943797596514,5.082742255105897e-10,,,
A.1.NmC7,1060,108,-4.493598034854381,-6.269124159757799,330.5382483195156,3.7176645089856917e-07,,,
A.1.NmC12,640,104,-7.032536838473154,-47.921255110121116,413.8425102202422,3.0332277751593284e-25,,,
