,num_seq,t_ch_MAX,max_CL,CL@BC_t_ch_MAX,aic,PV,PV_OK,t_ch_MAX_OK,phyl_OK
B.D.E.3.NmC1,1318,40,21.95559340276672,,,,*,*,*
B.D.E.3,125,46,8.959786684561829,5.860878162341476,84.27824367531704,4.7497674120255207e-07,,,
B.D.NmC1,1726,10,0.30206145395047834,-8.740965352109928,113.48193070421985,2.167568882618954e-13,,,
