,num_seq,t_ch_MAX,max_CL,CL@BC_t_ch_MAX,aic,PV,PV_OK,t_ch_MAX_OK,phyl_OK
A.2.1,366,15,457.04663317322695,,,,*,*,*
A.D.5.1,539,563,10.490095300682466,-862.1618375341253,4136.323675068251,0.0,,,
A.D.3.3,1219,562,8.660971048050612,-548.1964216427311,3508.3928432854623,0.0,,,
A.D.1.7,89,563,7.575168629970839,-2154.35854567548,6720.71709135096,0.0,,,
A.D.5.3,354,562,7.400963765548164,-860.8917768209745,4133.783553641949,0.0,,,
A.D.3.2,47,563,6.032671275280151,-2519.637391774642,7451.274783549284,0.0,,,
A.D.1.5,246,562,5.863053482314724,-1857.0968918568967,6126.193783713794,0.0,,,
A.D.1.8,105,563,5.136357062700922,-2212.585176385284,6837.170352770568,0.0,,,
A.D.3.12,401,562,4.247971405884254,-522.0233233435736,3456.046646687147,0.0,,,
