,num_seq,t_ch_MAX,max_CL,CL@BC_t_ch_MAX,aic,PV,PV_OK,t_ch_MAX_OK,phyl_OK
B.D.4.1,218,46,2.590785501984675,,,,*,*,*
B.3,60,50,0.8364787893045293,-18.292037374491525,50.58407474898305,8.549313009381047e-10,,,
