,num_seq,t_ch_MAX,max_CL,CL@BC_t_ch_MAX,aic,PV,PV_OK,t_ch_MAX_OK,phyl_OK
A.1.NmC2,195,1324,190.1456925881953,,,,*,*,*
A.1.NmC1,377,1426,141.8381769600949,133.45919854336188,2395.081602913276,3.00304665452005e-25,,,
