,num_seq,t_ch_MAX,max_CL,CL@BC_t_ch_MAX,aic,PV,PV_OK,t_ch_MAX_OK,phyl_OK
A.D.4.NmC3,1653,59,37.59456143063385,,,,*,*,*
A.D.4.NmC1,2189,64,32.5099666342302,28.48815088138795,145.0236982372241,0.0001111088729468039,*,,
A.D.2.2.1,40,9,10.448359798520576,-4.455078259580554,210.91015651916112,5.469114754618021e-19,,,
A.2.1.1,31,3,3.827176228359737,-305.84744247933423,813.6948849586685,7.012988635807556e-150,,,
A.D.3.NmC2,401,9,1.5922885143007912,-59.944540046372964,321.8890800927459,4.3542788213734565e-43,,,
