,num_seq,t_ch_MAX,max_CL,CL@BC_t_ch_MAX,aic,PV,PV_OK,t_ch_MAX_OK,phyl_OK
A.1,835,464,22.618614258868373,,,,*,*,*
A.1.NmC1,377,514,6.851513977815411,-68.97255562074689,1987.9451112414938,8.54903684390741e-39,,,
