,num_seq,t_ch_MAX,max_CL,CL@BC_t_ch_MAX,aic,PV,PV_OK,t_ch_MAX_OK,phyl_OK
B.D.E.3,125,50,30.35733117460789,,,,*,*,*
B.D.E.3.NmC1,1318,60,28.913326442088902,25.27126008702395,55.4574798259521,0.006188887090305932,*,,
