,num_seq,t_ch_MAX,max_CL,CL@BC_t_ch_MAX,aic,PV,PV_OK,t_ch_MAX_OK,phyl_OK
B.D.NmC1,1726,48,21.8573398076261,,,,*,*,*
B.D.E.3,125,22,15.419266796098215,4.094932244610023,93.81013551077996,1.9361098809878104e-08,,,
B.D.E.3.NmC1,1318,34,15.335348696823388,9.486524289815145,83.02695142036971,4.244018407169922e-06,,,
B.D.3,433,35,12.530499914159842,10.426389470583734,81.14722105883253,1.0864608261402368e-05,*,,
