,num_seq,t_ch_MAX,max_CL,CL@BC_t_ch_MAX,aic,PV,PV_OK,t_ch_MAX_OK,phyl_OK
B.D.E.3.NmC1,1318,32,17.701182841863595,,,,*,*,*
B.D.NmC1,1726,33,12.710150809871507,12.710150809871507,64.57969838025699,0.011108996538242306,*,*,
B.D.3,433,34,12.583486375258826,9.910637069506915,70.17872586098616,0.0006755387751938414,*,,
B.D,150,17,12.137297290850345,-1.464399196759227,92.92879839351845,7.754441972743325e-09,,,
B,21,9,0.43965428516277494,-94.52930390160238,279.0586078032047,2.9643848982381266e-49,,,
