,num_seq,t_ch_MAX,max_CL,CL@BC_t_ch_MAX,aic,PV,PV_OK,t_ch_MAX_OK,phyl_OK
B.D.E.3.NmC1,1318,35,1.741686482056641,,,,*,*,*
B.D.4.1,218,35,1.697460349927423,-8.302539650072575,40.60507930014515,0.0003005188731913479,*,*,
B.D.E.3,125,35,1.4243667713132289,-8.57563322868677,41.15126645737354,0.00022940994545549213,*,*,
B.D.4,1413,33,1.1487421576836927,0.859489769256212,22.281020461487575,2.8719751539013454,*,,
B.D.2,1269,35,0.9626214125702577,-15.076988279823642,54.15397655964728,3.4490390325663404e-07,,*,
B.D.E.2,853,33,0.32042034322758384,0.01906730348190433,23.96186539303619,1.2398618969660617,*,,
