,num_seq,t_ch_MAX,max_CL,CL@BC_t_ch_MAX,aic,PV,PV_OK,t_ch_MAX_OK,phyl_OK
A.D.2.1,76,19,63.05078310324297,,,,*,*,*
A.D.2.NmC1,464,35,28.329823576857617,-30.111582275567212,320.2231645511344,3.4763705799585956e-41,,,
A.D.2.2.1,40,14,15.140999482103767,13.715755121464518,232.56848975707095,3.7504357973957152e-22,,,
