,num_seq,t_ch_MAX,max_CL,CL@BC_t_ch_MAX,aic,PV,PV_OK,t_ch_MAX_OK,phyl_OK
A.D.4.NmC1,0,56,3.961625096311173,,,,*,*,*
A.3.1.1,731,56,2.591778282173767,2.591778282173767,6.816443435652466,0.25410695955280027,*,*,
A.3.1,1992,56,1.986114025036017,1.9861140250360172,8.027771949927965,0.1387613122429553,*,*,
