,num_seq,t_ch_MAX,max_CL,CL@BC_t_ch_MAX,aic,PV,PV_OK,t_ch_MAX_OK,phyl_OK
B.D.E.2,853,16,6.2996041214508365,,,,*,*,*
B.D.4,1413,16,5.286681684872423,5.286681684872423,35.42663663025515,0.3624024298324901,*,*,
B.D.2,1269,9,3.4051451812830846,-9.593624058093377,65.18724811618675,1.2499401259891426e-07,,,
B.D.4.1,218,10,2.472956448828983,-5.212418030592645,56.42483606118529,1.0029297483187831e-05,*,,
B.D.4.NmC1,1212,7,1.3100174017525827,-17.27861816950687,80.55723633901374,5.745609643680647e-11,,,
