,num_seq,t_ch_MAX,max_CL,CL@BC_t_ch_MAX,aic,PV,PV_OK,t_ch_MAX_OK,phyl_OK
A.D.3.3,1219,12,6.644286003967438,,,,*,*,*
A.2.1,366,3,6.098708889872327,-9.375443853137899,72.75088770627579,1.1030682896016174e-07,,,
A.D.1.2,465,3,4.051071413377873,-5.76115650481714,65.52231300963427,4.098047160660101e-06,,,
