,num_seq,t_ch_MAX,max_CL,CL@BC_t_ch_MAX,aic,PV,PV_OK,t_ch_MAX_OK,phyl_OK
B.D,150,5,8.764916367974829,,,,*,*,*
B.D.4,1413,1,5.740333195936429,4.28930707251715,23.4213858549657,0.011390222124513367,*,,
B.D.1,334,12,2.881805803594324,-7.936870391444807,47.87374078288961,5.588331392518268e-08,,,
B.D.4.NmC1,1212,1,2.2937069830647414,1.700391344216807,28.599217311566385,0.000854494920361771,*,,
B.D.NmC1,1726,11,2.063787161882499,-6.631272759411381,45.26254551882276,2.0608028728198977e-07,,,
B.D.3,433,11,1.679264081443314,-7.5121011786052145,47.02420235721043,8.547858159900026e-08,,,
