,num_seq,t_ch_MAX,max_CL,CL@BC_t_ch_MAX,aic,PV,PV_OK,t_ch_MAX_OK,phyl_OK
A.D.4.NmC3,0,55,33.97651070256442,,,,*,*,*
A.D.3.NmC2,0,38,17.80609764925036,-6.078901306533485,196.15780261306696,4.021004205878474e-18,,,
A.D.2.2.1,40,38,16.021924188798696,8.387159426283201,167.2256811474336,7.69846621321079e-12,,,
A.D.4.NmC2,0,57,12.061946677363297,11.44019905077087,161.11960189845826,1.6337057978320889e-10,,,
A.2.1.1,31,3,3.827176228359737,-344.6097714794931,873.2195429589862,3.8249306791548456e-165,,,
