,num_seq,t_ch_MAX,max_CL,CL@BC_t_ch_MAX,aic,PV,PV_OK,t_ch_MAX_OK,phyl_OK
A.D.5.NmC1,425,5,1.2233086158735986,,,,*,*,*
A.D.NmC2,637,5,1.04977003029538,0.21559540925123644,15.568809181497528,0.806541440177327,*,*,
A.3.1.1,731,5,0.7816242195758472,0.7816242195758472,14.436751560848306,1.419067548593258,*,*,
A.D.2.1,76,5,0.3949062974599579,-0.530163356086762,17.060326712173524,0.3828928859751124,*,*,
