,num_seq,t_ch_MAX,max_CL,CL@BC_t_ch_MAX,aic,PV,PV_OK,t_ch_MAX_OK,phyl_OK
A.D.1,1413,78,75.6161979713754,,,,*,*,*
A.D.2,2386,73,42.89734069089889,40.24351465631375,237.5129706873725,4.3551606049105393e-16,,,
A.D.2.NmC1,0,73,28.658016960734564,21.128968267588203,275.7420634648236,2.1750295091134572e-24,,,
A.D.2.1,76,84,14.578035320385967,4.47318444152122,309.05363111695755,1.2714244458181862e-31,,,
A.D.2.2.1,40,84,10.432277877332844,6.260454352831729,305.4790912943365,7.577155632164341e-31,,,
A.D.2.NmC2,0,25,1.7297055692972494,-7.734938964781952,333.4698779295639,6.3322045190569585e-37,,,
