,num_seq,t_ch_MAX,max_CL,CL@BC_t_ch_MAX,aic,PV,PV_OK,t_ch_MAX_OK,phyl_OK
A.D.4.NmC3,1653,58,44.37331299351086,,,,*,*,*
A.D.2.2.1,40,5,5.989327150559216,-20.49985040018986,224.9997008003797,6.685678470164923e-29,,,
A.2.1.1,31,3,3.827176228359737,-351.783404272031,887.566808544062,8.910417411977666e-173,,,
