,num_seq,t_ch_MAX,max_CL,CL@BC_t_ch_MAX,aic,PV,PV_OK,t_ch_MAX_OK,phyl_OK
A.1.NmC13,0,140,3.1852014860261235,,,,*,*,*
A.1,3213,93,1.555047600755921,-0.25011876515624976,32.500237530312496,0.01906311429161162,*,,
