,num_seq,t_ch_MAX,max_CL,CL@BC_t_ch_MAX,aic,PV,PV_OK,t_ch_MAX_OK,phyl_OK
B.D.1.1,115,9,7.3005639668397215,,,,*,*,*
B.D.1,334,9,1.6494583166422738,1.6494583166422738,32.70108336671545,0.0035175167749121224,*,*,
B.D.4.NmC1,0,4,0.10774443363752761,-2.8032487110240067,41.606497422048015,4.0874670088859145e-05,*,,
