,num_seq,t_ch_MAX,max_CL,CL@BC_t_ch_MAX,aic,PV,PV_OK,t_ch_MAX_OK,phyl_OK
B.D.E.2,853,18,8.945482533094784,,,,*,*,*
B.D.2,1269,8,3.1769995787668064,-11.422898974209943,66.84579794841989,1.4237095677358596e-09,,,
B.D.4,1413,7,2.046597951543707,-19.32940189249683,82.65880378499367,5.251985570055526e-13,,,
B.D.4.NmC1,0,7,1.3100174017525827,-26.24486368752874,96.48972737505747,5.214073895382945e-16,,,
B.D.4.1,218,8,0.49432790661439185,-14.42495804922284,72.84991609844568,7.088232558484727e-11,,,
