,num_seq,t_ch_MAX,max_CL,CL@BC_t_ch_MAX,aic,PV,PV_OK,t_ch_MAX_OK,phyl_OK
A.1.NmC2,195,1104,68.53913793493078,,,,*,*,*
A.1.NmC1,377,362,17.15319776329731,-62.947685992414925,2859.89537198483,8.081641611835715e-54,,,
