,num_seq,t_ch_MAX,max_CL,CL@BC_t_ch_MAX,aic,PV,PV_OK,t_ch_MAX_OK,phyl_OK
B.D.4.1.1,260,16,5.067389254874516,,,,*,*,*
B.D.E.2,853,16,2.396009127086246,2.396009127086246,37.20798174582751,0.069252225309346,*,*,
B.D.2,1269,15,0.41680470343130577,-11.091800472778758,64.18360094555752,9.637683163034364e-08,,*,
