,num_seq,t_ch_MAX,max_CL,CL@BC_t_ch_MAX,aic,PV,PV_OK,t_ch_MAX_OK,phyl_OK
B.D.4,1413,17,2.040371169381871,,,,*,*,*
B.D.4.1,218,19,0.8589200062432585,-0.6000317106675377,17.200063421335074,0.07136126955638608,*,,
B.D.E.3.NmC1,1318,19,0.07131272959984836,-4.29324311129773,24.58648622259546,0.0017731458385987554,*,,
