,num_seq,t_ch_MAX,max_CL,CL@BC_t_ch_MAX,aic,PV,PV_OK,t_ch_MAX_OK,phyl_OK
B.D.E.2,853,19,14.346529570470171,,,,*,*,*
B.D.2,1269,9,3.4051451812830846,-49.889950096496044,145.7799001929921,1.2679261383848564e-28,,,
B.D.4,1413,7,2.046597951543707,-28.616632269795563,103.23326453959112,2.20145117275352e-19,,,
B.D.4.NmC1,0,7,1.3100174017525827,-43.3292138805686,132.6584277611372,8.955003423788331e-26,,,
B.D.4.1,218,8,0.49432790661439185,-37.25130735685847,120.50261471371694,3.9135979349986456e-23,,,
