,num_seq,t_ch_MAX,max_CL,CL@BC_t_ch_MAX,aic,PV,PV_OK,t_ch_MAX_OK,phyl_OK
A.D,2353,21,6.5250693713398755,,,,*,*,*
A.D.5,115,11,5.921086375530567,-12.008395614956541,74.01679122991308,8.919731426005463e-09,,,
A.D.5.NmC1,425,14,5.559477148425163,-12.067394850503344,74.1347897010067,8.442393318448123e-09,,,
A.D.NmC2,637,21,4.846112065651067,4.846112065651067,40.30777586869787,0.18637397603941003,*,*,
A.D.2.1,76,14,3.2444007735200247,-10.078249747371624,70.15649949474324,6.145258101161914e-08,,,
A.D.2.2.NmC1,394,14,0.7051037439391885,-13.269716038928408,76.53943207785682,2.5301177342829753e-09,,,
