,num_seq,t_ch_MAX,max_CL,CL@BC_t_ch_MAX,aic,PV,PV_OK,t_ch_MAX_OK,phyl_OK
B.D.4.NmC1,1212,19,8.966023279569203,,,,*,*,*
B.D.4,1413,12,5.3583332797110295,-14.494537482370603,82.9890749647412,6.478156783654058e-11,,,
B.D.2,1269,6,1.079380567270364,-36.28994264506568,126.57988529013136,2.2182128737878705e-20,,,
B.D.E.2,853,6,1.0389816290308853,-25.472169075174087,104.94433815034817,1.109352370344275e-15,,,
B.D.4.1,218,23,0.6435596442661291,-1.1702326679783237,56.34046533595665,3.966664102300212e-05,*,,
