,num_seq,t_ch_MAX,max_CL,CL@BC_t_ch_MAX,aic,PV,PV_OK,t_ch_MAX_OK,phyl_OK
B.3,60,78,155.94845894064935,,,,*,*,*
B.D.1.NmC1,0,13,5.470992617570021,-51.44069271301829,258.88138542603656,8.54412115683241e-91,,,
