,num_seq,t_ch_MAX,max_CL,CL@BC_t_ch_MAX,aic,PV,PV_OK,t_ch_MAX_OK,phyl_OK
A.D.4.NmC3,0,59,42.40207956080189,,,,*,*,*
A.D.2.2.1,40,37,25.089957058841215,10.592674847951589,188.81465030409683,1.539089952653891e-14,,,
A.D.4.NmC1,0,65,15.352405468920509,10.53801946051853,188.92396107896295,1.4567257815513492e-14,,,
A.D.3.NmC2,0,37,10.350040836219373,-44.72145236295182,299.44290472590365,1.4597037932095734e-38,,,
A.2.1.1,31,3,3.827176228359737,-359.66008610899826,929.3201722179965,2.440959681230623e-175,,,
