,num_seq,t_ch_MAX,max_CL,CL@BC_t_ch_MAX,aic,PV,PV_OK,t_ch_MAX_OK,phyl_OK
B.D.4.1,218,23,1.6679310466261204,,,,*,*,*
B.3,60,23,1.2573318191362666,1.2573318191362668,9.485336361727466,0.6603402807049829,*,*,
