,num_seq,t_ch_MAX,max_CL,CL@BC_t_ch_MAX,aic,PV,PV_OK,t_ch_MAX_OK,phyl_OK
B.D.4.1,218,25,2.917888787769306,,,,*,*,*
B.D.4.NmC1,1212,30,2.213422104947448,-37.97022877514135,123.9404575502827,0.020445346037937646,*,,
B.D.1.1,115,30,2.154304173590048,-104.80194432206943,257.60388864413886,1.9350591274089821e-31,,,
B.D.4,1413,16,2.0595356766858357,2.0595356766858366,43.88092864662833,4959096689453320.0,*,,
B.D.NmC1,1726,30,0.9832946638407384,-31.78749358532863,111.57498717065727,9.924436012285366,*,,
B.D.2,1269,25,0.7386076507556223,-34.36140839134525,116.7228167826905,0.7557837414557246,*,*,
B.D.E.3.NmC1,1318,17,0.617138117252577,-9.382861882747422,66.76572376549484,53076494372.30337,*,,
