,num_seq,t_ch_MAX,max_CL,CL@BC_t_ch_MAX,aic,PV,PV_OK,t_ch_MAX_OK,phyl_OK
A.3.1,1992,5,17.153909265711842,,,,*,*,*
A.D.4.NmC1,0,1,7.400949614260088,4.520911327024286,58.95817734595143,3.2560361737878165e-06,,,
A.3.1.NmC1,0,28,3.528690533803437,-88.21148975460781,244.42297950921562,1.7400507469694253e-46,,,
A.3.1.1,731,28,3.178332298850629,-26.054119293908563,120.10823858781713,1.714491897233904e-19,,,
