,num_seq,t_ch_MAX,max_CL,CL@BC_t_ch_MAX,aic,PV,PV_OK,t_ch_MAX_OK,phyl_OK
A.1.NmC2,0,1346,199.4375044818665,,,,*,*,*
A.1.NmC1,0,1339,41.94762225555779,39.79957688457593,2670.400846230848,4.669054130805561e-70,,,
