,num_seq,t_ch_MAX,max_CL,CL@BC_t_ch_MAX,aic,PV,PV_OK,t_ch_MAX_OK,phyl_OK
A.3.1.1,731,31,11.831729636624393,,,,*,*,*
A.D.2.1,76,7,3.7664572883912415,-44.847656222998594,169.6953124459972,2.4220815736561243e-25,,,
A.D.5.NmC1,425,7,2.445176750878021,-44.3327504488613,168.6655008977226,4.0536889761652405e-25,,,
A.D.5,115,4,0.9848861119078991,-101.64392834769501,283.28785669539,5.229180897750075e-50,,,
