,num_seq,t_ch_MAX,max_CL,CL@BC_t_ch_MAX,aic,PV,PV_OK,t_ch_MAX_OK,phyl_OK
B.D.2,1269,13,8.66433444484575,,,,*,*,*
B.D.E.2,853,21,7.301383908505333,-0.3602381821552514,72.7204763643105,1.3742738258695716e-05,*,,
B.D.4.1,218,13,3.5777597506051686,-0.060054015911000694,72.120108031822,1.8550756278712063e-05,*,*,
B.D.4,1413,8,3.0029951589817374,-3.902967459773465,79.80593491954693,3.9673392303969283e-07,,,
B.D.4.NmC1,1212,5,0.7876312582529597,-39.421335881251466,150.84267176250293,1.4946200776271626e-22,,,
B.D.4.1.1,260,13,0.2679217309088715,8.559340157498227,54.88131968500355,0.10279690843528616,*,*,
