,num_seq,t_ch_MAX,max_CL,CL@BC_t_ch_MAX,aic,PV,PV_OK,t_ch_MAX_OK,phyl_OK
A.D.2.2.NmC1,0,23,9.550402474864537,,,,*,*,*
A.D,2353,18,6.528635081211683,-18.94504990906222,109.89009981812444,4.214817146597233e-13,,,
A.D.5.NmC1,0,23,4.124643674928949,4.124643674928949,63.750712650142106,0.004405066161808402,*,*,
A.D.NmC2,0,8,1.5214777894266225,-64.81968763736326,201.63937527472652,5.029437097499394e-33,,,
A.D.NmC1,0,8,1.4912404277913276,-76.80512964903261,225.61025929806522,3.136895240270262e-38,,,
A.3.1.1,731,4,1.3783606647898734,-48.42824006089277,168.85648012178552,6.600942341431389e-26,,,
A.D.3.6,757,4,1.2443409514158696,-61.741913866616564,195.4838277332331,1.0943251619375311e-31,,,
