,num_seq,t_ch_MAX,max_CL,CL@BC_t_ch_MAX,aic,PV,PV_OK,t_ch_MAX_OK,phyl_OK
A.D.4.NmC3,1653,55,38.59168209466264,,,,*,*,*
A.D.2.2.1,40,48,30.447878474817543,19.39665013937342,163.20669972125316,4.610175090838421e-09,,,
A.D.4.NmC1,2189,59,26.340600117271784,23.21988998395814,155.56022003208372,2.1129723459224122e-07,,,
A.D.3.NmC2,401,20,11.65930439849481,-29.078975580533903,260.1579511610678,4.085943995322144e-30,,,
A.2.1.1,31,3,3.827176228359737,-308.41194251280785,818.8238850256157,1.994411545363099e-151,,,
