,num_seq,t_ch_MAX,max_CL,CL@BC_t_ch_MAX,aic,PV,PV_OK,t_ch_MAX_OK,phyl_OK
A.D.2.2.NmC1,394,20,8.141256963214882,,,,*,*,*
A.D.4,176,22,3.379337684569949,-5.626705177786025,23.25341035557205,1.051807968247332e-06,,,
A.D.5,115,22,3.2887075148211555,-7.431849644356187,26.863699288712375,1.729955440010014e-07,,,
A.D.4.NmC2,848,23,0.6394332122152728,-8.698800689961729,29.397601379923458,4.8582619182234295e-08,,,
