,num_seq,t_ch_MAX,max_CL,CL@BC_t_ch_MAX,aic,PV,PV_OK,t_ch_MAX_OK,phyl_OK
B.D.E.2,853,16,8.632072721821846,,,,*,*,*
B.D.4.1,218,23,5.31372458565246,2.646515250405589,52.70696949918882,0.0025162137184786726,*,,
B.D.2,1269,10,3.4151250123220853,-9.879970265457045,77.7599405309141,9.145535502100282e-09,,,
B.D.4,1413,14,3.227424428165436,1.7062880004214551,54.58742399915709,0.0009829031181487378,*,,
B.D.4.NmC1,0,8,1.0782724614249302,-12.53218656952127,83.06437313904254,6.461431773106108e-10,,,
B.D.4.1.1,260,24,0.9343225605130374,-8.927612931674469,75.85522586334893,2.3647699487396765e-08,,,
