,num_seq,t_ch_MAX,max_CL,CL@BC_t_ch_MAX,aic,PV,PV_OK,t_ch_MAX_OK,phyl_OK
B.D.1,334,19,14.071804173520468,,,,*,*,*
B.D.4.1.1,260,3,0.3031754990302288,-78.7951794923381,247.5903589846762,4.669204958503896e-41,,,
B.D.1.1,115,3,0.09194591847159994,-110.56316016069421,311.12632032138845,7.44230129359415e-55,,,
