,num_seq,t_ch_MAX,max_CL,CL@BC_t_ch_MAX,aic,PV,PV_OK,t_ch_MAX_OK,phyl_OK
A.D.4.NmC3,0,12,13.055002273951253,,,,*,*,*
A.D.2.2.1,40,11,12.384289677519785,2.384289677519785,31.23142064496043,2.3231533490370046e-05,*,*,
A.2.1.1,31,3,3.827176228359737,-49.463433161809405,134.9268663236188,7.045454124646082e-28,,,
A.D.3.NmC2,0,11,3.747556049853788,-6.252443950146212,48.504887900292424,4.129952216066863e-09,,*,
