,num_seq,t_ch_MAX,max_CL,CL@BC_t_ch_MAX,aic,PV,PV_OK,t_ch_MAX_OK,phyl_OK
A.D.4.NmC3,1653,58,42.897276830620854,,,,*,*,*
A.D.2.2.1,40,50,24.487700685583302,20.09973958316985,155.8005208336603,1.2596714461549063e-10,,,
A.D.4.NmC1,2189,63,18.41426476525822,14.392449012415964,167.21510197516807,4.172879015271727e-13,,,
A.D.3.NmC2,401,14,9.88715905481721,-10.762879680657514,217.52575936131504,4.963158000869614e-24,,,
A.2.1.1,31,3,3.827176228359737,-340.1832907260636,876.3665814521272,4.2704129407729636e-167,,,
