,num_seq,t_ch_MAX,max_CL,CL@BC_t_ch_MAX,aic,PV,PV_OK,t_ch_MAX_OK,phyl_OK
A.1.NmC2,195,1155,171.50745815771725,,,,*,*,*
A.1.NmC1,377,686,50.36810919585857,17.27367855499499,2699.45264289001,3.198527899770023e-61,,,
