,num_seq,t_ch_MAX,max_CL,CL@BC_t_ch_MAX,aic,PV,PV_OK,t_ch_MAX_OK,phyl_OK
B.D.2,1269,17,12.962959138537261,,,,*,*,*
B.D.4.1.1,260,17,4.023681837038172,3.0602885291293873,47.879422941741225,4.992443478541952e-05,*,*,
B.D.4.1,218,20,3.560799067454085,2.4363421525654223,49.127315694869154,2.672262428124682e-05,*,,
B.D.E.2,853,9,3.3640415883885235,-2.2332255890502437,58.466451178100485,2.504516372327622e-07,,,
B.D.4,1413,7,2.046597951543707,-2.9405897362435627,59.881179472487126,1.237503013931963e-07,,,
B.D.4.NmC1,1212,7,1.3100174017525827,-29.6893750847605,113.378750169521,2.9865437038547987e-19,,,
