,num_seq,t_ch_MAX,max_CL,CL@BC_t_ch_MAX,aic,PV,PV_OK,t_ch_MAX_OK,phyl_OK
B.D.4.NmC1,1212,11,4.135637599388094,,,,*,*,*
B.D.4,1413,11,4.0789825958915475,4.0789825958915475,29.842034808216905,0.9464851479534842,*,*,
B.D.4.1,218,11,3.1918057447343706,3.1918057447343706,31.61638851053126,0.3886795709017529,*,*,
B.D.2,1269,5,0.8925264077217887,-23.810678288240915,85.62135657648183,7.305344539098904e-13,,,
B.D.E.2,853,5,0.3192599543762682,-1.8485668331013818,41.69713366620277,0.0025162137184786683,*,,
