,num_seq,t_ch_MAX,max_CL,CL@BC_t_ch_MAX,aic,PV,PV_OK,t_ch_MAX_OK,phyl_OK
B.D.E.5,276,538,727.8441628201352,,,,*,*,*
B.D.E.4,1372,545,529.6408761954041,512.2636690928596,549.4726618142809,1.860013664929364e-95,,,
B.D.4.1.2,1305,545,280.493057875904,263.93374622762155,1046.132507544757,2.637348028962019e-203,,,
B.D.E.1,1124,545,244.30294003380965,229.41055562714723,1115.1788887457055,2.673932600064779e-218,,,
B.D.E.1.2,165,198,22.040774375904558,-78.92003219680424,1731.8400643936084,0.0,,,
B.D.E.6,17,15,12.723008242764259,-329.6746811673943,2233.3493623347886,0.0,,,
B.D.E.7,23,4,-5.398416205825485,-441.73462951982526,2457.4692590396508,0.0,,,
B.D.E.1.1,68,4,-5.413447577974614,-639.2268429036009,2852.4536858072015,0.0,,,
B.D.E.1.8,76,16,-5.897076396810635,-626.3142047566948,2826.6284095133897,0.0,,,
