,num_seq,t_ch_MAX,max_CL,CL@BC_t_ch_MAX,aic,PV,PV_OK,t_ch_MAX_OK,phyl_OK
A.3.1.NmC1,266,4,15.645305870612942,,,,*,*,*
A.D.4.NmC1,2189,1,11.489701579610983,10.653382278486397,18.693235443027206,0.013233550096540918,*,,
A.3.1,1992,1,11.02119872609508,10.396125873018356,19.207748253963288,0.010203749787748814,*,,
A.3.1.1,731,1,10.189402917354828,9.664140087946697,20.671719824106606,0.0049172787553471466,*,,
A.D.4.NmC3,1653,1,0.5632368603538764,-0.18733558382742133,40.374671167654846,2.593726516193821e-07,,,
