,num_seq,t_ch_MAX,max_CL,CL@BC_t_ch_MAX,aic,PV,PV_OK,t_ch_MAX_OK,phyl_OK
A.D.1,1413,85,90.35863345436596,,,,*,*,*
A.D.2,2386,69,37.9006865132517,33.7468636815278,132.5062726369444,2.5847462091217935e-25,,,
A.D.2.NmC1,464,29,15.866091745673454,-4.979583238449422,209.95916647689884,3.9297425143195096e-42,,,
A.D.2.NmC2,132,29,4.1093354345181865,-47.3604332609789,294.7208665219578,1.5451261842103103e-60,,,
