,num_seq,t_ch_MAX,max_CL,CL@BC_t_ch_MAX,aic,PV,PV_OK,t_ch_MAX_OK,phyl_OK
B.D.4,1413,16,7.908029457252052,,,,*,*,*
B.D.4.NmC1,1212,9,3.069865678366983,-18.267480511621603,82.5349610232432,4.288860654342681e-12,,,
B.D.2,1269,7,2.370876118804915,-32.203242464581194,110.40648492916239,3.786839150489461e-18,,,
B.D.E.2,853,7,2.235246474324864,-17.07018933275184,80.14037866550368,1.416849894125265e-11,,,
