,num_seq,t_ch_MAX,max_CL,CL@BC_t_ch_MAX,aic,PV,PV_OK,t_ch_MAX_OK,phyl_OK
A.1.NmC4,0,15,9.52910598249327,,,,*,*,*
A.1.NmC5,0,156,1.5351705079276767,-116.17903781941024,572.3580756388205,3.4464692481102877e-57,,,
A.1.NmC13,0,134,1.5278921007204163,-45.82544224029613,431.65088448059225,1.2364104928388838e-26,,,
A.1,3213,64,1.459261368259608,-16.780308601075173,373.56061720215035,5.08447257259074e-14,,,
