,num_seq,t_ch_MAX,max_CL,CL@BC_t_ch_MAX,aic,PV,PV_OK,t_ch_MAX_OK,phyl_OK
A.1.NmC5,0,150,2.697147452697911,,,,*,*,*
A.1.NmC2,0,150,0.5047150014922579,-9.495284998507742,30.990569997015484,2.7607725720372037e-06,,*,
