,num_seq,t_ch_MAX,max_CL,CL@BC_t_ch_MAX,aic,PV,PV_OK,t_ch_MAX_OK,phyl_OK
B.D.NmC1,0,32,4.170722409769614,,,,*,*,*
B.D.1.1,115,52,2.81609813105859,-158.67984023673137,403.35968047346273,1.893717072332618e-71,,,
B.D.4.1,218,46,2.607240927721004,-57.880454966029816,201.76090993205963,1.1329190260165764e-27,,,
B.D.4.NmC1,0,52,2.1953802264942843,-39.91991785002118,165.83983570004236,7.147065550033629e-20,,,
B,21,52,1.8302335476624867,-170.22591693789872,426.45183387579743,1.833940751227091e-76,,,
B.D.1,334,52,0.7377438042018465,-83.74599596504798,253.49199193009596,6.624789692020824e-39,,,
