,num_seq,t_ch_MAX,max_CL,CL@BC_t_ch_MAX,aic,PV,PV_OK,t_ch_MAX_OK,phyl_OK
A.D.5.NmC1,0,53,7.661546424336305,,,,*,*,*
A.2.1.1,31,67,2.1824790643688528,-27.500052825329885,95.00010565065978,5.372866085866037e-16,,,
