,num_seq,t_ch_MAX,max_CL,CL@BC_t_ch_MAX,aic,PV,PV_OK,t_ch_MAX_OK,phyl_OK
A.3,202,43,2.062124356639613,,,,*,*,*
A.D.4.NmC3,1653,43,0.2215790081695812,0.2215790081695812,5.556841983660838,0.1588174261069207,*,*,
