,num_seq,t_ch_MAX,max_CL,CL@BC_t_ch_MAX,aic,PV,PV_OK,t_ch_MAX_OK,phyl_OK
A.D.1,1413,82,85.11006251420126,,,,*,*,*
A.D.2,2386,76,39.40528660328926,36.054439251930354,113.89112149613929,4.962313412791769e-22,,,
A.D.2.NmC1,464,76,7.1214132279992315,-10.407635465147123,206.81527093029425,3.282396860727545e-42,,,
