,num_seq,t_ch_MAX,max_CL,CL@BC_t_ch_MAX,aic,PV,PV_OK,t_ch_MAX_OK,phyl_OK
A.D,2353,4,12.845365979785074,,,,*,*,*
A.D.NmC1,0,20,5.251316336387932,-7.5552181229947415,67.11043624598949,1.3816325910795407e-09,,,
A.D.3.6,757,20,5.174716857470939,-8.610148870212015,69.22029774042403,4.810740055333365e-10,,,
