,num_seq,t_ch_MAX,max_CL,CL@BC_t_ch_MAX,aic,PV,PV_OK,t_ch_MAX_OK,phyl_OK
B.D.4.NmC1,1212,18,12.4260436369672,,,,*,*,*
B.D.4,1413,13,4.907765393194223,-2.425326926278859,54.85065385255772,3.5540779088906284e-07,,,
B.D.1,334,13,4.0504843436297,-0.5277181478094037,51.055436295618804,2.364367532273127e-06,,,
B.D.E.2,853,7,0.9162905408784925,-28.538295485073533,107.07659097014707,1.6185515978072132e-18,,,
