,num_seq,t_ch_MAX,max_CL,CL@BC_t_ch_MAX,aic,PV,PV_OK,t_ch_MAX_OK,phyl_OK
A.D.3.6,757,10,3.141506523729325,,,,*,*,*
A.D.2.2.NmC1,394,8,1.5629211352272878,0.6707408402819315,22.658518319436137,0.08458485900156465,*,,
A.3.1.1,731,4,1.3783606647898734,-8.900627383193834,41.80125476638767,5.903294340986992e-06,,,
