,num_seq,t_ch_MAX,max_CL,CL@BC_t_ch_MAX,aic,PV,PV_OK,t_ch_MAX_OK,phyl_OK
B.D.4.1.1,260,15,8.512018828824225,,,,*,*,*
B.D.1,334,5,0.9521249357657593,-3.9370288770706483,39.8740577541413,3.937360433110386e-06,,,
