,num_seq,t_ch_MAX,max_CL,CL@BC_t_ch_MAX,aic,PV,PV_OK,t_ch_MAX_OK,phyl_OK
B.D.4.NmC1,1212,16,6.730902696618324,,,,*,*,*
B.D.1.1,115,21,5.114487321656981,-26.84522005626843,83.69044011253686,2.6215779170669432e-15,,,
B.D.NmC1,1726,20,3.4429787767141535,2.9707854397168862,24.058429120566228,0.02328374037489701,*,,
B.D.4.1,218,24,0.3017632896672511,-3.5935866682043573,37.18717333640871,3.2802691106824155e-05,*,,
B.D,150,23,0.035783217761530095,-2.427421486612746,34.854842973225495,0.00010569002927011152,*,,
