,num_seq,t_ch_MAX,max_CL,CL@BC_t_ch_MAX,aic,PV,PV_OK,t_ch_MAX_OK,phyl_OK
B.D.2,1269,20,13.489425633999936,,,,*,*,*
B.D.4.1,218,22,6.920321792588096,6.6142117168550785,58.771576566289845,0.001033297638647637,*,,
B.D.4.1.1,260,16,3.3141774114049736,1.0880988638366595,69.82380227232667,4.118588707535729e-06,,,
B.D.4,1413,7,2.102885489263082,-4.852688440782057,81.70537688156412,1.0786181638107862e-08,,,
B.D.E.2,853,9,1.6364546210352178,-3.851654085135245,79.70330817027049,2.9466848063168206e-08,,,
B.D.4.NmC1,1212,7,1.3328369811386476,-38.96540323176902,149.93080646353803,1.6560862515284697e-23,,,
