,num_seq,t_ch_MAX,max_CL,CL@BC_t_ch_MAX,aic,PV,PV_OK,t_ch_MAX_OK,phyl_OK
A.D.4.NmC1,2189,5,11.79709913727554,,,,*,*,*
A.3.1,1992,1,11.695926610002697,11.52883059861663,14.942338802766741,0.7672059499758559,*,,
A.3.1.NmC1,266,8,8.820346635589422,-3.436107007925534,44.87221401585107,2.4304967272244544e-07,,,
A.3.1.1,731,1,8.05423916386525,6.29245570818708,25.41508858362584,0.004066388580879972,*,,
A.D.4.NmC3,1653,7,0.7205542271482847,-0.00810398049388783,38.01620796098778,7.467128776325686e-06,,,
