,num_seq,t_ch_MAX,max_CL,CL@BC_t_ch_MAX,aic,PV,PV_OK,t_ch_MAX_OK,phyl_OK
B.D.1,334,17,27.701211513235336,,,,*,*,*
B.D.3,433,37,2.9122008731541533,-47.4394123307373,162.8788246614746,2.3286951023914878e-33,,,
B.D.E.3,125,38,2.2239581092944474,-81.18634762824368,230.37269525648736,5.1504519273763024e-48,,,
B.D.NmC1,0,37,1.3689680152381003,-37.65265846472446,143.3053169294489,4.136986800293926e-29,,,
B.D.4,1413,38,0.4863466992590849,-90.45228917363629,248.90457834727258,4.876485791169723e-52,,,
