,num_seq,t_ch_MAX,max_CL,CL@BC_t_ch_MAX,aic,PV,PV_OK,t_ch_MAX_OK,phyl_OK
A.D.4.NmC1,0,45,28.297882821483313,,,,*,*,*
A.D.4,176,10,8.929792184406171,-111.76977672108794,359.5395534421759,1.473573897054513e-61,,,
A.D.4.NmC2,0,10,7.933304871855407,-21.10066007111172,178.20132014222344,3.5144113592254203e-22,,,
A.D.3.NmC1,0,8,6.187069942505788,-69.15478612630876,274.3095722526175,4.740577665992641e-43,,,
A.3,202,5,0.5927232869744894,-52.24164122494495,240.48328244988988,1.051773992061694e-35,,,
