,num_seq,t_ch_MAX,max_CL,CL@BC_t_ch_MAX,aic,PV,PV_OK,t_ch_MAX_OK,phyl_OK
B.1.4,29,59,4.056146840167619,,,,*,*,*
A.1.NmC2,82,59,3.0869060625123796,1.2800592813923897,13.43988143721522,0.1882470656387468,*,*,
A.1.NmC1,241,59,1.9079282200844367,-0.437999746529268,16.875999493058536,0.033708676899572416,*,*,
B.1.13,353,58,1.6164311107207272,1.6164311107207272,12.767137778558546,0.2631581754560287,*,*,
B.1.13.NmC2,242,58,1.3008365360737482,1.3008365360737482,13.398326927852503,0.19204990862075405,*,*,
B.1.11,72,58,1.1316082483114434,1.1316082483114434,13.736783503377113,0.16202575093388072,*,*,
B.1.17.NmC6,201,59,0.4855723094791315,0.41094069701238856,15.178118605975223,0.07886639979067495,*,*,
B.1.13.NmC1,402,59,0.4756034453431886,-3.5021376093276873,23.004275218655373,0.001580522168736217,*,*,
B.1.NmC10,223,58,0.32897635749933574,0.32897635749933574,15.342047285001328,0.07280286282743559,*,*,
