,num_seq,t_ch_MAX,max_CL,CL@BC_t_ch_MAX,aic,PV,PV_OK,t_ch_MAX_OK,phyl_OK
A.D.4.NmC1,2189,53,5.865759068878578,,,,*,*,*
A.3.1,1992,54,3.9170243127809155,-6.613474837938724,41.22694967587745,3.8019365599696254e-06,,*,
A.D.2.2.NmC1,394,60,3.609334173200286,-21.52456823672029,71.04913647344058,1.2725479060551855e-12,,,
A.D.4,176,60,3.379337684569949,-41.65873309128228,111.31746618256456,2.29168407879423e-21,,,
A.D.5,115,60,3.2887075148211555,-43.053453838901866,114.10690767780373,5.679550236420077e-22,,,
A.3.1.1,731,55,3.213389974886395,-7.653161617185023,43.30632323437005,1.343812277631519e-06,,,
A.3.1.NmC1,266,55,2.599391226826043,-8.42477383036432,44.84954766072864,6.222026459004697e-07,,,
A.D.4.NmC2,848,61,0.6394332122152728,-12.821474537433392,53.642949074866785,7.677283985932114e-09,,,
