,num_seq,t_ch_MAX,max_CL,CL@BC_t_ch_MAX,aic,PV,PV_OK,t_ch_MAX_OK,phyl_OK
A.D.4.NmC3,1653,57,38.67603254869595,,,,*,*,*
A.D.2.2.1,40,46,12.819649275294982,9.032721440348032,171.93455711930395,1.3412556251604073e-13,,,
A.D.3.NmC2,401,19,12.698750935217845,-13.636530917976769,217.27306183595354,1.9145012385437433e-23,,,
A.2.1.1,31,3,3.827176228359737,-353.9267244656379,897.8534489312758,3.13318764102562e-171,,,
