,num_seq,t_ch_MAX,max_CL,CL@BC_t_ch_MAX,aic,PV,PV_OK,t_ch_MAX_OK,phyl_OK
B.D.2,1269,24,13.867189557476976,,,,*,*,*
B.D.4.1,218,26,7.951196127568677,7.645086051835659,56.70982789632868,0.0019892452172651652,*,,
B.D.4.1.1,260,18,6.751506945065125,3.041782943338313,65.91643411332338,1.989583787737179e-05,*,,
B.D.E.2,853,9,3.3640415883885235,-18.260868913202152,108.5217378264043,1.1176086870894152e-14,,,
B.D.4,1413,7,2.046597951543707,-17.131013365116782,106.26202673023357,3.4597325967841897e-14,,,
B.D.4.NmC1,0,7,1.3100174017525827,-56.076876842435134,184.15375368487025,4.221277818541909e-31,,,
