,num_seq,t_ch_MAX,max_CL,CL@BC_t_ch_MAX,aic,PV,PV_OK,t_ch_MAX_OK,phyl_OK
B.D.E.2,853,8,11.458867691936257,,,,*,*,*
B.D.E.3,125,20,1.7012159080964704,-6.334596737200342,46.669193474400686,1.8695181875516218e-08,,,
