,num_seq,t_ch_MAX,max_CL,CL@BC_t_ch_MAX,aic,PV,PV_OK,t_ch_MAX_OK,phyl_OK
A.D.4.NmC3,1653,53,34.699339716139484,,,,*,*,*
A.D.2.2.1,40,46,33.754023033962966,32.0176049724981,73.9647900550038,0.06856315415427794,*,,
A.D.4.NmC1,2189,58,31.659178924821397,28.71997548544086,80.56004902911829,0.0025288262922292465,*,,
A.D.3.NmC2,401,33,18.179467319691074,-17.61623022838519,173.23246045677038,1.9049526237808795e-23,,,
A.D.4.NmC2,848,23,0.035550800365334534,-15.603723416081221,169.20744683216245,1.4217265962884923e-22,,,
