,num_seq,t_ch_MAX,max_CL,CL@BC_t_ch_MAX,aic,PV,PV_OK,t_ch_MAX_OK,phyl_OK
A.3.1.1,731,4,1.3783606647898734,,,,*,*,*
A.D.3.6,757,4,1.2443409514158696,1.2443409514158696,7.51131809716826,0.8737159116880346,*,*,
A.D.2.2.NmC1,394,4,1.1022765057288504,0.3973093469205612,9.205381306158877,0.3734392269366608,*,*,
