,num_seq,t_ch_MAX,max_CL,CL@BC_t_ch_MAX,aic,PV,PV_OK,t_ch_MAX_OK,phyl_OK
B.D.4.1.1,260,26,15.876048704284527,,,,*,*,*
B.D.2,1269,26,10.929370847086219,10.929370847086219,36.14125830582756,0.00711891466406466,*,*,
B.D.E.2,853,15,1.2009233029007371,-1.4511387711830621,60.90227754236612,2.991218244196846e-08,,,
B.D.4.1,218,31,0.12378656732857868,-2.1460309335865566,62.29206186717311,1.492840594025608e-08,,,
