,num_seq,t_ch_MAX,max_CL,CL@BC_t_ch_MAX,aic,PV,PV_OK,t_ch_MAX_OK,phyl_OK
B.D.4.1,218,27,2.2654707148493687,,,,*,*,*
B.D.4.NmC1,1212,30,2.213422104947448,-5.496041470729246,26.99208294145849,0.0004264565806856542,*,,
B.D.1.1,115,30,2.154304173590048,-30.485976906786235,76.97195381357247,5.9821282237671354e-15,,,
B.D.NmC1,1726,30,0.9832946638407384,-5.846263137014745,27.69252627402949,0.0003005188731913479,*,,
