,num_seq,t_ch_MAX,max_CL,CL@BC_t_ch_MAX,aic,PV,PV_OK,t_ch_MAX_OK,phyl_OK
BA.1.1,312160,14,17.4169756348811,,,,*,*,*
BA.1.1.13,3798,14,4.874241360275263,4.874241360275263,20.251517279449473,3.5805290111166955e-06,,*,
BA.1.1.9,160,8,0.8094837102075647,-14.041441337184523,58.082882674369046,2.1840726061770725e-14,,,
BA.1.1.6,51,8,0.8094837102075647,-14.041441337184523,58.082882674369046,2.1840726061770725e-14,,,
BA.1.1.16,501,8,0.8014876995488722,-14.055435355839236,58.11087071167847,2.1515560013050108e-14,,,
BA.1.1.2,3245,8,0.7962029612841148,-21.38528205539264,72.77056411078527,1.410503285677347e-17,,,
BA.1.1.14,6763,8,0.7956983599385465,-14.067528910957627,58.135057821915254,2.1195235056101876e-14,,,
BA.1.1.15,6167,8,0.7950203877601203,-6.265646907775983,42.53129381555196,5.1988425950305175e-11,,,
BA.1.1.10,588,8,0.7907136675071704,-0.318980486935013,30.637960973870026,1.9851227359735584e-08,,,
