,num_seq,t_ch_MAX,max_CL,CL@BC_t_ch_MAX,aic,PV,PV_OK,t_ch_MAX_OK,phyl_OK
B.D.4.NmC1,0,19,3.7166978132003283,,,,*,*,*
B.D.1,334,12,1.3058943446637248,-1.6702647394130257,45.34052947882605,0.004584840322240491,*,,
