,num_seq,t_ch_MAX,max_CL,CL@BC_t_ch_MAX,aic,PV,PV_OK,t_ch_MAX_OK,phyl_OK
B.D.NmC1,1726,50,33.711911950029794,,,,*,*,*
B.D.3,433,39,20.10693023932762,-6.712133317624582,149.42426663524915,2.7913676528871176e-18,,,
B.D.E.3.NmC1,1318,28,12.316298037864954,-20.551920059942667,177.10384011988532,2.7238388626504257e-24,,,
B.D,150,34,11.405478871204913,-8.204256797480584,152.40851359496116,6.259603014498825e-19,,,
B.D.E.3,125,8,2.3986197395025477,-71.3268514401587,278.6537028803174,2.4203551309440603e-46,,,
