,num_seq,t_ch_MAX,max_CL,CL@BC_t_ch_MAX,aic,PV,PV_OK,t_ch_MAX_OK,phyl_OK
B.D.E.3.NmC1,0,61,38.43841495865529,,,,*,*,*
B.D.E.3,125,42,33.69777817670783,15.399967152844635,97.20006569431072,9.859505575991481e-11,,,
B.D.NmC1,0,45,8.457381367370509,-35.668266797354,199.336533594708,6.522828290739878e-33,,,
