,num_seq,t_ch_MAX,max_CL,CL@BC_t_ch_MAX,aic,PV,PV_OK,t_ch_MAX_OK,phyl_OK
B.D.2,1269,22,10.251090574542822,,,,*,*,*
B.D.4.1,218,24,7.261039612823502,6.954929537090485,62.09014092581903,0.03706804504719944,*,,
B.D.4.1.1,260,25,5.251445959446285,3.0546278591098126,69.89074428178037,0.0007503280853145,*,,
B.D.4,1413,21,4.000413582116343,3.5412382192340957,68.91752356153181,0.0012186641246017512,*,*,
B.D.E.2,853,10,3.8012786267491077,2.1284584492786776,71.74308310144265,0.0002975286604415819,*,,
B.D.4.NmC1,0,7,1.3100174017525827,-45.89358012990472,167.78716025980944,4.13557892553545e-25,,,
