,num_seq,t_ch_MAX,max_CL,CL@BC_t_ch_MAX,aic,PV,PV_OK,t_ch_MAX_OK,phyl_OK
B.D.4.1.1,260,5,2.5549108612272473,,,,*,*,*
B.D.1,334,8,2.4936620194874903,0.8208130351124032,10.358373929775194,0.17640020028634001,*,,
