,num_seq,t_ch_MAX,max_CL,CL@BC_t_ch_MAX,aic,PV,PV_OK,t_ch_MAX_OK,phyl_OK
A.D.4.NmC1,0,12,36.0375064396654,,,,*,*,*
A.D.4.NmC3,0,1,33.03280172901168,21.52330971307401,60.95338057385198,4.968389041065229e-07,,,
A.3.1,1992,39,12.044145337349375,-165.83480679168065,435.6696135833613,2.1222740597452405e-88,,,
A.3.1.1,731,37,9.525977056139947,-79.08673312659823,262.17346625319647,1.0042637135743033e-50,,,
A.3.1.NmC1,0,47,8.820346635589422,-258.6866759415035,621.373351883007,1.0059092946390809e-128,,,
