,num_seq,t_ch_MAX,max_CL,CL@BC_t_ch_MAX,aic,PV,PV_OK,t_ch_MAX_OK,phyl_OK
A.1,836,115,10.207677034316434,,,,*,*,*
A.1.NmC1,0,6,1.6168400824431872,-19.604530622957984,917.209061245916,1.5274599752264965e-13,,,
