,num_seq,t_ch_MAX,max_CL,CL@BC_t_ch_MAX,aic,PV,PV_OK,t_ch_MAX_OK,phyl_OK
A.1,836,139,15.40568035683145,,,,*,*,*
A.1.NmC1,0,22,2.201438446711789,-99.38018944678174,2300.7603788935635,3.0216970987166104e-39,,,
