,num_seq,t_ch_MAX,max_CL,CL@BC_t_ch_MAX,aic,PV,PV_OK,t_ch_MAX_OK,phyl_OK
B.D,150,6,33.719322932318555,,,,*,*,*
B.D.NmC1,0,2,29.71609444385326,28.54583641526204,42.90832716947592,0.005656216913953124,*,,
B.D.3,433,2,21.53776368894648,21.028888038315312,57.942223923369376,3.081789879689469e-06,,,
B.D.4,1413,37,5.897088676813106,-162.95633722206574,425.9126744441315,3.847093766834939e-86,,,
B.D.1,334,31,3.9705090239453433,-58.708140042094506,217.416280084189,7.213749175561056e-41,,,
B.D.4.NmC1,0,35,2.706112688819048,-232.83639441677093,565.6727888335419,1.7243855554833713e-116,,,
