,num_seq,t_ch_MAX,max_CL,CL@BC_t_ch_MAX,aic,PV,PV_OK,t_ch_MAX_OK,phyl_OK
B.D.2,1269,14,11.779389997014558,,,,*,*,*
B.D.4.1,218,23,9.775472342001772,4.087525217585986,41.82494956482803,0.00045737817173506273,*,,
B.D.E.2,853,7,2.3429668739882272,-2.463360374792955,54.92672074958591,6.508413021208107e-07,,,
B.D.4.1.1,260,14,1.885236277762953,1.885236277762953,46.229527444474094,5.0426183696595805e-05,*,*,
B.D.4,1413,6,1.61142219489088,-4.488134050312743,58.97626810062549,8.590704477229779e-08,,,
B.D.4.NmC1,0,6,0.6364680968000334,-31.494468816133402,112.98893763226681,1.60659457312209e-19,,,
