,num_seq,t_ch_MAX,max_CL,CL@BC_t_ch_MAX,aic,PV,PV_OK,t_ch_MAX_OK,phyl_OK
A.D,2353,7,10.813962481943264,,,,*,*,*
A.D.4.NmC3,0,1,8.194202525636161,6.127686004336393,39.744627991327214,0.00923273461223161,*,,
A.D.NmC2,0,15,5.371208602316964,-0.8376307400454837,53.67526148009097,8.675565907196943e-06,,,
A.D.3,128,16,5.126161364854343,-2.001376807569727,56.002753615139454,2.7196700232425045e-06,,,
A.D.NmC1,0,17,4.237466715547738,-6.867224512793984,65.73444902558796,2.097362795671802e-08,,,
A.D.3.6,757,18,3.8705053271395284,0.0704350693747452,51.85912986125051,2.1552903873114457e-05,*,,
A.D.3.NmC2,0,20,3.419561237326144,-23.77085357008149,99.54170714016297,9.548284338213636e-16,,,
A.D.3.NmC1,0,18,2.669066951126678,-15.955006964160352,83.91001392832071,2.3655749871588393e-12,,,
A.3.1.1,731,15,1.223002682474576,-13.280019144564273,78.56003828912854,3.433005178543477e-11,,,
