,num_seq,t_ch_MAX,max_CL,CL@BC_t_ch_MAX,aic,PV,PV_OK,t_ch_MAX_OK,phyl_OK
A.3,202,9,9.650501107435872,,,,*,*,*
A.3.1,1992,5,7.967304318129612,3.6172370618682246,26.765525876263553,0.0023934965273492677,*,,
A.D.2.2.NmC1,0,16,2.059218251484794,-3.3198427043764225,40.63968540875285,2.32916668565209e-06,,,
A.D.4,176,18,1.9412046396222533,-34.68915238108282,103.37830476216564,5.538379006730372e-20,,,
A.D.5,115,18,1.8803603905320383,-42.573652277839464,119.14730455567893,2.0843501726177972e-23,,,
