,num_seq,t_ch_MAX,max_CL,CL@BC_t_ch_MAX,aic,PV,PV_OK,t_ch_MAX_OK,phyl_OK
A.3.1,1992,8,3.6770176621995985,,,,*,*,*
A.3.1.1,731,6,1.2364260177661859,-10.55241796778159,53.10483593556318,6.639891685684082e-07,,,
A.D.NmC2,0,3,0.8214938606728845,-12.359671220052508,56.71934244010502,1.0866457422840816e-07,,,
A.3.1.NmC2,0,3,0.7842629544639835,-17.190819194487677,66.38163838897535,8.678519329311834e-10,,,
A.D.NmC1,0,3,0.7617583771145795,-22.377274015904547,76.7545480318091,4.859915815887585e-12,,,
A.D,2353,3,0.5810256149247326,-14.016214970563158,60.03242994112632,2.0764936871665546e-08,,,
A.D.2.2.NmC1,0,3,0.5702215295355886,-11.228817606959526,54.45763521391905,3.3638819554345557e-07,,,
A.D.3.6,757,3,0.5207514923468091,-11.525530477379068,55.051060954758135,2.504516372327622e-07,,,
