,num_seq,t_ch_MAX,max_CL,CL@BC_t_ch_MAX,aic,PV,PV_OK,t_ch_MAX_OK,phyl_OK
A.D.4.NmC1,2189,12,37.48441575887842,,,,*,*,*
A.D.4.NmC3,1653,1,30.03625267999128,19.631424009163226,70.73715198167355,1.7606459239268315e-08,,,
A.3.1,1992,41,12.044145337349375,-169.48196217713607,448.96392435427214,1.3069005865934187e-90,,,
A.3.1.1,731,39,9.525977056139947,-65.368784848726,240.737569697452,2.1411202743197482e-45,,,
A.3.1.NmC1,266,49,8.820346635589422,-278.68667594150355,667.3733518830071,4.8878025840650763e-138,,,
