,num_seq,t_ch_MAX,max_CL,CL@BC_t_ch_MAX,aic,PV,PV_OK,t_ch_MAX_OK,phyl_OK
B.D.4.1.1.NmC1,0,8,33.91912049649723,,,,*,*,*
B.D.4.1.3.NmC1,0,49,11.769610934417766,-42.592980181852944,205.18596036370587,5.448324165405764e-33,,,
