,num_seq,t_ch_MAX,max_CL,CL@BC_t_ch_MAX,aic,PV,PV_OK,t_ch_MAX_OK,phyl_OK
A.3.1.NmC1,0,6,15.646204678592511,,,,*,*,*
A.3.1.1,731,1,12.307367999406683,11.234945058350304,11.530109883299392,0.012155178329914935,*,,
A.D.4.NmC1,0,5,8.552363178851111,8.28269765186066,17.43460469627868,0.0006361984595385057,*,*,
A.3.1,1992,9,7.987320452417186,7.6565393024288,18.6869213951424,0.0003388340833634261,*,,
A.D.4.NmC3,0,1,3.4950299408693146,2.126261253931075,29.74747749213785,1.3438122776315214e-06,,,
