,num_seq,t_ch_MAX,max_CL,CL@BC_t_ch_MAX,aic,PV,PV_OK,t_ch_MAX_OK,phyl_OK
B.D.NmC1,0,21,16.74022267981724,,,,*,*,*
B.D.3,433,21,14.227968879834595,14.227968879834595,21.54406224033081,0.0812682392408917,*,*,
B.D,150,21,13.625307701166868,13.625307701166868,22.749384597666264,0.04437850714748865,*,*,
B.D.E.3.NmC1,0,21,6.53889177346462,6.53889177346462,36.92221645307076,3.7170318684126666e-05,*,*,
