,num_seq,t_ch_MAX,max_CL,CL@BC_t_ch_MAX,aic,PV,PV_OK,t_ch_MAX_OK,phyl_OK
A.D.4.NmC2,0,28,21.92883151600117,,,,*,*,*
A.D.4.NmC1,0,45,19.783654366521816,17.361513782016374,103.27697243596725,8135389386361824.0,*,,
A.D.4,176,18,14.413374454047393,-65.97194733330943,269.94389466661886,5.255562044663896e-21,,,
A.D.3.NmC1,0,21,12.742924361846885,-56.4155379459045,250.831075891809,7.418275226490826e-17,,,
A.D.4.NmC3,0,34,11.092089542033488,-18.0772854573714,174.1545709147428,3.320116922736557,*,,
A.D.2.2.1,40,25,2.567855240780542,-57.92564488810052,253.85128977620104,1.6387710167807046e-17,,,
A.3,202,3,0.7578016875640681,-92.12390822295794,322.2478164459159,2.299571901456929e-32,,,
