,num_seq,t_ch_MAX,max_CL,CL@BC_t_ch_MAX,aic,PV,PV_OK,t_ch_MAX_OK,phyl_OK
A.1.NmC2,0,19,4.30712788352133,,,,*,*,*
B.1.NmC7,0,19,2.5353332454438133,2.5353332454438133,78.92933350911237,0.1703329888254089,*,*,
A.1.NmC3,0,18,0.7829803155528423,-9.217019684447157,102.43403936889432,1.3438122776315165e-06,,*,
