,num_seq,t_ch_MAX,max_CL,CL@BC_t_ch_MAX,aic,PV,PV_OK,t_ch_MAX_OK,phyl_OK
A.1.NmC1,377,1423,176.52408032805133,,,,*,*,*
A.1.NmC2,195,1430,129.6723571605607,80.73227910754146,2782.535441784917,2.6929801444503594e-37,,,
