,num_seq,t_ch_MAX,max_CL,CL@BC_t_ch_MAX,aic,PV,PV_OK,t_ch_MAX_OK,phyl_OK
B.D.E.3.NmC1,0,67,39.83122002455365,,,,*,*,*
B.D.E.3,125,32,26.85383455161824,16.332893953027597,101.33421209394481,6.255343277662054e-11,,,
