,num_seq,t_ch_MAX,max_CL,CL@BC_t_ch_MAX,aic,PV,PV_OK,t_ch_MAX_OK,phyl_OK
A.D.4.NmC1,0,13,36.941108014407554,,,,*,*,*
A.D.4.NmC3,0,1,14.26070284306147,1.7036414603360264,106.59271707932794,4.984641514077788e-16,,,
A.3.1.1,731,43,9.787314874089496,-98.04768556201466,306.0953711240293,2.369124521399743e-59,,,
A.3.1,1992,48,9.451212420921678,-189.8837232624291,489.7674465248582,3.0985188482034188e-99,,,
A.3.1.NmC1,0,50,8.820346635589422,-283.92538077857176,677.8507615571435,4.467875514136967e-140,,,
