,num_seq,t_ch_MAX,max_CL,CL@BC_t_ch_MAX,aic,PV,PV_OK,t_ch_MAX_OK,phyl_OK
A.3.1.1,731,3,1.2225375095219326,,,,*,*,*
A.D,2353,4,1.1724851330076103,0.9311252529969365,8.137749494006126,1.349858807576003,*,*,
A.D.2.2.NmC1,0,4,1.0423578859302045,0.8011595117498413,8.397680976500318,1.1853048513203654,*,*,
A.D.3.6,757,3,0.9917178466975074,0.2673621522213478,9.465275695557304,0.6941966508779787,*,*,
