,num_seq,t_ch_MAX,max_CL,CL@BC_t_ch_MAX,aic,PV,PV_OK,t_ch_MAX_OK,phyl_OK
B.D.E.2,853,20,16.808069082925293,,,,*,*,*
B.D.2,1269,10,3.8910633770876353,-31.558544697729392,115.11708939545878,9.84409758740455e-22,,,
B.D.4,1413,8,2.338018855388488,-19.933998394009603,91.86799678801921,1.1011570470103202e-16,,,
B.D.4.1,218,9,0.25682885755624096,-36.80299155030158,125.60598310060315,5.191601542038477e-24,,,
