,num_seq,t_ch_MAX,max_CL,CL@BC_t_ch_MAX,aic,PV,PV_OK,t_ch_MAX_OK,phyl_OK
B.D,150,6,33.031412977566866,,,,*,*,*
B.D.NmC1,0,2,32.05888830880718,30.88863028021595,54.2227394395681,0.11765484302177913,*,,
B.D.3,433,2,12.629590557897785,12.120714907266624,91.75857018546675,8.296642624861953e-10,,,
B.D.4.NmC1,0,34,12.181508645548258,-213.36099846004174,542.7219969200835,9.866942648050483e-108,,,
B.D.1.1,115,49,5.114487321656981,-268.5582405933812,653.1164811867624,1.0498498796855502e-131,,,
B.D.4.1,218,52,0.3017632896672511,-198.60363985504725,513.2072797100946,2.524629684577767e-101,,,
