,num_seq,t_ch_MAX,max_CL,CL@BC_t_ch_MAX,aic,PV,PV_OK,t_ch_MAX_OK,phyl_OK
B.D.4.NmC1,0,14,5.60760462632412,,,,*,*,*
B.D.1.1,115,16,4.144110058084251,-47.0532913098841,158.1065826197682,3.2604722468004044e-22,,,
B.D.4.1,218,19,2.1129328952753195,-9.069488212499836,82.13897642499967,1.0231902731875191e-05,*,,
