,num_seq,t_ch_MAX,max_CL,CL@BC_t_ch_MAX,aic,PV,PV_OK,t_ch_MAX_OK,phyl_OK
A.D.3,128,40,5.958333296454919,,,,*,*,*
A.D.NmC2,637,41,5.50341487469429,5.124261218932666,21.751477562134667,0.4338744814329905,*,*,
A.D.4.NmC3,1653,40,4.8313861149434505,4.83138611494345,22.337227770113103,0.32303325642225267,*,*,
A.D,2353,40,4.782717331233533,4.782717331233532,22.434565337532938,0.30881897968801963,*,*,
A.D.NmC1,515,44,3.9251365659745447,-2.088316075139668,36.17663215027934,0.00031910192248120326,*,,
A.D.3.6,757,42,3.922518701190529,2.604066635736211,26.791866728527577,0.034909370154755745,*,,
A.D.3.NmC2,401,42,3.7827289150326147,2.2420888433712567,27.515822313257488,0.024233967845691103,*,,
A.D.3.NmC1,397,42,3.095773774619089,1.5517004609370912,28.896599078125817,0.012155178329914935,*,,
A.D.4.NmC1,2189,40,0.887906284042982,0.8879062840429829,30.224187431914036,0.006282420140801118,*,*,
