,num_seq,t_ch_MAX,max_CL,CL@BC_t_ch_MAX,aic,PV,PV_OK,t_ch_MAX_OK,phyl_OK
B.D.1,334,6,8.442079333250096,,,,*,*,*
B.D.NmC1,0,1,6.3245870281440215,5.7673054986675,22.465389002665,0.06890682839466264,*,,
B.D.3,433,1,4.090869583739822,4.089602934035748,25.820794131928505,0.012906812580479873,*,,
