,num_seq,t_ch_MAX,max_CL,CL@BC_t_ch_MAX,aic,PV,PV_OK,t_ch_MAX_OK,phyl_OK
B.D.4.1.1,260,5,2.3661032287341244,,,,*,*,*
B.D.1,334,3,0.8295937781236818,-0.4668005416548966,14.933601083309792,0.05901285366944784,*,,
