,num_seq,t_ch_MAX,max_CL,CL@BC_t_ch_MAX,aic,PV,PV_OK,t_ch_MAX_OK,phyl_OK
B.D.4.1.1,260,13,5.145691630770837,,,,*,*,*
B.D.4.NmC1,0,21,2.434469992445546,-0.33773805362462106,50.67547610724924,1745.8555482221823,*,,
B.D.E.2,853,13,0.07212818883707728,-23.824353714078768,97.64870742815754,1.1030682896016135e-07,,*,
