,num_seq,t_ch_MAX,max_CL,CL@BC_t_ch_MAX,aic,PV,PV_OK,t_ch_MAX_OK,phyl_OK
A.D.NmC1,515,3,1.740059183772947,,,,*,*,*
A.3.1.NmC2,67,3,1.2069083744030253,1.2069083744030253,3.5861832511939493,0.5856692901447939,*,*,
A.D.2.2.NmC1,394,4,0.8504668781200994,0.31841190192683766,5.363176196146325,0.24171401689703642,*,*,
A.D.NmC2,637,3,0.7238349128913918,0.7238349128913918,4.552330174217216,0.3624024298324904,*,*,
A.3.1.1,731,4,0.18839859753353583,-0.6646992378482076,7.329398475696415,0.09026549560978427,*,*,
