,num_seq,t_ch_MAX,max_CL,CL@BC_t_ch_MAX,aic,PV,PV_OK,t_ch_MAX_OK,phyl_OK
B.D.2,1269,20,13.586268336710145,,,,*,*,*
B.D.4.1.1,260,23,6.769570245969581,4.572752145633109,56.85449570873378,0.0001221818560190343,*,,
B.D.4.1,218,22,4.727773906338865,4.421663830605848,57.156672338788304,0.00010463839590781883,*,,
B.D.4,1413,7,2.038944827132859,-4.633184237271977,75.26636847454395,1.2222345037719687e-08,,,
B.D.E.2,853,6,1.0018680099023716,-6.000660938989418,78.00132187797884,3.1213507378923746e-09,,,
