,num_seq,t_ch_MAX,max_CL,CL@BC_t_ch_MAX,aic,PV,PV_OK,t_ch_MAX_OK,phyl_OK
A.D.4.NmC3,1653,13,14.308207348221307,,,,*,*,*
A.D.3.NmC2,401,13,5.722771051575658,5.722771051575658,16.55445789684868,0.0001868881964234053,*,*,
A.D.2.2.1,40,13,3.486035621174355,3.486035621174355,21.02792875765129,1.989583787737175e-05,*,*,
A.D.4.NmC1,2189,3,0.4176897835902693,-1.7330509542280397,31.46610190845608,1.0758334364925984e-07,,,
