,num_seq,t_ch_MAX,max_CL,CL@BC_t_ch_MAX,aic,PV,PV_OK,t_ch_MAX_OK,phyl_OK
B.D,150,46,29.441487845483415,,,,*,*,*
B.D.NmC1,1726,49,27.929155002235767,26.94586033839503,66.10827932320994,0.08249645139174491,*,,
B.D.E.3.NmC1,1318,28,15.643211198831798,-3.179915006434168,126.35983001286834,6.812617413913288e-15,,,
B.D.3,433,41,15.38553868224102,12.118197582483988,95.76360483503203,3.00621178804089e-08,,,
B.D.E.3,125,28,10.93421514574499,-32.856600655149556,185.7132013102991,8.823182246181968e-28,,,
