,num_seq,t_ch_MAX,max_CL,CL@BC_t_ch_MAX,aic,PV,PV_OK,t_ch_MAX_OK,phyl_OK
A.D.4.NmC3,0,57,41.323143632660305,,,,*,*,*
A.D.4.NmC1,0,62,22.68544169287921,18.663625940036955,162.6727481199261,1.441740306321324e-10,,,
A.D.2.2.1,40,22,11.048686023329589,0.0594517081126557,199.88109658377468,1.1990525147690946e-18,,,
A.2.1.1,31,3,3.827176228359737,-300.0441515328947,800.0883030657894,5.5576694466266244e-149,,,
A.D.3.NmC2,0,9,1.5922885143007912,-28.09615162091208,256.19230324182416,7.100306007848061e-31,,,
