,num_seq,t_ch_MAX,max_CL,CL@BC_t_ch_MAX,aic,PV,PV_OK,t_ch_MAX_OK,phyl_OK
A.1.NmC2,0,905,75.00792634241103,,,,*,*,*
A.1.NmC1,0,363,26.29168729924059,-25.905293299221782,2509.8105865984435,1.2470972199968236e-39,,,
