,num_seq,t_ch_MAX,max_CL,CL@BC_t_ch_MAX,aic,PV,PV_OK,t_ch_MAX_OK,phyl_OK
A.D.4.NmC1,2189,51,37.59691940684082,,,,*,*,*
A.D.4.NmC2,848,27,14.42330963544079,-46.542019787873556,241.0840395757471,2.888243236877947e-37,,,
A.D.4,176,3,2.759157989901267,-157.423990820399,462.847981640798,2.0132149149960337e-85,,,
A.D.3.NmC1,397,3,1.8914405707962232,-120.29508978497947,388.59017956995893,2.686855139555235e-69,,,
