,num_seq,t_ch_MAX,max_CL,CL@BC_t_ch_MAX,aic,PV,PV_OK,t_ch_MAX_OK,phyl_OK
B.D.NmC1,1726,3,1.7415287898960354,,,,*,*,*
B.D,150,3,1.6917391849015657,1.6917391849015657,4.616521630196869,0.9512294245007138,*,*,
B.D.3,433,3,1.6871658861756917,1.6871658861756917,4.6256682276486165,0.9464851479534837,*,*,
