,num_seq,t_ch_MAX,max_CL,CL@BC_t_ch_MAX,aic,PV,PV_OK,t_ch_MAX_OK,phyl_OK
B.D.1,334,11,3.5335448522581485,,,,*,*,*
B.D.4.1.1,260,5,3.17596249527782,-17.72903603366617,65.45807206733234,5.817385476345502e-10,,,
