,num_seq,t_ch_MAX,max_CL,CL@BC_t_ch_MAX,aic,PV,PV_OK,t_ch_MAX_OK,phyl_OK
B.D.4.1.2,1305,266,11.905690945093944,,,,*,*,*
B.D.E.1,1124,273,3.5190074958586597,-254.98716504322107,1411.974330086442,2.8910071908761614e-107,,,
B.D.E.4,1372,273,3.332562178237074,-202.22924974666958,1306.458499493339,2.356430116950734e-84,,,
B.3,60,267,2.8755561982048357,-437.11880600758116,1776.2376120151623,2.295216780744776e-186,,*,
