,num_seq,t_ch_MAX,max_CL,CL@BC_t_ch_MAX,aic,PV,PV_OK,t_ch_MAX_OK,phyl_OK
A.D.4.NmC1,0,15,39.041786452037634,,,,*,*,*
A.D.4.NmC3,0,1,14.435184210799152,0.13873737215188398,117.72252525569623,2.7981166920593516e-17,,,
A.3.1,1992,49,9.823126201541942,-184.03935525389198,486.07871050778397,2.8741414984515166e-97,,,
A.3.1.NmC1,0,52,8.820346635589422,-292.28534099781973,702.5706819956395,2.8073848485717815e-144,,,
A.3.1.1,731,52,7.697791020941564,-81.59183253025596,281.1836650605119,8.95319031623388e-53,,,
A.D.4.NmC2,0,13,5.006861638801424,4.223812522809057,109.55237495438189,1.6632547823010736e-15,,,
