,num_seq,t_ch_MAX,max_CL,CL@BC_t_ch_MAX,aic,PV,PV_OK,t_ch_MAX_OK,phyl_OK
B.D.4.1,218,18,3.1968152302206745,,,,*,*,*
B.D.4.NmC1,0,21,2.213422104947448,-6.334716437949588,28.669432875899176,7.263962399245168e-05,*,,
B.D.1.1,115,21,2.154304173590048,-30.485976906786235,76.97195381357247,2.3602708866059995e-15,,,
B.D.NmC1,0,21,0.9832946638407384,-6.151681248792366,28.303362497584732,8.740133507166009e-05,*,,
