,num_seq,t_ch_MAX,max_CL,CL@BC_t_ch_MAX,aic,PV,PV_OK,t_ch_MAX_OK,phyl_OK
A.1.NmC3,63,14,1.040177796406954,,,,*,*,*
B.1.13.NmC2,242,18,0.9089304128395763,0.9089304128395763,88.18213917432085,27.522393984568385,*,,
B.1.2.NmC4,23,18,0.8716634226244759,0.8716634226244759,88.25667315475104,26.443225480562756,*,,
B.1.NmC9,44,18,0.8010458554105222,0.8010458554105222,88.39790828917896,24.655500016456205,*,,
A.1.NmC1,241,14,0.6205925717010109,-7.009146651271054,104.0182933025421,0.010001702004705513,*,*,
A.1.NmC2,82,14,0.5592421087419396,-34.451372464127346,158.9027449282547,1.2106910374451508e-14,,*,
B.1.NmC1,132,18,0.36441696209228924,0.36441696209228924,89.27116607581542,15.958634009794078,*,,
