,num_seq,t_ch_MAX,max_CL,CL@BC_t_ch_MAX,aic,PV,PV_OK,t_ch_MAX_OK,phyl_OK
A.D.4.NmC1,0,50,37.02662550008874,,,,*,*,*
A.D.4.NmC2,0,28,20.764027163078104,-39.94685435354542,235.89370870709084,8.269324209711196e-30,,,
A.D.3.NmC1,0,9,4.67599229104432,-131.9561792451919,419.9123584903838,9.078931500960692e-70,,,
