,num_seq,t_ch_MAX,max_CL,CL@BC_t_ch_MAX,aic,PV,PV_OK,t_ch_MAX_OK,phyl_OK
B.D.4.NmC1,1212,6,7.542672026781901,,,,*,*,*
B.D.1.1,115,18,3.429864716166559,-32.353566940602256,124.70713388120451,4.6951575726311964e-18,,,
B.D.NmC1,1726,17,2.1132235889427986,-4.134007125862317,68.26801425172464,8.46136542174425e-06,,,
B.D.4.1,218,19,0.3017632896672511,-15.516503080751837,91.03300616150368,9.66427428504741e-11,,,
B.D,150,17,0.19708025527554388,-11.262905630009655,82.52581126001931,6.775179337847407e-09,,,
