,num_seq,t_ch_MAX,max_CL,CL@BC_t_ch_MAX,aic,PV,PV_OK,t_ch_MAX_OK,phyl_OK
B.D.1.1,115,12,18.18559175358775,,,,*,*,*
B.D.4.NmC1,0,21,3.6471825692740865,-46.09428773881333,140.18857547762667,7.825460651018801e-28,,,
B.D.NmC1,0,16,3.173324124330684,-16.75715690059537,81.51431380119074,4.322251274666006e-15,,,
B.D.4.1,218,23,1.2142124690392513,-63.980384136981144,175.9607682739623,1.3370667937385543e-35,,,
