,num_seq,t_ch_MAX,max_CL,CL@BC_t_ch_MAX,aic,PV,PV_OK,t_ch_MAX_OK,phyl_OK
A.3.1.NmC1,0,52,6.402296331022156,,,,*,*,*
A.3.1.1,731,52,4.565597248386193,4.565597248386194,2.8688055032276125,0.15961350176811803,*,*,
A.3.1,1992,52,4.455976359595837,4.455976359595837,3.0880472808083255,0.1429872233380929,*,*,
A.D.4.NmC1,0,52,3.913280388873363,3.9132803888733636,4.173439222253273,0.083325554512083,*,*,
A.D.2.2.NmC1,0,54,0.25466599791973854,-2.2830172121912624,16.566034424382526,0.0001691034331131514,*,,
