,num_seq,t_ch_MAX,max_CL,CL@BC_t_ch_MAX,aic,PV,PV_OK,t_ch_MAX_OK,phyl_OK
A.D.4,176,7,5.296255584909599,,,,*,*,*
A.D.4.NmC2,848,8,5.285120422622835,4.669597593139822,6.660804813720356,0.5352614285189903,*,*,
A.D.4.NmC1,2189,7,4.743088340138521,4.743088340138521,6.513823319722958,0.5769498103804868,*,*,
A.D.3.NmC1,397,7,4.35790969011186,4.35790969011186,7.284180619776279,0.39258586553151836,*,*,
A.3,202,6,0.9325748134740782,-9.067425186525922,34.13485037305185,5.801379017667269e-07,,*,
