,num_seq,t_ch_MAX,max_CL,CL@BC_t_ch_MAX,aic,PV,PV_OK,t_ch_MAX_OK,phyl_OK
B.D.NmC1,0,3,2.51616529855953,,,,*,*,*
B.D.3,433,3,1.8510308406554077,1.8510308406554077,2.2979383186891846,0.514273527706632,*,*,
B.D,150,3,1.6754601688365494,1.6754601688365494,2.6490796623269013,0.43171052342907973,*,*,
