,num_seq,t_ch_MAX,max_CL,CL@BC_t_ch_MAX,aic,PV,PV_OK,t_ch_MAX_OK,phyl_OK
A.1,3213,17,7.185078604809715,,,,*,*,*
A.1.NmC4,0,110,2.794455869772463,-21.649122689114453,341.2982453782289,5.981110235990508e-13,,,
A.1.NmC13,0,134,0.9934411327612853,-30.582986690652714,359.16597338130543,7.87699574781992e-17,,,
A.1.NmC14,0,149,-9.147131232536683,-50.5765672395844,399.1531344791688,1.6398869800392108e-25,,,
