,num_seq,t_ch_MAX,max_CL,CL@BC_t_ch_MAX,aic,PV,PV_OK,t_ch_MAX_OK,phyl_OK
B.D.4.NmC1,0,7,14.223413257221528,,,,*,*,*
B.D.NmC1,0,1,9.622371912976988,6.70447103249348,28.59105793501304,0.0013005084182620226,*,,
