,num_seq,t_ch_MAX,max_CL,CL@BC_t_ch_MAX,aic,PV,PV_OK,t_ch_MAX_OK,phyl_OK
A.3.1.1,731,26,10.365256253269841,,,,*,*,*
A.3.1,1992,25,3.953554713456251,3.04057805894773,59.91884388210454,0.0006588596634060363,*,*,
A.D.2.1,76,7,3.7664572883912415,-20.894997760435295,107.78999552087059,2.6543274335782466e-14,,,
A.D.5.NmC1,0,7,2.445176750878021,-29.62374322068825,125.24748644137651,4.291050925390028e-18,,,
A.D.5,115,4,0.9848861119078991,-62.92351023844248,191.84702047688495,1.481008057437678e-32,,,
