,num_seq,t_ch_MAX,max_CL,CL@BC_t_ch_MAX,aic,PV,PV_OK,t_ch_MAX_OK,phyl_OK
B.D.4,1413,19,9.806195832360363,,,,*,*,*
B.D.2,1269,11,3.027737040371127,-30.968403685569374,111.93680737113874,1.9572328684358836e-18,,,
B.D.E.2,853,11,2.0946843343517547,-18.221529657751915,86.44305931550383,6.743682960028553e-13,,,
B.D.4.1,218,10,1.7303560706685932,-13.935107047219732,77.87021409443946,4.896085571686829e-11,,,
B.D.4.NmC1,1212,6,0.7805102544099514,-10.778524842038976,71.55704968407795,1.148280765155916e-09,,,
B.D.1,334,7,0.14875488685851446,-36.24969819796149,122.49939639592299,9.967072927705848e-21,,,
