,num_seq,t_ch_MAX,max_CL,CL@BC_t_ch_MAX,aic,PV,PV_OK,t_ch_MAX_OK,phyl_OK
A.D.1,1413,85,91.04307611919197,,,,*,*,*
A.D.2,2386,80,30.27246473789076,27.618638703305617,128.76272259338876,2.850181292991182e-28,,,
