,num_seq,t_ch_MAX,max_CL,CL@BC_t_ch_MAX,aic,PV,PV_OK,t_ch_MAX_OK,phyl_OK
B.D.2,1269,24,16.357537714183763,,,,*,*,*
B.D.4.1,218,26,4.021520044386576,3.715409968653558,50.56918006269289,3.2236380725399115e-06,,,
B.D.E.2,853,10,3.913902444371217,1.3036452516457417,55.39270949670852,2.895320030794847e-07,,,
