,num_seq,t_ch_MAX,max_CL,CL@BC_t_ch_MAX,aic,PV,PV_OK,t_ch_MAX_OK,phyl_OK
A.D.4.NmC3,0,58,33.16766168426708,,,,*,*,*
A.D.3.NmC2,0,42,29.75723698795122,-6.164249162449822,202.32849832489964,8.260884580695421e-18,,,
A.D.2.2.1,40,14,13.815815271735085,-2.198701356998015,194.39740271399603,4.355160604910477e-16,,,
A.D.4.NmC2,0,45,7.122970357983547,2.3562890810443946,185.2874218379112,4.142051936628554e-14,,,
A.2.1.1,31,3,3.827176228359737,-371.0776522780748,932.1553045561496,2.731842710293235e-176,,,
