,num_seq,t_ch_MAX,max_CL,CL@BC_t_ch_MAX,aic,PV,PV_OK,t_ch_MAX_OK,phyl_OK
B.D.NmC1,1726,42,28.855000299495202,,,,*,*,*
B.D.3,433,40,18.84898856840544,-6.051157177476265,126.10231435495253,1.0739693826490231e-16,,,
B.D.E.3.NmC1,1318,31,11.700515339764124,-20.769059854094493,155.538119708189,4.346874751069191e-23,,,
B.D.E.3,125,8,7.141201377832067,-40.224548547892745,194.44909709578548,1.5451760974944706e-31,,,
B.D,150,40,5.507549045143663,-14.456667737094808,142.9133354741896,2.4029613195245012e-20,,,
