,num_seq,t_ch_MAX,max_CL,CL@BC_t_ch_MAX,aic,PV,PV_OK,t_ch_MAX_OK,phyl_OK
A.3.1.1,731,40,32.35065954143464,,,,*,*,*
A.D.5.NmC1,0,43,10.978647524014974,6.840515619949704,96.31896876010059,8.339648889703843e-12,,,
A.D.2.2.NmC1,0,40,1.5147163453882033,1.5147163453882033,106.9705673092236,4.0600338130509723e-14,,*,
A.3,202,3,0.1770559187318923,-177.85235080843714,465.7047016168743,5.143987492466119e-92,,,
