,num_seq,t_ch_MAX,max_CL,CL@BC_t_ch_MAX,aic,PV,PV_OK,t_ch_MAX_OK,phyl_OK
B.D.4,1413,10,4.333095203535038,,,,*,*,*
B.D.4.NmC1,1212,16,3.415755090288118,-0.09092187063712553,44.18184374127425,0.014625334709594196,*,,
B.D.2,1269,6,2.1840219592563397,-13.470944178012916,70.94188835602583,2.2607141161097154e-08,,,
B.D.E.2,853,6,1.515524799670247,-8.87611121733628,61.75222243467256,2.237838753599945e-06,,,
B.D.4.1,218,6,0.9230259503326234,-7.473681339887224,58.94736267977445,9.074883639402213e-06,,,
