,num_seq,t_ch_MAX,max_CL,CL@BC_t_ch_MAX,aic,PV,PV_OK,t_ch_MAX_OK,phyl_OK
B.1.17.NmC4,116,41,0.5685415287246365,,,,*,*,*
A.1.NmC3,63,41,0.2401089993609632,-0.34186396919681106,24.683727938393623,0.8780954309205622,*,*,
B.1.17,15,41,0.2078481371427417,-0.36393806441161813,24.727876128823237,0.8564151774836141,*,*,
B.1.17.NmC6,201,41,0.1978730541206637,-1.129673703021683,26.259347406043368,0.3985190410845142,*,*,
