,num_seq,t_ch_MAX,max_CL,CL@BC_t_ch_MAX,aic,PV,PV_OK,t_ch_MAX_OK,phyl_OK
A.D,2353,5,13.950377743864792,,,,*,*,*
A.D.4.NmC3,0,1,12.535215063720381,9.733246260749121,34.53350747850176,0.014772321767087523,*,,
A.D.3,128,22,5.668055938181753,-5.773629835024466,65.54725967004893,2.7135719695548834e-09,,,
A.D.NmC2,0,7,4.079796645803566,0.9886922728890595,52.02261545422188,2.352575200009771e-06,,,
A.D.4.NmC2,0,25,1.0460243605204742,-3.4563368361042306,60.91267367220846,2.7612424568280448e-08,,,
