,num_seq,t_ch_MAX,max_CL,CL@BC_t_ch_MAX,aic,PV,PV_OK,t_ch_MAX_OK,phyl_OK
A.D.1,1413,4,83.53077404795638,,,,*,*,*
A.D.2.2.1,40,4,54.75090416300157,54.750904163001564,96.49819167399687,3.169602573590866e-13,,*,
A.D.2,2386,6,49.552943422141766,47.06386145433905,111.8722770913219,1.4569737169648128e-16,,,
A.D.2.NmC1,464,43,23.344632516136485,18.056510198872402,169.8869796022552,3.6691781396098405e-29,,,
A.D.2.NmC2,132,58,6.3566836169033305,-25.163101018421457,256.3262020368429,6.228181920932884e-48,,,
A.D.4.1,103,59,3.883158937499829,-49.89098554216929,305.7819710843386,1.1387548101614803e-58,,,
