,num_seq,t_ch_MAX,max_CL,CL@BC_t_ch_MAX,aic,PV,PV_OK,t_ch_MAX_OK,phyl_OK
A.3.1,1992,47,9.661105406847096,,,,*,*,*
A.D.4.NmC1,2189,47,7.6581211550006,7.658121155000602,14.683757689998796,0.1353352832366127,*,*,
A.3.1.1,731,47,6.447867192123955,6.447867192123955,17.10426561575209,0.04035661327203111,*,*,
A.3.1.NmC1,266,56,4.469920935703197,-11.566579717174967,53.133159434349935,6.054797481410691e-10,,,
