,num_seq,t_ch_MAX,max_CL,CL@BC_t_ch_MAX,aic,PV,PV_OK,t_ch_MAX_OK,phyl_OK
B.D.4.NmC1,1212,7,11.553156565937606,,,,*,*,*
B.D.NmC1,1726,1,5.395404570592286,5.229915445087083,43.54016910982583,0.0017909662505412715,*,,
B.D.1.1,115,22,4.7945852539663285,-67.94714715551608,189.89429431103216,2.9756968735933825e-35,,,
B.D.4.1,218,24,0.3017632896672511,-22.07733327243056,98.15466654486113,2.4812845627066925e-15,,,
B.D,150,23,0.035783217761530095,-21.69985389925787,97.39970779851575,3.6102477359629154e-15,,,
