,num_seq,t_ch_MAX,max_CL,CL@BC_t_ch_MAX,aic,PV,PV_OK,t_ch_MAX_OK,phyl_OK
A.D.4.NmC3,0,59,37.63521225761938,,,,*,*,*
A.D.2.2.1,40,25,23.490623552808827,-10.541426677271684,221.08285335454337,1.5285001383693036e-21,,,
A.D.3.NmC2,0,20,11.65930439849481,-51.267407450861384,302.53481490172277,3.1450148966906844e-39,,,
A.D.4.NmC1,0,25,7.814967467736253,-35.086468107364546,270.1729362147291,3.3458573739170366e-32,,,
A.2.1.1,31,3,3.827176228359737,-374.8116674059461,949.6233348118922,9.634175636359443e-180,,,
A.D.4.NmC2,0,54,2.6956705418889078,-27.317417113328574,254.63483422665715,7.924567125054617e-29,,,
