,num_seq,t_ch_MAX,max_CL,CL@BC_t_ch_MAX,aic,PV,PV_OK,t_ch_MAX_OK,phyl_OK
B.1.13.NmC3,0,45,11.862692702646589,,,,*,*,*
B.1.17.NmC4,0,44,11.758922960500733,11.268569716401993,79.46286056719602,0.5515625658678304,*,*,
B.1.20,87,33,5.259357669871849,-6.495397298106956,114.99079459621392,1.0625596314427333e-08,,,
