,num_seq,t_ch_MAX,max_CL,CL@BC_t_ch_MAX,aic,PV,PV_OK,t_ch_MAX_OK,phyl_OK
B.D.2,1269,24,14.6377982122288,,,,*,*,*
B.D.4.1.1,260,27,10.260161176621512,8.06334307628504,55.87331384742992,0.001394805918376,*,,
B.D.4.1,218,26,6.746117132026061,6.440007056293044,59.11998588741391,0.00027465356997214254,*,,
B.D.E.2,853,9,3.3640415883885235,-2.642210334625422,77.28442066925085,3.1288976184971305e-08,,,
B.D.4,1413,7,2.046597951543707,-4.878034825111083,81.75606965022217,3.3309776082100985e-09,,,
B.D.4.NmC1,0,7,1.3100174017525827,-45.924942771553454,163.8498855431069,4.976851742170188e-27,,,
