,num_seq,t_ch_MAX,max_CL,CL@BC_t_ch_MAX,aic,PV,PV_OK,t_ch_MAX_OK,phyl_OK
A.D.4.NmC3,0,57,38.485084285727304,,,,*,*,*
A.D.4.NmC1,0,62,29.738017806308058,25.716202053465803,148.5675958930684,2.844850614070257e-06,,,
A.D.2.2.1,40,30,28.07950461362739,15.385447781846564,169.22910443630687,9.285332670144995e-11,,,
A.D.3.NmC2,0,36,5.953206756057458,-29.637817877436277,259.27563575487255,2.592318864982477e-30,,,
A.D.4.NmC2,0,40,4.331585174449552,0.6491316571569812,198.70173668568603,3.702271613662744e-17,,,
A.2.1.1,31,3,3.827176228359737,-316.3123356929044,832.6246713858088,8.212763052775089e-155,,,
