,num_seq,t_ch_MAX,max_CL,CL@BC_t_ch_MAX,aic,PV,PV_OK,t_ch_MAX_OK,phyl_OK
B.D.E.3.NmC1,0,46,35.20737454855643,,,,*,*,*
B.D.E.3,125,38,13.923072163039667,-3.377846860345389,126.75569372069077,2.245541244270204e-17,,,
B.D.NmC1,0,36,8.387109451681745,-33.32060804845614,186.64121609691227,2.2312295245275576e-30,,,
B.D,150,26,8.230484753753043,-64.37069238428323,248.74138476856646,7.306351890018116e-44,,,
B.D.3,433,25,2.6938766925543685,-66.07913798081591,252.15827596163183,1.3214691257277428e-44,,,
