,num_seq,t_ch_MAX,max_CL,CL@BC_t_ch_MAX,aic,PV,PV_OK,t_ch_MAX_OK,phyl_OK
B.D.4.1,218,15,1.969513188916317,,,,*,*,*
B.D.2,1269,14,1.005615257669191,1.005615257669191,15.988769484661617,0.6941966508779787,*,*,
