,num_seq,t_ch_MAX,max_CL,CL@BC_t_ch_MAX,aic,PV,PV_OK,t_ch_MAX_OK,phyl_OK
B.D.4,1413,10,3.453483454819878,,,,*,*,*
B.D.4.NmC1,0,9,2.2808890392831453,-11.603210251926587,67.20642050385317,3.0207663514818037e-06,,*,
B.D.E.2,853,14,2.0420384786992174,2.0420384786992174,39.91592304260156,2.547213457739004,*,,
B.D.2,1269,7,1.4959229699170753,-12.273877572164691,68.54775514432939,1.545752053542194e-06,,,
