,num_seq,t_ch_MAX,max_CL,CL@BC_t_ch_MAX,aic,PV,PV_OK,t_ch_MAX_OK,phyl_OK
A.3.1,1992,4,0.8869794377817072,,,,*,*,*
A.D.NmC2,0,3,0.8214938606728845,-11.016969350681928,40.03393870136385,7.968613859894859e-06,,*,
A.3.1.NmC2,0,3,0.7842629544639835,-16.51380101742269,51.02760203484538,3.256590352676716e-08,,*,
A.D.NmC1,0,3,0.7617583771145795,-11.200372334491298,40.4007446689826,6.622749115322048e-06,,*,
A.3.1.1,731,4,0.6749714198001211,-9.325028580199879,36.650057160399754,4.318574906034135e-05,*,*,
A.D,2353,3,0.5810256149247326,-1.2366999197178465,20.473399839435693,0.1408584209210451,*,*,
A.D.2.2.NmC1,0,3,0.5702215295355886,-0.3235833771594464,18.647166754318892,0.3499377491111557,*,*,
A.D.3.6,757,3,0.5207514923468091,-10.30507275672878,38.61014551345756,1.62080909345575e-05,*,*,
