,num_seq,t_ch_MAX,max_CL,CL@BC_t_ch_MAX,aic,PV,PV_OK,t_ch_MAX_OK,phyl_OK
A.D.4.NmC3,0,13,13.440298700527244,,,,*,*,*
A.D.2.2.1,40,4,4.814059461839527,3.486035621174355,29.02792875765129,4.7489591369458006e-05,*,,
A.2.1.1,31,3,3.827176228359737,-59.4634331618094,154.9268663236188,2.176510651380121e-32,,,
