,num_seq,t_ch_MAX,max_CL,CL@BC_t_ch_MAX,aic,PV,PV_OK,t_ch_MAX_OK,phyl_OK
A.D.5.NmC1,0,29,10.258358866820641,,,,*,*,*
A.3.1,1992,4,2.460665805837286,-8.192740647841815,34.38548129568363,3.957770034104481e-08,,,
A.3,202,34,1.0199048528833075,-13.854284356277564,45.70856871255513,1.3783001023004606e-10,,,
A.2.1.1,31,34,0.027446403853784274,-16.857500214473507,51.715000428947015,6.827927015873164e-12,,,
