,num_seq,t_ch_MAX,max_CL,CL@BC_t_ch_MAX,aic,PV,PV_OK,t_ch_MAX_OK,phyl_OK
A.3.1.1,731,28,7.1878131541409065,,,,*,*,*
A.3.1,1992,24,7.0346877112825625,5.552366473846116,66.89526705230777,0.1939800422908911,*,,
A.D.5.NmC1,0,3,1.6637656969931354,-32.792128268259496,143.58425653651898,4.334176704156832e-18,,,
A.D.5,115,3,1.0727147973512097,-113.09688904190335,304.1937780838067,5.76618064854352e-53,,,
A.D.2.1,76,3,1.0564788407675632,-59.002471932588975,196.00494386517795,1.7949330026726667e-29,,,
