,num_seq,t_ch_MAX,max_CL,CL@BC_t_ch_MAX,aic,PV,PV_OK,t_ch_MAX_OK,phyl_OK
A.D.1,1413,82,82.4147784268226,,,,*,*,*
A.D.2,2386,77,44.341960527599795,41.68813449301466,226.62373101397068,2.0575823434637612e-18,,,
A.D.2.NmC1,464,77,31.621324980101846,24.092276286955485,261.815447426089,4.674921718269111e-26,,,
A.D.2.2.1,40,92,10.243804458573042,3.1599339177192793,303.6801321645614,3.8018137473400163e-35,,,
A.D.2.NmC2,132,28,1.7132798871431634,-29.751833777158502,369.503667554317,1.9380252779633096e-49,,,
