,num_seq,t_ch_MAX,max_CL,CL@BC_t_ch_MAX,aic,PV,PV_OK,t_ch_MAX_OK,phyl_OK
A.2.1.1,31,4,7.99851440553839,,,,*,*,*
A.D.2.2.1,40,3,3.5971798227009435,-6.4028201772990565,20.80564035459811,5.546103732049302e-07,,*,
A.D.4.NmC3,1653,3,2.877208598858807,0.3313468587763806,7.337306282447239,0.0004666178237030984,*,*,
