,num_seq,t_ch_MAX,max_CL,CL@BC_t_ch_MAX,aic,PV,PV_OK,t_ch_MAX_OK,phyl_OK
B.D.4.NmC1,1212,5,9.879521130266056,,,,*,*,*
B.D.1.1,115,16,4.7945852539663285,-53.20158863832221,150.4031772766444,4.0244272549288506e-28,,,
B.D.NmC1,1726,16,2.8278669926174844,-27.556432430470814,99.11286486094163,5.5231402306382337e-17,,,
B.D.4.1,218,18,0.3017632896672511,-31.73874558558617,107.47749117117235,8.407437803685403e-19,,,
B.D,150,17,0.035783217761530095,-21.20808330769337,86.41616661538674,3.1461871840130253e-14,,,
