,num_seq,t_ch_MAX,max_CL,CL@BC_t_ch_MAX,aic,PV,PV_OK,t_ch_MAX_OK,phyl_OK
B.D.2,1269,23,12.860791126919743,,,,*,*,*
B.D.4.1,218,25,4.387025603909358,4.08091552817634,65.83816894364732,0.00015377808519875867,*,,
B.D.4.1.1,260,26,2.315372943887245,0.11855484355077239,73.76289031289845,2.9314892136891256e-06,,,
B.D.E.2,853,7,1.776228327349823,-2.91567775230381,79.83135550460761,1.4093035567154879e-07,,,
B.D.4,1413,8,1.662957988278487,-12.672410008200389,99.34482001640077,8.174512777531838e-12,,,
B.D.1,334,5,0.8671469736247104,-36.86796682236258,147.73593364472515,2.5265937351898777e-22,,,
B.D.4.NmC1,1212,8,0.44773293295964434,-52.02612246559483,178.05224493118965,6.619154857887141e-29,,,
