,num_seq,t_ch_MAX,max_CL,CL@BC_t_ch_MAX,aic,PV,PV_OK,t_ch_MAX_OK,phyl_OK
B.D.E.3.NmC1,0,49,3.0855187086487446,,,,*,*,*
B.D.2,1269,49,1.5699612939230772,-0.08568614803027125,16.171372296060543,0.042003597903445516,*,*,
B.D.4,1413,50,0.6360857461904184,-0.20301730552680075,16.406034611053602,0.03725384939621581,*,*,
B.D.E.2,853,50,0.5338143427359188,0.1322828233739195,15.735434353252161,0.05207866057596569,*,*,
