,num_seq,t_ch_MAX,max_CL,CL@BC_t_ch_MAX,aic,PV,PV_OK,t_ch_MAX_OK,phyl_OK
B.D.2,1269,22,15.385369416182503,,,,*,*,*
B.D.4.1.1,260,25,9.361276986968724,7.164458886632252,55.67108222673549,0.00026921506490565735,*,,
B.D.4.1,218,24,4.299075862620633,3.9929657868876154,62.01406842622477,1.1308001335847248e-05,*,,
B.D.E.2,853,9,2.8503847986206483,-3.626055115698841,77.25211023139768,5.5470476815141944e-09,,,
B.D.4,1413,7,2.1848681953582054,-4.697803559577719,79.39560711915544,1.8931949222483705e-09,,,
B.D.4.NmC1,0,3,0.1984072801846949,-49.12772144540255,168.2554428908051,9.582779607580156e-29,,,
