,num_seq,t_ch_MAX,max_CL,CL@BC_t_ch_MAX,aic,PV,PV_OK,t_ch_MAX_OK,phyl_OK
A.1,836,238,5.985934954106785,,,,*,*,*
A.1.NmC1,0,191,-0.03610655683628394,-19.390667819150618,1054.7813356383012,2.1776925151918702e-09,,,
A.1.NmC2,0,163,-0.13932299187119668,-52.24246324006537,1120.4849264801308,1.1787530457731186e-23,,,
