,num_seq,t_ch_MAX,max_CL,CL@BC_t_ch_MAX,aic,PV,PV_OK,t_ch_MAX_OK,phyl_OK
B.1.17.NmC4,0,42,5.780481679427821,,,,*,*,*
B.1.17.NmC5,0,42,5.632310349977409,5.632310349977409,100.73537930004518,1.447734614663331,*,*,
B.1.17.NmC1,0,42,4.214427278415025,2.0796303588143323,107.84073928237133,0.04158565512117318,*,*,
B.1.NmC2,0,39,4.030767247152627,-13.754169052205542,139.50833810441108,5.519381665783503e-09,,,
B.1.17.NmC2,0,39,3.9541421037060593,-26.04585789629394,164.09171579258788,2.537530342461323e-14,,,
B.1.17.NmC6,0,42,3.7805140859229476,2.7190017163990543,106.56199656720189,0.07886639979067502,*,*,
B.1,452,42,3.3146389280910613,0.5123991771966689,110.97520164560666,0.008651695203120634,*,*,
