,num_seq,t_ch_MAX,max_CL,CL@BC_t_ch_MAX,aic,PV,PV_OK,t_ch_MAX_OK,phyl_OK
A.D.4.NmC3,1653,54,40.79743072173686,,,,*,*,*
A.D.2.2.1,40,71,12.336549471485178,-8.435816085925088,136.87163217185017,4.1656488336252384e-22,,,
A.D.4.NmC1,2189,59,4.267529908237286,0.2457141553950264,119.50857168920994,2.4510871820196057e-18,,,
