,num_seq,t_ch_MAX,max_CL,CL@BC_t_ch_MAX,aic,PV,PV_OK,t_ch_MAX_OK,phyl_OK
A.D.5.NmC1,425,58,6.668540312550391,,,,*,*,*
A.3.1.1,731,55,2.246583618585099,2.2465836185850994,35.5068327628298,0.024600217367638347,*,,
A.3,202,68,1.8315274911789072,-19.231112080046795,78.4622241600936,1.160018580815642e-11,,,
A.D.2.2.NmC1,394,58,1.1483495746445147,-1.7667273099116596,43.53345461982332,0.0004460854644386035,*,*,
A.2.1.1,31,69,0.027446403853784274,-47.758433468433644,135.5168669368673,4.721101928873297e-24,,,
