,num_seq,t_ch_MAX,max_CL,CL@BC_t_ch_MAX,aic,PV,PV_OK,t_ch_MAX_OK,phyl_OK
A.D.1,1413,84,90.9219298929681,,,,*,*,*
A.D.2,2386,68,19.063586888888082,15.313964396067222,153.37207120786556,1.4627351430952735e-33,,,
