,num_seq,t_ch_MAX,max_CL,CL@BC_t_ch_MAX,aic,PV,PV_OK,t_ch_MAX_OK,phyl_OK
A.1,995,123,3.3135387591889183,,,,*,*,*
A.1.NmC1,181,169,-10.0,-584.6862561534418,1541.3725123068837,3.218864081164023e-253,,,
A.1.NmC2,83,169,-10.000000000000004,-1272.79673621679,2917.59347243358,0.0,,,
