,num_seq,t_ch_MAX,max_CL,CL@BC_t_ch_MAX,aic,PV,PV_OK,t_ch_MAX_OK,phyl_OK
B.D.4.NmC1,1212,6,9.312493234520122,,,,*,*,*
B.D.1.1,115,20,3.429864716166559,-51.29544601328889,166.59089202657776,4.781706594103928e-27,,,
B.D.NmC1,1726,19,2.1132235889427986,-5.0132401446764545,74.0264802893529,6.008022448912833e-07,,,
B.D.4.1,218,21,0.3017632896672511,-24.539112720127275,113.07822544025456,1.9912775046662455e-15,,,
B.D,150,19,0.19708025527554388,-40.158823865537016,144.31764773107403,3.276815431949021e-22,,,
