,num_seq,t_ch_MAX,max_CL,CL@BC_t_ch_MAX,aic,PV,PV_OK,t_ch_MAX_OK,phyl_OK
B.1.13.NmC3,123,61,26.967360430274695,,,,*,*,*
B.1.NmC9,44,8,4.330228407146995,-48.65074096649529,221.30148193299058,1.4481806852405337e-33,,,
B.1.1,446,8,1.2669470567659338,-35.41993377898916,194.83986755797832,8.063781408117115e-28,,,
