,num_seq,t_ch_MAX,max_CL,CL@BC_t_ch_MAX,aic,PV,PV_OK,t_ch_MAX_OK,phyl_OK
A.D.4.NmC2,848,44,28.346881692161126,,,,*,*,*
A.D.4.NmC1,2189,27,18.621359549393752,-3.832824481988925,143.66564896397784,1.0578000235539318e-14,,,
A.D.3.NmC1,397,23,12.10259184195742,-25.96380388162015,187.9276077632403,2.590995673751633e-24,,,
A.D.4,176,13,6.723641958805017,-35.42964290198285,206.8592858039657,2.0084888107099516e-28,,,
A.D.4.NmC3,1653,40,6.119419759706416,-3.773575728569016,143.54715145713803,1.1232107239460936e-14,,,
A.D.3.NmC2,401,23,2.4140874721699888,-35.49572178311455,206.9914435662291,1.8820895150738765e-28,,,
A.3,202,6,0.4979378381618235,-99.39786383951275,334.7957276790255,3.3193374762445548e-56,,,
