,num_seq,t_ch_MAX,max_CL,CL@BC_t_ch_MAX,aic,PV,PV_OK,t_ch_MAX_OK,phyl_OK
A.D.1,1413,81,81.27117129021609,,,,*,*,*
A.D.2,2386,76,45.415412536354495,42.76158650176936,234.47682699646128,1.8850353629294632e-17,,,
A.D.2.NmC1,464,76,30.397713617607188,22.868664924460827,274.26267015107834,4.337128173220103e-26,,,
A.D.2.2.1,40,89,17.751883472616594,11.49377022068993,297.01245955862015,4.978546011357389e-31,,,
A.D.2.1,76,76,13.302592687845372,5.841222359691861,308.31755528061626,1.7424777051182007e-33,,,
A.D.2.NmC2,132,28,1.7132798871431634,-7.751364646936038,335.50272929387205,2.1832588082440057e-39,,,
