,num_seq,t_ch_MAX,max_CL,CL@BC_t_ch_MAX,aic,PV,PV_OK,t_ch_MAX_OK,phyl_OK
B.D.E.3.NmC1,1318,57,39.35357233894933,,,,*,*,*
B.D.E.3,125,46,22.138974625114976,12.886249579599173,116.22750084080165,3.1931922313978294e-12,,,
B.D.NmC1,1726,32,3.878687000591963,-40.57599726233362,223.15199452466726,1.9357178794122214e-35,,,
B.D,150,3,1.4637789660599148,-109.28742463334301,360.574849266686,2.7955560870381373e-65,,,
