,num_seq,t_ch_MAX,max_CL,CL@BC_t_ch_MAX,aic,PV,PV_OK,t_ch_MAX_OK,phyl_OK
B.D.2,1269,25,13.4250887035898,,,,*,*,*
B.D.4.1,218,27,6.1373814144242065,5.831271338691189,62.337457322617624,0.0005029599566898477,*,,
B.D.4.1.1,260,28,5.055027647020495,2.8582095466840234,68.28358090663195,2.5803510742587888e-05,*,,
B.D.E.2,853,10,4.1767114477583975,1.9723209708588196,70.05535805828237,1.0596360127650657e-05,*,,
B.D.4,1413,8,2.408624196991008,-8.06564672149061,90.13129344298122,4.645276653637122e-10,,,
B.D.4.NmC1,0,8,1.0782724614249302,-60.286298758412364,194.57259751682471,9.730916342598997e-33,,,
