,num_seq,t_ch_MAX,max_CL,CL@BC_t_ch_MAX,aic,PV,PV_OK,t_ch_MAX_OK,phyl_OK
A.3,202,32,11.6563518188547,,,,*,*,*
A.3.1.1,731,38,2.25520289449171,-9.952878787187265,73.90575757437453,8.111362341535072e-09,,,
A.D.2.2.NmC1,394,44,2.0372126088785163,-30.261232115379848,114.5224642307597,1.2323791641845449e-17,,,
A.D.4,176,44,1.9412046396222533,-49.07263420300906,152.14526840601812,8.30794609646949e-26,,,
A.D.5,115,44,1.8803603905320383,-43.32199634509582,140.64399269019162,2.6233631479532976e-23,,,
A.D.4.NmC1,2189,32,0.9860832183014998,-2.077922544810687,58.15584508962137,2.1338448896388775e-05,*,*,
