,num_seq,t_ch_MAX,max_CL,CL@BC_t_ch_MAX,aic,PV,PV_OK,t_ch_MAX_OK,phyl_OK
B.D.E.3.NmC1,0,57,36.72082069258208,,,,*,*,*
B.D.E.3,125,21,14.695571009414358,6.814738003798537,118.37052399240292,1.02901929606165e-13,,,
B.D.NmC1,0,30,5.202709168194939,-21.630494971150416,175.26098994230082,4.559497489784427e-26,,,
