,num_seq,t_ch_MAX,max_CL,CL@BC_t_ch_MAX,aic,PV,PV_OK,t_ch_MAX_OK,phyl_OK
A.D.4.NmC3,1653,55,30.5482602833553,,,,*,*,*
A.D.3.NmC2,401,39,25.752479672349143,2.039736656496813,181.92052668700637,4.1520666943566886e-13,,,
A.D.2.2.1,40,39,15.137434033460805,3.931151058286016,178.13769788342796,2.7484060238226737e-12,,,
A.D.4.NmC2,848,58,13.709888901091423,13.071224599406152,159.8575508011877,2.5617247034960527e-08,,,
A.2.1.1,31,3,3.827176228359737,-364.6654680147991,915.3309360295982,2.292484112634235e-172,,,
