,num_seq,t_ch_MAX,max_CL,CL@BC_t_ch_MAX,aic,PV,PV_OK,t_ch_MAX_OK,phyl_OK
B.D.E.3.NmC1,1318,41,28.499626622621207,,,,*,*,*
B.D.NmC1,1726,27,9.26377010087732,-5.7340217692031565,143.4680435384063,7.180445926631192e-16,,,
B.D.E.3,125,21,6.435980848145664,-21.111710400624187,174.22342080124838,1.5096412591346755e-22,,,
B.D,150,19,6.374205575839836,-41.6515226071865,215.30304521437301,1.8132809480064565e-31,,,
B.D.3,433,27,2.322696687973701,-53.496457457462334,238.99291491492465,1.3009091260540094e-36,,,
