,num_seq,t_ch_MAX,max_CL,CL@BC_t_ch_MAX,aic,PV,PV_OK,t_ch_MAX_OK,phyl_OK
B.D.2,1269,23,12.538283292718681,,,,*,*,*
B.D.E.2,853,10,5.723091224225362,-5.093865922045864,64.18773184409173,2.1938999166087423e-08,,,
B.D.4,1413,8,2.5146423910678055,-6.0239472113844155,66.04789442276883,8.656113522819258e-09,,,
B.D.4.NmC1,0,5,0.7876312582529597,-48.454876678811786,150.90975335762357,3.2374873213712905e-27,,,
