,num_seq,t_ch_MAX,max_CL,CL@BC_t_ch_MAX,aic,PV,PV_OK,t_ch_MAX_OK,phyl_OK
A.3,202,49,27.23622300154257,,,,*,*,*
A.D.4.NmC1,0,41,22.676661173075228,19.386191978894967,111.22761604221006,8.584858397177882,*,,
A.D.2.2.1,40,25,6.48585751967479,-19.052328234748963,188.1046564694979,1.7443142315624076e-16,,,
