,num_seq,t_ch_MAX,max_CL,CL@BC_t_ch_MAX,aic,PV,PV_OK,t_ch_MAX_OK,phyl_OK
B.D.2,1269,22,15.89231850482398,,,,*,*,*
B.D.4.1.1,260,25,6.2630805219330075,4.0662624215965355,63.86747515680693,7.319269719965149e-06,,,
B.D.4,1413,7,1.4935641032588611,-7.879621240525491,87.75924248105099,4.751384374914772e-11,,,
