,num_seq,t_ch_MAX,max_CL,CL@BC_t_ch_MAX,aic,PV,PV_OK,t_ch_MAX_OK,phyl_OK
A.D.3.NmC1,397,4,2.6349675385040925,,,,*,*,*
A.D.4.NmC2,848,3,2.3889618964149397,1.797322126203917,6.405355747592166,0.43171052342907973,*,*,
A.D.4,176,3,1.8186459217616266,-8.181354078238373,26.362708156476746,2.009579437231889e-05,*,*,
A.D.4.NmC1,2189,4,1.6814387645032305,1.6814387645032305,6.637122470993539,0.3848121445529787,*,*,
A.3,202,3,0.41503633824117453,-9.584963661758826,29.16992732351765,4.930845912219163e-06,,*,
