,num_seq,t_ch_MAX,max_CL,CL@BC_t_ch_MAX,aic,PV,PV_OK,t_ch_MAX_OK,phyl_OK
A.D.2.2.NmC1,0,10,6.2661587704795325,,,,*,*,*
A.D.NmC2,0,8,2.9166410377445624,-8.859548883506806,49.71909776701361,1.2098671473041613e-06,,,
A.D,2353,7,1.5713487645289872,-3.717840881511182,39.435681763022366,0.00020654339961875712,*,,
A.3.1.1,731,4,1.550382505063564,-17.897721734853793,67.79544346970758,1.4345495965447942e-10,,,
A.D.NmC1,0,7,1.3016216694090321,-21.93261969243586,75.86523938487173,2.537098527098176e-12,,,
A.D.3.6,757,9,0.8574697319410032,-2.9645346387483347,37.929069277496666,0.00043944411710184546,*,*,
A.3.1.NmC2,0,4,0.574762537501865,-46.34016527359808,124.68033054719616,6.388229387682134e-23,,,
