,num_seq,t_ch_MAX,max_CL,CL@BC_t_ch_MAX,aic,PV,PV_OK,t_ch_MAX_OK,phyl_OK
A.D.3,128,43,3.5406864559809925,,,,*,*,*
A.D.3.6,757,45,3.0410905300390936,-2.235177585338913,32.47035517067783,0.003362737179121682,*,,
A.D,2353,42,2.9239820235318277,2.9239820235318277,22.152035952936345,0.5856692901447937,*,*,
A.D.4.NmC3,1653,42,2.780602661768451,2.780602661768451,22.438794676463097,0.5066169923655889,*,*,
A.D.3.NmC1,397,47,1.7157611848094736,-6.8362236712945,41.672447342589,3.380168177690357e-05,*,,
A.D.NmC1,515,47,0.6048114944067526,-5.188375358051734,38.376750716103466,0.00017512684815765812,*,,
A.D.3.NmC2,401,47,0.3283142323040964,-9.626130649868031,47.25226129973606,2.0761403271059577e-06,,,
