,num_seq,t_ch_MAX,max_CL,CL@BC_t_ch_MAX,aic,PV,PV_OK,t_ch_MAX_OK,phyl_OK
A.D.4.NmC3,1653,56,33.36174405978599,,,,*,*,*
A.D.4.NmC1,2189,61,27.994913302930414,23.97309755008816,152.0538048998237,8.39742797046642e-05,*,,
A.D.2.2.1,40,47,25.916418808897014,13.267581011474013,173.46483797705199,1.88375257318135e-09,,,
A.D.3.NmC2,401,35,5.9409371661397445,-20.37190270784697,240.74380541569394,4.6276178472275874e-24,,,
A.2.1.1,31,3,3.827176228359737,-328.2580693750895,856.516138750179,8.921326917172951e-158,,,
