,num_seq,t_ch_MAX,max_CL,CL@BC_t_ch_MAX,aic,PV,PV_OK,t_ch_MAX_OK,phyl_OK
B.1.NmC3,0,61,23.983774376973848,,,,*,*,*
B.1.17.NmC1,0,48,13.720705594034417,-74.53526581572001,283.07053163144,1.6342091691550424e-43,,,
B.1.17.NmC5,0,44,11.187954802954334,-117.37320644434863,368.74641288869725,4.056318405828056e-62,,,
B.1.NmC5,0,45,10.757326999350976,-16.777328349096184,167.55465669819236,1.986812655244551e-18,,,
B.1.8,49,5,2.9210293658996385,-79.39360290843048,292.78720581686093,1.2665911840283865e-45,,,
B.1.NmC10,0,5,1.203176815064863,-58.918091088225914,251.8361821764518,9.881343069995764e-37,,,
B.1,452,5,0.6686299622474607,-33.34976070519807,200.69952141039613,1.2581310483740192e-25,,,
