,num_seq,t_ch_MAX,max_CL,CL@BC_t_ch_MAX,aic,PV,PV_OK,t_ch_MAX_OK,phyl_OK
A.D.4.NmC3,0,54,38.7361231351652,,,,*,*,*
A.D.4.NmC1,0,59,21.914952713084304,17.893136960242046,164.2137260795159,8.898217092106905e-10,,,
A.D.2.2.1,40,44,18.471700183865856,4.369071401354443,191.2618571972911,1.1897894930880012e-15,,,
A.D.3.NmC2,0,20,9.006051520383178,-12.363828841208695,224.7276576824174,6.420250520742592e-23,,,
A.D.4.NmC2,0,40,4.61451697242458,1.7926971869110198,196.41460562617797,9.06070182242718e-17,,,
A.2.1.1,31,3,3.827176228359737,-310.7431882281674,821.4863764563348,1.6701845596701913e-152,,,
