,num_seq,t_ch_MAX,max_CL,CL@BC_t_ch_MAX,aic,PV,PV_OK,t_ch_MAX_OK,phyl_OK
C.1.NmC1,0,58,1.8550263308928925,,,,*,*,*
B.1.NmC8,0,58,0.42790997525274665,0.42790997525274665,7.144180049494507,2.447335789462311,*,*,
B.1.17.NmC5,0,58,0.16449897106393818,0.16449897106393818,7.671002057872124,1.877610579264343,*,*,
