,num_seq,t_ch_MAX,max_CL,CL@BC_t_ch_MAX,aic,PV,PV_OK,t_ch_MAX_OK,phyl_OK
A.D.4.NmC1,0,6,31.21465173394662,,,,*,*,*
A.D.4.NmC3,0,6,16.861446701908047,16.861446701908044,60.27710659618391,5.830458551006622e-07,,*,
A.3.1,1992,28,12.044145337349375,-123.79231861025265,341.58463722050533,4.810429261039723e-68,,,
A.3.1.1,731,26,9.525977056139947,-50.573664845438536,195.1473296908771,3.013382939384625e-36,,,
A.3.1.NmC1,0,36,8.820346635589422,-208.6866759415035,511.373351883007,6.497612257245958e-105,,,
