,num_seq,t_ch_MAX,max_CL,CL@BC_t_ch_MAX,aic,PV,PV_OK,t_ch_MAX_OK,phyl_OK
B.D.E.3.NmC1,1318,61,34.66927616149945,,,,*,*,*
B.D.E.3,125,51,23.87984648954417,14.30314830150151,97.39370339699698,1.4308459416418582e-09,,,
B.D.NmC1,1726,49,0.9064757057922874,-22.02632886116338,170.05265772232676,2.3860214769011875e-25,,,
