,num_seq,t_ch_MAX,max_CL,CL@BC_t_ch_MAX,aic,PV,PV_OK,t_ch_MAX_OK,phyl_OK
A.3.1,1992,8,9.189303754845835,,,,*,*,*
A.D.4.NmC1,0,12,7.889734371533979,-1.8845690798743715,39.76913815974874,1.5494894118758837e-05,*,,
A.3.1.NmC1,0,12,7.707662416490559,-6.1623000283770475,48.32460005675409,2.1556572187495333e-07,,,
A.3.1.1,731,12,6.750290731897873,-2.9727136655322637,41.94542733106453,5.2096389709661814e-06,,,
