,num_seq,t_ch_MAX,max_CL,CL@BC_t_ch_MAX,aic,PV,PV_OK,t_ch_MAX_OK,phyl_OK
B.D.E.3.NmC1,0,53,25.1253219266774,,,,*,*,*
B.D.E.3,125,43,13.410236807421263,-6.341243835828136,148.68248767165628,7.58514175827061e-14,,,
B.D.NmC1,0,27,2.9987217973744547,-19.172818053408637,174.34563610681727,2.0220599456841156e-19,,,
