,num_seq,t_ch_MAX,max_CL,CL@BC_t_ch_MAX,aic,PV,PV_OK,t_ch_MAX_OK,phyl_OK
A.D.4.NmC3,0,55,34.3193073840642,,,,*,*,*
A.D.4.NmC1,0,60,31.27006381559149,27.248248062749237,143.50350387450152,0.0008502331091667255,*,,
A.D.2.2.1,40,44,24.99679724429483,13.822884854320927,170.35423029135814,1.2564192837069584e-09,,,
A.D.3.NmC2,0,12,4.80653121417183,-41.50304920559937,281.00609841119876,1.1738724487743108e-33,,,
A.2.1.1,31,3,3.827176228359737,-304.97498368587304,807.9499673717461,4.426431651161532e-148,,,
