,num_seq,t_ch_MAX,max_CL,CL@BC_t_ch_MAX,aic,PV,PV_OK,t_ch_MAX_OK,phyl_OK
B.D.4.1,218,21,6.984054343839057,,,,*,*,*
B.D.2,1269,22,4.593236469836225,-20.79657697254671,107.59315394509342,5.1188277869126334e-05,*,*,
B.D.E.3.NmC1,0,21,3.2578952878465763,-4.1665306271357405,74.33306125427148,854.0587625261516,*,*,
B.D.E.2,853,13,2.41651906487278,1.5975148703616706,62.80497025927666,272392.68527087127,*,,
B.D.4.NmC1,0,34,2.213422104947448,-45.568006377506606,157.1360127550132,8.902761307655211e-16,,,
B.D.1.1,115,34,2.154304173590048,-140.53586646265168,347.07173292530337,5.0903688861661224e-57,,,
B.D.NmC1,0,34,0.9832946638407384,-31.812276565703176,129.62455313140634,8.422030320945025e-10,,,
