,num_seq,t_ch_MAX,max_CL,CL@BC_t_ch_MAX,aic,PV,PV_OK,t_ch_MAX_OK,phyl_OK
B.D.4.1.1,260,13,5.145691630770837,,,,*,*,*
B.D.4.1,218,30,4.442127053341146,-3.1074714305277045,42.214942861055405,0.0004350715750787321,*,,
B.D.4.NmC1,1212,24,3.3525766906583585,-2.151688298544249,40.3033765970885,0.0011306077036215654,*,,
B.D.E.2,853,13,0.07212818883707728,-0.4539608457352234,36.90792169147045,0.006158019887168908,*,*,
