,num_seq,t_ch_MAX,max_CL,CL@BC_t_ch_MAX,aic,PV,PV_OK,t_ch_MAX_OK,phyl_OK
A.D.4.NmC3,1653,54,40.283555376369016,,,,*,*,*
A.D.2.2.1,40,37,33.79186545910132,29.396650139373417,141.20669972125316,1.864374233151682e-05,*,,
A.D.3.NmC2,401,35,19.201158511682117,-28.32251530872566,256.6450306174513,1.596083458288885e-30,,,
A.D.4.NmC1,2189,37,17.28075780413084,14.009686443620836,171.98062711275833,3.8807216007914836e-12,,,
A.2.1.1,31,3,3.827176228359737,-298.41194251280785,796.8238850256157,8.065484330224755e-148,,,
