,num_seq,t_ch_MAX,max_CL,CL@BC_t_ch_MAX,aic,PV,PV_OK,t_ch_MAX_OK,phyl_OK
B.D.E.5,276,23,21.962845860599014,,,,*,*,*
B.D.E.4,1372,28,19.797790278151837,13.792003419764441,24.415993160471118,0.00028160645819845157,*,,
B.D.4.1.2,1305,23,18.958774493058705,18.958774493058705,14.08245101388259,0.04953875432844388,*,*,
B.D.E.1,1124,23,12.289811961365821,12.289811961365821,27.420376077268358,6.283489411665261e-05,*,*,
B.D.E.1.2,165,23,4.112568138851327,4.112568138851327,43.77486372229735,1.7694711983465263e-08,,*,
