,num_seq,t_ch_MAX,max_CL,CL@BC_t_ch_MAX,aic,PV,PV_OK,t_ch_MAX_OK,phyl_OK
B.D.E.3,125,39,36.43332612360219,,,,*,*,*
B.D.E.3.NmC1,0,54,29.84032847879698,25.030274333072846,29.939451333854308,2.9533067210296183e-05,*,,
