,num_seq,t_ch_MAX,max_CL,CL@BC_t_ch_MAX,aic,PV,PV_OK,t_ch_MAX_OK,phyl_OK
A.D.5.NmC1,425,48,10.401474531563098,,,,*,*,*
A.3,202,63,1.0199048528833075,-33.734825873241,127.469651746482,6.798499050027387e-20,,,
A.D.2.2.NmC1,394,62,0.05100502193013978,-5.846932011031786,71.69386402206356,8.808179196460589e-08,,,
A.2.1.1,31,63,0.027446403853784274,-88.29867975341391,236.59735950682781,1.3650062382103816e-43,,,
