,num_seq,t_ch_MAX,max_CL,CL@BC_t_ch_MAX,aic,PV,PV_OK,t_ch_MAX_OK,phyl_OK
A.1.NmC1,0,1423,172.76086807686855,,,,*,*,*
A.1.NmC2,0,1430,129.87271661490712,80.58821815341464,2782.823563693171,8.398585911304681e-36,,,
