,num_seq,t_ch_MAX,max_CL,CL@BC_t_ch_MAX,aic,PV,PV_OK,t_ch_MAX_OK,phyl_OK
A.D.4.NmC2,848,49,31.738612911808158,,,,*,*,*
A.D.4.NmC3,1653,46,24.375561046872214,20.207916320689385,113.58416735862123,9.830704087219496e-06,,,
A.D.4.NmC1,2189,27,12.721462615271262,-33.29890914349819,220.5978182869964,5.668744682409013e-29,,,
A.D.3.NmC1,397,27,10.844903007615557,-44.05894423125439,242.11788846250877,1.2035891712953116e-33,,,
A.D.2.2.1,40,27,8.87103388602996,-15.808911195604484,185.61782239120896,2.2351021972855182e-21,,,
A.D.3.NmC2,401,27,6.257191660752282,-86.2330731930867,326.46614638617336,5.8090952490947544e-52,,,
