,num_seq,t_ch_MAX,max_CL,CL@BC_t_ch_MAX,aic,PV,PV_OK,t_ch_MAX_OK,phyl_OK
A.1.NmC1,0,127,18.688405799027706,,,,*,*,*
A.1.NmC2,0,104,8.200580082817355,-1.9996790167291816,283.99935803345835,1.0390074027240335e-09,,,
A.1.NmC7,0,14,5.0532946483440915,-74.10505095215817,428.21010190431633,5.03286202200337e-41,,,
A.1.NmC3,0,47,4.1871502324561,-32.58184131177931,345.1636826235586,5.443689995204695e-23,,,
A.1.NmC12,0,84,-8.765428743654562,-30.222098612215987,340.44419722443195,5.765385646131319e-22,,,
