,num_seq,t_ch_MAX,max_CL,CL@BC_t_ch_MAX,aic,PV,PV_OK,t_ch_MAX_OK,phyl_OK
B.D.2,1269,27,18.27490299316856,,,,*,*,*
B.D.E.2,853,13,4.829499741728777,-7.664200518695068,73.32840103739014,5.425017449551561e-12,,,
B.D.4.1,218,12,3.271507732675066,-13.904025891777215,85.80805178355443,1.0578000235539243e-14,,,
B.D.4,1413,5,1.4984399492105624,-30.69484123391722,119.38968246783443,5.402555302812779e-22,,,
B.D.4.NmC1,0,5,0.7876312582529597,-72.81682618566744,203.63365237133488,2.7549621938267914e-40,,,
