,num_seq,t_ch_MAX,max_CL,CL@BC_t_ch_MAX,aic,PV,PV_OK,t_ch_MAX_OK,phyl_OK
B.D.E.3,125,33,24.310642967303046,,,,*,*,*
B.D.E.3.NmC1,1318,49,22.801201296369925,17.20780886954819,39.58438226090362,0.0008251049232659046,*,,
B.D.NmC1,1726,31,14.281029364807587,13.69014278848555,46.619714423028896,2.4422639682917656e-05,*,,
B.D.3,433,35,10.51174588876239,9.057294088975432,55.885411822049136,2.3704875492144283e-07,,,
B.D,150,32,3.7328612182479497,3.1128899659166915,67.77422006816661,6.239193516889988e-10,,*,
