,num_seq,t_ch_MAX,max_CL,CL@BC_t_ch_MAX,aic,PV,PV_OK,t_ch_MAX_OK,phyl_OK
B.D.E.2,853,6,28.590206930117045,,,,*,*,*
B.D.2,1269,22,1.0180023438277999,-82.53686469229415,221.0737293845883,5.483094090657241e-49,,,
