,num_seq,t_ch_MAX,max_CL,CL@BC_t_ch_MAX,aic,PV,PV_OK,t_ch_MAX_OK,phyl_OK
B.D.2,1269,23,13.269264351159379,,,,*,*,*
B.D.4.1.1,260,26,4.142712273591768,1.945894173255296,72.1082116534894,1.206743567329791e-05,*,,
B.D.E.2,853,8,3.062688548642844,-2.807554523114244,81.61510904622848,1.0388305932682398e-07,,,
B.D.4,1413,7,2.046597951543707,-1.3100683093879801,78.62013661877596,4.655715715783078e-07,,,
B.D.4.NmC1,0,7,1.3100174017525827,-45.03379047269286,166.0675809453857,4.7693614014983793e-26,,,
B.D.4.1,218,8,0.49432790661439185,-0.7896697045059903,77.57933940901198,7.831042563084803e-07,,,
