,num_seq,t_ch_MAX,max_CL,CL@BC_t_ch_MAX,aic,PV,PV_OK,t_ch_MAX_OK,phyl_OK
B.D.1,334,23,8.805229313678359,,,,*,*,*
B.D,150,7,0.24208802875744118,-39.99596012014938,159.99192024029875,6.403675009950519e-22,,,
