,num_seq,t_ch_MAX,max_CL,CL@BC_t_ch_MAX,aic,PV,PV_OK,t_ch_MAX_OK,phyl_OK
A.D.3,128,10,24.664094038458767,,,,*,*,*
A.D.4.NmC2,0,6,9.645083818798058,6.309086013180726,111.38182797363855,1.0678857337597002e-08,,,
A.D.4.NmC3,0,27,7.975900208749837,3.2849759742400417,117.43004805151992,5.185420459669668e-10,,,
A.D,2353,34,5.009603365567299,-164.4485519745072,452.8971039490144,7.385825707785672e-83,,,
A.D.3.6,757,50,3.3873408094194377,-193.34528854414523,510.69057708829047,2.086699924205104e-95,,,
A.D.3.NmC1,0,50,2.839237996015216,-55.463402307208455,234.9268046144169,1.5848317571577e-35,,,
A.D.NmC1,0,48,2.6360084245410427,-149.37850315575324,422.7570063115065,2.5895058540003834e-76,,,
A.D.3.NmC2,0,50,1.8259867841893427,-56.67425999317033,237.34851998634065,4.725925183385104e-36,,,
A.D.NmC2,0,49,0.4364422417262639,-129.12394238787482,382.24788477574964,1.6212561185321208e-67,,,
