,num_seq,t_ch_MAX,max_CL,CL@BC_t_ch_MAX,aic,PV,PV_OK,t_ch_MAX_OK,phyl_OK
A.D.4.NmC1,0,9,3.081748673190946,,,,*,*,*
A.3.1.1,731,5,1.1383723942052506,-9.681537475366245,41.36307495073249,2.8734418380711506e-06,,,
A.3,202,7,1.0186751708789434,-0.2885950006428838,22.577190001285768,0.034389637343472744,*,,
