,num_seq,t_ch_MAX,max_CL,CL@BC_t_ch_MAX,aic,PV,PV_OK,t_ch_MAX_OK,phyl_OK
A.D.4.NmC3,1653,13,12.880682912591821,,,,*,*,*
A.D.2.2.1,40,10,11.4572190090927,3.486035621174354,31.027928757651292,8.313872166080937e-05,*,,
A.D.3.NmC2,401,13,7.357468630768997,7.357468630768997,23.285062738462006,0.003985868692128294,*,*,
A.2.1.1,31,3,3.827176228359737,-59.463433161809405,156.9268663236188,3.8103573439727403e-32,,,
