,num_seq,t_ch_MAX,max_CL,CL@BC_t_ch_MAX,aic,PV,PV_OK,t_ch_MAX_OK,phyl_OK
B.D.4.1,218,39,14.341317204276857,,,,*,*,*
B.D.4.1.1,260,12,6.719754378950489,-9.399907522589341,120.79981504517869,1.1057353159564158e-06,,,
B.D.2,1269,30,4.197548508993956,-39.31836655279926,180.63673310559852,1.1208829992614847e-19,,,
B.D.1,334,4,0.731348269966584,-62.29131895251537,226.58263790503074,1.185266562831499e-29,,,
