,num_seq,t_ch_MAX,max_CL,CL@BC_t_ch_MAX,aic,PV,PV_OK,t_ch_MAX_OK,phyl_OK
A.1.NmC1,377,1428,177.8634596907845,,,,*,*,*
A.1.NmC2,195,1425,98.31672155019555,9.793342190863598,2936.413315618273,1.482473221363515e-73,,,
