,num_seq,t_ch_MAX,max_CL,CL@BC_t_ch_MAX,aic,PV,PV_OK,t_ch_MAX_OK,phyl_OK
A.D.4.NmC3,1653,56,37.361480950529774,,,,*,*,*
A.D.4.NmC1,2189,61,34.10193122132589,30.080115468483637,137.83976906303272,0.0006891855636927925,*,,
A.D.2.2.1,40,61,17.452087252833696,14.428231720331382,169.14353655933724,1.1005949860046364e-10,,,
A.D.3.NmC2,401,36,17.313880127440385,-18.48181742063588,234.96363484127176,5.610429772286965e-25,,,
A.2.1.1,31,3,3.827176228359737,-306.31233569290447,810.6246713858089,5.572055125123336e-150,,,
