,num_seq,t_ch_MAX,max_CL,CL@BC_t_ch_MAX,aic,PV,PV_OK,t_ch_MAX_OK,phyl_OK
A.3.1.1,731,21,4.208479976539818,,,,*,*,*
A.D.5.NmC1,425,5,3.2146828030653958,-39.704506587079344,153.4090131741587,2.544531587242538e-17,,,
A.3.1,1992,25,1.2615204781641434,-0.22080075927230336,74.4416015185446,3.578701410101574,*,,
