,num_seq,t_ch_MAX,max_CL,CL@BC_t_ch_MAX,aic,PV,PV_OK,t_ch_MAX_OK,phyl_OK
A.D.2.2.1,40,50,39.841305875931454,,,,*,*,*
A.D.3.NmC2,401,70,35.158048608450805,25.80682686978364,64.38634626043272,0.01290681258047985,*,,
A.D.2.2,545,6,0.4891788804995569,-372.72671891527614,861.4534378305523,1.0750759109868473e-175,,,
