,num_seq,t_ch_MAX,max_CL,CL@BC_t_ch_MAX,aic,PV,PV_OK,t_ch_MAX_OK,phyl_OK
A.3.1.1,731,41,33.290078506097174,,,,*,*,*
A.D.5.NmC1,0,17,2.5984580003166324,-3.365451503636179,122.73090300727236,1.2048577231594658e-16,,,
A.D.2.1,76,3,1.4060724476987234,-96.38393701232786,308.7678740246557,4.817958548360857e-57,,,
A.D.5,115,3,0.6844175485050421,-181.35036566490373,478.70073132980747,6.06781602075015e-94,,,
A.3,202,4,0.43729241083059045,-177.5921143163384,471.1842286326768,2.6060314721993784e-92,,,
