,num_seq,t_ch_MAX,max_CL,CL@BC_t_ch_MAX,aic,PV,PV_OK,t_ch_MAX_OK,phyl_OK
A.3.1,1992,58,4.784328885525669,,,,*,*,*
A.3.1.1,731,58,4.294715544575003,4.294715544575004,5.410568910849992,0.6126263941844159,*,*,
A.D.4.NmC1,0,58,2.0225691096226237,2.0225691096226237,9.954861780754753,0.06329176835964073,*,*,
