,num_seq,t_ch_MAX,max_CL,CL@BC_t_ch_MAX,aic,PV,PV_OK,t_ch_MAX_OK,phyl_OK
A.D.4.NmC3,0,57,41.73789712184319,,,,*,*,*
A.D.2.2.1,40,43,23.342138568306133,0.05945170811265399,199.8810965837747,7.917826741826402e-19,,,
A.D.4.NmC1,0,39,11.253869489488956,6.932126696061638,186.1357466078767,7.624459905389777e-16,,,
A.2.1.1,31,3,3.827176228359737,-312.4762741433303,824.9525482866605,1.4668310434900369e-154,,,
A.D.3.NmC2,0,9,1.5922885143007912,-48.94771874755156,297.8954374951031,4.109920641818807e-40,,,
