,num_seq,t_ch_MAX,max_CL,CL@BC_t_ch_MAX,aic,PV,PV_OK,t_ch_MAX_OK,phyl_OK
A.D.4.NmC3,0,62,51.57387979174049,,,,*,*,*
A.D.4.NmC1,0,32,6.708061897658905,-3.320756576279224,158.64151315255845,1.4434588777770267e-24,,,
A.D.3.NmC2,0,3,1.9379310293948688,-82.22353740381851,316.447074807637,7.787504692243823e-59,,,
