,num_seq,t_ch_MAX,max_CL,CL@BC_t_ch_MAX,aic,PV,PV_OK,t_ch_MAX_OK,phyl_OK
B.D.4.NmC1,1212,6,10.914768082759329,,,,*,*,*
B.D.NmC1,1726,1,7.043929013171451,3.8643145168128545,58.27137096637429,0.0008674089573070017,*,,
B.D.1,334,22,4.4789391973492405,-6.047458244606114,78.09491648921222,4.308891782197055e-08,,,
B.D.1.1,115,26,2.7745130568557954,-100.3871958209121,266.7743916418242,4.6028218299404516e-49,,,
B.D.4,1413,10,2.718087602394194,-2.0645681866657517,70.1291363733315,2.305991089903961e-06,,,
