,num_seq,t_ch_MAX,max_CL,CL@BC_t_ch_MAX,aic,PV,PV_OK,t_ch_MAX_OK,phyl_OK
A.1.NmC1,181,159,1.9259439594857886,,,,*,*,*
A.1,995,101,1.5982197364646642,-1.4109095287301994,16.8218190574604,37049.12449201164,*,,
