,num_seq,t_ch_MAX,max_CL,CL@BC_t_ch_MAX,aic,PV,PV_OK,t_ch_MAX_OK,phyl_OK
B.D.E.2,853,15,10.532327010113557,,,,*,*,*
B.D.2,1269,7,1.9267954701999588,-31.368299807579167,104.73659961515833,6.354204799325699e-19,,,
B.D.4,1413,8,1.865086139148898,-9.397816088919223,60.79563217783844,2.2106041228871184e-09,,,
B.D.4.1,218,8,1.611469604669955,-18.026040855251082,78.05208171050216,3.9693653042080424e-13,,,
B.D.4.NmC1,1212,5,1.1741526372576894,-25.429109335232006,92.85821867046401,2.414184352702727e-16,,,
