,num_seq,t_ch_MAX,max_CL,CL@BC_t_ch_MAX,aic,PV,PV_OK,t_ch_MAX_OK,phyl_OK
B.D.4.1,218,56,3.8073679520345367,,,,*,*,*
B.D.1.1,115,56,1.9849315047074878,1.9849315047074878,14.030136990585024,0.16202575093388086,*,*,
