,num_seq,t_ch_MAX,max_CL,CL@BC_t_ch_MAX,aic,PV,PV_OK,t_ch_MAX_OK,phyl_OK
A.D.4.NmC3,0,33,29.95497399278891,,,,*,*,*
A.D.2.2.1,40,65,22.511951383176672,12.91265418018577,52.17469163962846,3.977608438957152e-08,,,
A.D.4.NmC2,0,49,21.21585254187468,12.077950756804865,53.844098486390266,1.7257827987960214e-08,,,
A.D.3.NmC2,0,33,21.12561239184398,21.12561239184398,35.74877521631204,0.00014627823948443712,*,*,
A.D.4.NmC1,0,33,16.14028539080485,16.14028539080485,45.7194292183903,1.000510688321176e-06,,*,
