,num_seq,t_ch_MAX,max_CL,CL@BC_t_ch_MAX,aic,PV,PV_OK,t_ch_MAX_OK,phyl_OK
A.D.2.2.1,40,5,5.4008073977399516,,,,*,*,*
A.D.2.2,545,5,0.2791052099418152,0.2791052099418152,9.44178958011637,0.005976022895005943,*,*,
