,num_seq,t_ch_MAX,max_CL,CL@BC_t_ch_MAX,aic,PV,PV_OK,t_ch_MAX_OK,phyl_OK
A.3,202,49,43.85275724304124,,,,*,*,*
A.3.1.1,731,49,33.980591883794204,33.980591883794204,70.03881623241159,5.1444860179702095e-05,*,*,
A.D.3,128,3,0.20940928572400075,-247.57661406707845,633.153228134157,2.7136831558239774e-127,,,
