,num_seq,t_ch_MAX,max_CL,CL@BC_t_ch_MAX,aic,PV,PV_OK,t_ch_MAX_OK,phyl_OK
A.D.4.NmC3,0,55,35.490503492821276,,,,*,*,*
A.D.4.NmC1,0,61,31.762776964488346,27.12120026171031,143.75759947657937,0.0002317155537380901,*,,
A.D.2.2.1,40,61,31.223378072512446,26.180130632109808,145.63973873578038,9.051454517561141e-05,*,,
A.D.3.NmC2,0,35,16.983156806404136,-29.49252851575662,256.98505703151324,5.989258991190728e-29,,,
A.2.1.1,31,3,3.827176228359737,-296.31233569290447,790.6246713858089,7.963260162318412e-145,,,
