,num_seq,t_ch_MAX,max_CL,CL@BC_t_ch_MAX,aic,PV,PV_OK,t_ch_MAX_OK,phyl_OK
B.D.1,334,17,11.279761921413888,,,,*,*,*
B.D.1.1,115,3,3.1592576530116774,-84.85902843530862,225.71805687061723,1.765747133206596e-42,,,
B.D.4.NmC1,0,5,0.15604775598955006,-32.45995216588805,120.9199043317761,1.0091584511851466e-19,,,
