,num_seq,t_ch_MAX,max_CL,CL@BC_t_ch_MAX,aic,PV,PV_OK,t_ch_MAX_OK,phyl_OK
A.D.5.NmC1,425,14,11.504424140645183,,,,*,*,*
A.D.2.2.NmC1,394,14,1.0838635691545395,1.0838635691545395,35.832272861690925,2.9829879470267674e-05,*,*,
A.D,2353,21,0.8105390754674654,-3.5479909629657924,45.09598192593158,2.895320030794847e-07,,,
