,num_seq,t_ch_MAX,max_CL,CL@BC_t_ch_MAX,aic,PV,PV_OK,t_ch_MAX_OK,phyl_OK
B.D.E.3.NmC1,1318,66,44.57509045899628,,,,*,*,*
B.D.E.3,125,45,26.24034726180726,18.76546803610434,98.46906392779132,6.178163851580661e-12,,,
B.D.NmC1,1726,19,2.423193327103338,-51.520797801884775,239.04159560376957,1.847020694888051e-42,,,
