,num_seq,t_ch_MAX,max_CL,CL@BC_t_ch_MAX,aic,PV,PV_OK,t_ch_MAX_OK,phyl_OK
B.D.2,1269,23,14.003563608214517,,,,*,*,*
B.D.4.1,218,16,10.12595165394705,-6.651847261246899,73.3036945224938,1.070649888948249e-09,,,
B.D.E.2,853,10,1.3944079567133036,0.9776214009753461,58.04475719804931,2.2045216750777447e-06,,,
