,num_seq,t_ch_MAX,max_CL,CL@BC_t_ch_MAX,aic,PV,PV_OK,t_ch_MAX_OK,phyl_OK
A.D.4.NmC3,0,58,39.34635619323739,,,,*,*,*
A.D.4.NmC1,0,63,34.03669435272728,30.014878599885026,141.97024280022995,8.872223709609839e-05,*,,
A.D.2.2.1,40,9,10.448359798520576,5.0956540096528915,191.80869198069422,1.334793228597603e-15,,,
A.D.3.NmC2,0,36,7.121026600627254,-36.46592781290029,274.9318556258006,1.191613258943233e-33,,,
A.2.1.1,31,3,3.827176228359737,-326.3123356929044,854.6246713858088,1.577797340422231e-159,,,
