,num_seq,t_ch_MAX,max_CL,CL@BC_t_ch_MAX,aic,PV,PV_OK,t_ch_MAX_OK,phyl_OK
B.1.13.NmC3,123,62,25.702183606515963,,,,*,*,*
B.1.13.NmC2,242,43,16.806045239805137,0.08267703087862684,125.83464593824274,7.508390405159663e-12,,,
