,num_seq,t_ch_MAX,max_CL,CL@BC_t_ch_MAX,aic,PV,PV_OK,t_ch_MAX_OK,phyl_OK
B.D.1.1,115,51,4.73242856883212,,,,*,*,*
B.D.4.NmC1,0,51,4.257526046149053,4.257526046149053,5.484947907701894,0.6250022682827007,*,*,
B.D.NmC1,0,51,1.5611579609794275,1.5611579609794277,10.877684078041145,0.04200359790344553,*,*,
B.D.4.1,218,53,0.6451672738243281,-1.9292598245244856,17.858519649048972,0.0012811463703842113,*,,
