,num_seq,t_ch_MAX,max_CL,CL@BC_t_ch_MAX,aic,PV,PV_OK,t_ch_MAX_OK,phyl_OK
B.1.17.NmC2,0,41,10.274911931869017,,,,*,*,*
B.1.17.NmC4,0,40,9.30566545402446,-1.995804873409595,97.9916097468192,4.690365719381954e-06,,*,
