,num_seq,t_ch_MAX,max_CL,CL@BC_t_ch_MAX,aic,PV,PV_OK,t_ch_MAX_OK,phyl_OK
A.D.4.NmC1,0,49,33.85677981338957,,,,*,*,*
A.D.4.NmC2,0,26,12.619111122453157,-17.995307491223492,193.99061498244697,3.0327116062168606e-23,,,
A.D.4,176,20,11.448249585716827,-81.04904723630759,320.0980944726152,1.2513896448582083e-50,,,
A.D.3.NmC1,0,22,9.55617952053246,-59.297052058320794,276.5941041166416,3.5113086851337835e-41,,,
A.D.4.NmC3,0,43,6.009669040112769,-6.26215743587996,170.5243148717599,3.786839150489434e-18,,,
A.3,202,5,0.5927232869744894,-65.79458904289928,289.58917808579855,5.279039095872677e-44,,,
