,num_seq,t_ch_MAX,max_CL,CL@BC_t_ch_MAX,aic,PV,PV_OK,t_ch_MAX_OK,phyl_OK
A.D.NmC2,0,3,1.5993036502452915,,,,*,*,*
A.D.NmC1,0,3,1.534615209558138,1.534615209558138,2.930769580883724,0.9370674633774033,*,*,
A.3.1,1992,3,1.3688309098171483,1.3688309098171483,3.2623381803657034,0.794533602503334,*,*,
A.3.1.1,731,4,1.0638673348874357,0.21076949950569224,5.578461000988615,0.24907530463166816,*,*,
A.D,2353,3,0.8445440950502879,0.8445440950502879,4.310911809899424,0.470010614730538,*,*,
