,num_seq,t_ch_MAX,max_CL,CL@BC_t_ch_MAX,aic,PV,PV_OK,t_ch_MAX_OK,phyl_OK
A.1.NmC4,0,78,5.166314699448888,,,,*,*,*
A.1,3213,64,4.542587925161417,3.2376342521052135,225.52473149578958,0.19013898010151847,*,,
A.1.NmC13,0,150,0.7925093496496862,-16.682963254099025,265.3659265081981,4.2242888619347155e-10,,,
A.1.NmC14,0,150,-9.156352647148807,-36.32955132250716,304.6591026450143,1.2417624161806037e-18,,,
