,num_seq,t_ch_MAX,max_CL,CL@BC_t_ch_MAX,aic,PV,PV_OK,t_ch_MAX_OK,phyl_OK
B.D.NmC1,0,40,22.66356289900248,,,,*,*,*
B.D.3,433,33,20.05668738089408,-19.187949708480065,152.37589941696012,9.177013820976532e-20,,,
B.D.E.3,125,11,9.685389521545178,-44.39444377281085,202.78888754562172,1.038266805554356e-30,,,
B.D.E.3.NmC1,0,11,4.624357380864831,-22.955115874490716,159.91023174898143,2.126094976824191e-21,,,
B.D,150,33,4.31156873767211,-35.34417720415735,184.6883544083147,8.844515158935918e-27,,,
