,num_seq,t_ch_MAX,max_CL,CL@BC_t_ch_MAX,aic,PV,PV_OK,t_ch_MAX_OK,phyl_OK
A.D.NmC1,515,9,4.062231919558776,,,,*,*,*
A.D.3.6,757,8,2.476090594878247,0.27202195636319537,27.45595608727361,0.022595601851121843,*,*,
A.D.2.2.NmC1,394,8,1.6414674755511245,1.1890234698436974,25.621953060312606,0.056698926579846855,*,*,
A.D.NmC2,637,6,1.4501509430066848,-0.8091381770606618,29.618276354121324,0.007673365287895482,*,,
A.D,2353,6,1.1224564193330504,-0.43561040680550067,28.871220813611,0.011164680615117249,*,,
A.3.1.1,731,4,0.9227143506643833,-2.3215946300402655,32.64318926008053,0.001695122956623249,*,,
A.3.1.NmC2,67,3,0.7842629544639835,-32.198963827271484,92.39792765454297,1.7884717565668714e-16,,,
A.3.1,1992,3,0.6250728530767242,-9.208431355881222,46.41686271176245,1.7254891197359141e-06,,,
