,num_seq,t_ch_MAX,max_CL,CL@BC_t_ch_MAX,aic,PV,PV_OK,t_ch_MAX_OK,phyl_OK
B.D.E.2,853,11,3.1948576520396736,,,,*,*,*
B.D.E.3.NmC1,0,12,2.9079122897631113,3.8716459717313096,28.25670805653738,1.1912462166123567,*,*,
B.D.2,1269,12,2.794748049206376,-8.313048012233365,52.62609602446673,6.083076418932169e-06,,*,
B.D.4.1,218,12,2.173515007670678,-8.535678047966027,53.07135609593205,4.8817831756353485e-06,,*,
B.D.E.3,125,12,1.8508009015958824,-4.077029514348886,44.15405902869777,0.00042221326680907034,*,*,
B.D.4,1413,9,1.2444848320158761,-0.7492536944580608,37.498507388916124,0.011737106030942461,*,,
