,num_seq,t_ch_MAX,max_CL,CL@BC_t_ch_MAX,aic,PV,PV_OK,t_ch_MAX_OK,phyl_OK
A.3.1.1,731,27,11.175788128490185,,,,*,*,*
A.D.2.1,76,4,2.917051139698785,-39.36427767777374,148.72855535554748,1.1239756031675803e-22,,,
A.D.5.NmC1,425,4,1.6968714607870101,-46.07640564355006,162.15281128710012,1.3697487445079347e-25,,,
A.D.5,115,4,0.9848861119078991,-69.58891305745422,209.17782611490844,8.398585911305516e-36,,,
