,num_seq,t_ch_MAX,max_CL,CL@BC_t_ch_MAX,aic,PV,PV_OK,t_ch_MAX_OK,phyl_OK
A.D.4.NmC1,2189,53,42.125951226884524,,,,*,*,*
A.D.4.NmC2,848,20,14.292694419893708,-62.91558269656598,297.831165393132,2.4082835593673897e-46,,,
A.D.4,176,16,11.819914915623334,-139.08224941274145,450.1644988254829,2.0121873144345298e-79,,,
A.D.3.NmC1,397,20,8.860410556673328,-108.24168439018308,388.48336878036616,4.980927594298761e-66,,,
A.D.4.NmC3,1653,20,4.02563444041251,-31.57230992358415,235.14461984716831,9.877980310054857e-33,,,
A.D.2.2.1,40,20,0.9464705969044989,-71.60939283414652,315.21878566829304,4.0319682236638905e-50,,,
A.3,202,4,0.6816634035457612,-123.68021856456014,419.36043712912027,9.813036811978001e-73,,,
