,num_seq,t_ch_MAX,max_CL,CL@BC_t_ch_MAX,aic,PV,PV_OK,t_ch_MAX_OK,phyl_OK
A.D.2.1,76,34,30.009092600854196,,,,*,*,*
A.D.5.NmC1,0,32,25.15550390718907,23.70550326494014,44.58899347011972,15.180322244953878,*,,
A.D.NmC2,0,16,4.792364881245196,-183.15402930072915,458.3080586014583,2.2035578892838868e-89,,,
A.D.5,115,13,1.873732148490895,-155.13346314412024,402.2669262882405,3.2512910400100332e-77,,,
A.3.1.1,731,7,0.5515200379596188,-28.582623125484446,149.1652462509689,2.9649852148251567e-22,,,
