,num_seq,t_ch_MAX,max_CL,CL@BC_t_ch_MAX,aic,PV,PV_OK,t_ch_MAX_OK,phyl_OK
A.3.1.1,731,17,9.906236908247664,,,,*,*,*
A.3.1,1992,17,8.044837238448439,7.317279973496104,33.36544005300779,0.15645294267495494,*,*,
