,num_seq,t_ch_MAX,max_CL,CL@BC_t_ch_MAX,aic,PV,PV_OK,t_ch_MAX_OK,phyl_OK
A.D.3.NmC2,401,75,47.261782492877735,,,,*,*,*
A.D.2.2.1,40,27,25.855500066017296,3.397581639607197,155.2048367207856,8.950432542419491e-20,,,
A.D.2.2,545,6,0.4891788804995569,-462.96747487977717,1087.9349497595545,2.58284277903291e-222,,,
