,num_seq,t_ch_MAX,max_CL,CL@BC_t_ch_MAX,aic,PV,PV_OK,t_ch_MAX_OK,phyl_OK
A.D.5.NmC1,0,76,7.377810440130245,,,,*,*,*
A.D.2.2.NmC1,0,77,3.0318769824858087,2.6544833080406356,38.69103338391873,0.008870713909928258,*,*,
