,num_seq,t_ch_MAX,max_CL,CL@BC_t_ch_MAX,aic,PV,PV_OK,t_ch_MAX_OK,phyl_OK
B.D.E.3,125,40,25.10787445477779,,,,*,*,*
B.D.E.3.NmC1,1318,51,20.348786995765646,19.806401536462655,66.38719692707468,0.07353454376305713,*,,
B.D.NmC1,1726,45,19.539836405337592,17.72742981676017,70.54514036647966,0.009186686156244689,*,,
B.D.3,433,32,13.645223833173246,7.956933699081212,90.08613260183758,5.249304811394046e-07,,,
B.D,150,33,4.996439865386128,-2.191496567822837,110.38299313564568,2.0615044317549756e-11,,,
