,num_seq,t_ch_MAX,max_CL,CL@BC_t_ch_MAX,aic,PV,PV_OK,t_ch_MAX_OK,phyl_OK
B.D.1,334,49,2.0767500365375806,,,,*,*,*
B.D.E.3.NmC1,1318,46,1.7864724837623709,0.5423854593029875,6.915229081394025,0.25538067598807773,*,,
B.D.3,433,48,1.7418029953095646,1.7418029953095644,4.516394009380871,0.8478937040879162,*,*,
B.D.NmC1,1726,41,0.5397252165504268,0.2843768619968391,7.431246276006322,0.19789869908361474,*,,
