,num_seq,t_ch_MAX,max_CL,CL@BC_t_ch_MAX,aic,PV,PV_OK,t_ch_MAX_OK,phyl_OK
B.D.E.3,125,41,26.679319699701797,,,,*,*,*
B.D.E.3.NmC1,1318,52,21.356681067914437,19.972479287122553,48.055041425754894,0.0012186641246017512,*,,
B.D.NmC1,1726,48,21.163699723130126,17.804572933909405,52.39085413218119,0.00013984162859410104,*,,
B.D.3,433,33,3.6452238331732443,0.39362651435715135,87.2127469712857,3.842107775690394e-12,,,
