,num_seq,t_ch_MAX,max_CL,CL@BC_t_ch_MAX,aic,PV,PV_OK,t_ch_MAX_OK,phyl_OK
B.D.E.3,125,39,26.39634176026524,,,,*,*,*
B.D.E.3.NmC1,0,42,21.23995489379487,20.28974143903299,49.42051712193402,0.002231681370066805,*,,
B.D.NmC1,0,44,16.038570474173046,13.970815531042039,62.05836893791592,4.016900390027534e-06,,,
B.D.3,433,31,10.164816277615326,6.913218958799234,76.17356208240153,3.4669173832186716e-09,,,
B.D,150,32,3.7328612182479497,-3.729327836237562,97.45865567247512,8.258073285555949e-14,,,
