,num_seq,t_ch_MAX,max_CL,CL@BC_t_ch_MAX,aic,PV,PV_OK,t_ch_MAX_OK,phyl_OK
B.D.4,1413,40,4.17682638392959,,,,*,*,*
B.D.2,1269,45,2.0625100255979723,-13.644877846685633,57.28975569337126,1.823359619036343e-08,,,
B.D.E.3.NmC1,0,45,1.462715712451983,0.8778771169306538,28.244245766138693,0.0370680450471995,*,,
