,num_seq,t_ch_MAX,max_CL,CL@BC_t_ch_MAX,aic,PV,PV_OK,t_ch_MAX_OK,phyl_OK
A.D.NmC1,515,5,2.5506149833238485,,,,*,*,*
A.D,2353,5,2.4513872390119484,2.4513872390119484,13.097225521976103,0.9048374180359599,*,*,
A.D.NmC2,637,5,2.389930143746306,2.389930143746306,13.220139712507388,0.8521437889662112,*,*,
A.D.2.2.NmC1,394,5,2.168341994987712,2.168341994987712,13.663316010024577,0.6838614092123559,*,*,
A.D.5.NmC1,425,5,0.6315205259009682,0.6315205259009682,16.736958948198065,0.14660696213035027,*,*,
