,num_seq,t_ch_MAX,max_CL,CL@BC_t_ch_MAX,aic,PV,PV_OK,t_ch_MAX_OK,phyl_OK
B.D.E.2,853,10,11.054418481495382,,,,*,*,*
B.D.E.3.NmC1,1318,26,1.368540993804095,-8.442353912251956,64.88470782450392,3.4153017078261304e-09,,,
