,num_seq,t_ch_MAX,max_CL,CL@BC_t_ch_MAX,aic,PV,PV_OK,t_ch_MAX_OK,phyl_OK
A.3.1.NmC1,266,12,8.58929709440613,,,,*,*,*
A.3.1.1,731,1,8.3071620946459,7.227048977214435,5.545902045571131,0.2553806759880777,*,,
A.D.4.NmC1,2189,5,7.18324917788101,6.041062932682836,7.917874134634328,0.07808166600115317,*,,
A.3.1,1992,13,6.776747257281095,5.85909630324002,8.28180739351996,0.06521928966812755,*,*,
A.D.4.NmC3,1653,1,1.5637566414122603,0.4536864133457693,19.09262717330846,0.00029309903577510706,*,,
