,num_seq,t_ch_MAX,max_CL,CL@BC_t_ch_MAX,aic,PV,PV_OK,t_ch_MAX_OK,phyl_OK
A.3.1.1,731,11,44.2376166809612,,,,*,*,*
A.2.1.1,31,4,37.9523059713417,23.80051515988004,88.39896968023993,2.1992043832066185e-07,,,
A.3,202,10,29.29624247736752,28.05605021231212,79.88789957537577,1.5494894118758868e-05,*,*,
