,num_seq,t_ch_MAX,max_CL,CL@BC_t_ch_MAX,aic,PV,PV_OK,t_ch_MAX_OK,phyl_OK
A.D.4.NmC2,0,44,29.23915134645851,,,,*,*,*
A.D.4.NmC3,0,45,23.60327898752442,23.174271138735357,77.65145772252929,0.0023227580145299504,*,*,
A.D.4.NmC1,0,30,15.22746100032442,-10.058962817448034,144.11792563489607,8.555134883887121e-18,,,
A.D.3.NmC1,0,26,9.981614364140928,-10.201538265798304,144.4030765315966,7.43747696625487e-18,,,
A.D.3.NmC2,0,26,2.201231844376728,-42.71357758553869,209.42715517107737,5.627824614877339e-32,,,
