,num_seq,t_ch_MAX,max_CL,CL@BC_t_ch_MAX,aic,PV,PV_OK,t_ch_MAX_OK,phyl_OK
B.D.NmC1,1726,6,28.903983666268633,,,,*,*,*
B.D,150,5,24.7449629231042,24.744962923104204,54.51007415379159,0.02375410313130504,*,*,
B.D.3,433,6,9.306777218747827,8.47786960714711,87.04426078570577,2.050873575859562e-09,,*,
B.D.4.NmC1,1212,34,6.058247854696344,-229.48425925089367,562.9685185017873,9.226829668667505e-113,,,
B.D.4,1413,46,0.09981077067690569,-176.31730810194878,456.63461620389756,1.1389118357060604e-89,,,
