,num_seq,t_ch_MAX,max_CL,CL@BC_t_ch_MAX,aic,PV,PV_OK,t_ch_MAX_OK,phyl_OK
A.D.4,176,42,41.08075528148555,,,,*,*,*
A.D.4.NmC3,0,49,18.11493481259524,15.162159412247687,93.67568117550462,5.5346100717010135e-12,,,
A.D.4.NmC2,0,20,16.594282871794512,-4.54575660404131,133.09151320808263,1.5321957845870205e-20,,,
A.D.4.NmC1,0,27,15.497134155801547,-12.22100228511005,148.4420045702201,7.113840351756959e-24,,,
A.D.3.NmC1,0,20,11.359364846206006,-23.949536213018856,171.89907242603772,5.725716513624661e-29,,,
A.D.2.2.1,40,20,0.9139827192726488,-14.532240282086931,153.06448056417386,7.061286967109041e-25,,,
A.3,202,5,0.5927232869744894,-76.57829755440315,277.1565951088063,7.959966853308237e-52,,,
