,num_seq,t_ch_MAX,max_CL,CL@BC_t_ch_MAX,aic,PV,PV_OK,t_ch_MAX_OK,phyl_OK
A.1.NmC2,0,1076,38.441443258866656,,,,*,*,*
A.1.NmC1,0,1401,0.0,-455.55075335979546,3319.101506719591,1.639011201090846e-195,,,
A.1,836,1401,0.0,-86.73035773547619,2581.4607154709524,2.4607797094646204e-35,,,
