,num_seq,t_ch_MAX,max_CL,CL@BC_t_ch_MAX,aic,PV,PV_OK,t_ch_MAX_OK,phyl_OK
B.D.2,1269,19,13.922451713936827,,,,*,*,*
B.D.4.1.1,260,19,5.914764091055364,13.431498223420578,43.13700355315885,0.5798417833398454,*,*,
B.D.E.2,853,8,3.062688548642844,-1.011562240645512,72.02312448129102,3.1052544203766845e-07,,,
B.D.4,1413,7,2.046597951543707,-12.179506678043612,94.35901335608722,4.37550138674843e-12,,,
B.D.4.NmC1,0,7,1.3100174017525827,-33.20308953558684,136.40617907117368,3.235834818320314e-21,,,
B.D.4.1,218,8,0.49432790661439185,-18.04338328135153,106.08676656270306,1.2413398269759189e-14,,,
