,num_seq,t_ch_MAX,max_CL,CL@BC_t_ch_MAX,aic,PV,PV_OK,t_ch_MAX_OK,phyl_OK
A.3,202,15,26.926469340498624,,,,*,*,*
A.D.4.NmC1,2189,1,22.17423343276414,12.67525293208874,84.64949413582252,5.802366415105892e-09,,,
A.D.2.2.NmC1,394,41,2.0372126088785163,-170.94678091410614,451.8935618282123,1.0434037268956944e-88,,,
A.D.4,176,41,1.9412046396222533,-120.85014114695696,351.7002822939139,5.94886967308712e-67,,,
A.D.5,115,41,1.8803603905320383,-176.08289579918707,462.16579159837414,6.111935277892694e-91,,,
A.3.1.1,731,38,0.7796248260468133,-90.33600751176668,290.6720150235334,1.0639729085268237e-53,,,
