,num_seq,t_ch_MAX,max_CL,CL@BC_t_ch_MAX,aic,PV,PV_OK,t_ch_MAX_OK,phyl_OK
A.D.4.NmC1,0,7,32.173536707889966,,,,*,*,*
A.D.4.NmC3,0,1,24.930545313219362,19.49036102634638,73.01927794730724,3.0972374157457003e-06,,,
A.3.1,1992,35,12.633324944552983,-161.57145324198564,435.1429064839713,7.204695055133877e-85,,,
A.3.1.NmC1,0,49,7.551960681240775,-277.4097324951339,666.8194649902678,3.53950736204032e-135,,,
A.3.1.1,731,37,7.153373349762121,-86.80824394885762,285.6164878977153,2.115782743859125e-52,,,
