,num_seq,t_ch_MAX,max_CL,CL@BC_t_ch_MAX,aic,PV,PV_OK,t_ch_MAX_OK,phyl_OK
B.D.3,433,11,8.968196086364214,,,,*,*,*
B.D.NmC1,1726,11,4.6943150362962225,4.6943150362962225,18.611369927407555,0.013912048718937631,*,*,
B.D.E.3.NmC1,1318,8,3.020909251926675,-7.624504453574498,43.249008907149,6.207018971853916e-08,,,
B.D,150,4,2.8320875503957694,-12.135775917019107,52.27155183403821,6.826765097241294e-10,,,
