,num_seq,t_ch_MAX,max_CL,CL@BC_t_ch_MAX,aic,PV,PV_OK,t_ch_MAX_OK,phyl_OK
A.D.4.NmC3,0,55,36.22152094743663,,,,*,*,*
A.D.4.NmC1,0,60,31.956098422222226,27.93428266937997,142.13143466124006,0.0002522726779741288,*,,
A.D.2.2.1,40,60,30.34046872733564,27.316613194833327,143.36677361033335,0.00013570868387329454,*,,
A.D.3.NmC2,0,36,7.2365742848818195,-29.239111037278942,256.4782220745579,3.724630665920297e-29,,,
A.2.1.1,31,3,3.827176228359737,-296.31233569290447,790.6246713858089,3.837566662648556e-145,,,
