,num_seq,t_ch_MAX,max_CL,CL@BC_t_ch_MAX,aic,PV,PV_OK,t_ch_MAX_OK,phyl_OK
A.D,2353,5,10.243762437566687,,,,*,*,*
A.D.3,128,1,9.781003710252943,7.264019605143491,29.471960789713016,0.05079283386489857,*,,
A.D.4.NmC3,0,1,9.311778774738167,6.509809971766908,30.980380056466185,0.023873171068747045,*,,
A.D.4.NmC2,0,1,7.741558817708154,5.136461709498843,33.727076581002315,0.006036082923599581,*,,
A.D.NmC2,0,3,1.2741404282751874,1.0458642586526923,41.908271482694616,0.00010103940183709361,*,,
