,num_seq,t_ch_MAX,max_CL,CL@BC_t_ch_MAX,aic,PV,PV_OK,t_ch_MAX_OK,phyl_OK
A.D.2.2.1,40,13,93.45625944654493,,,,*,*,*
A.D.2.1,76,9,89.25529870479815,88.04212705713059,89.91574588573883,0.007335717892413614,*,,
A.D.1,1413,35,39.46217031747864,-42.32000358620171,350.64000717240344,1.7816154103502488e-59,,,
