,num_seq,t_ch_MAX,max_CL,CL@BC_t_ch_MAX,aic,PV,PV_OK,t_ch_MAX_OK,phyl_OK
A.D.4.NmC3,0,55,40.312314046364136,,,,*,*,*
A.D.2.2.1,40,44,30.076426098104374,16.42764550461641,167.14470899076719,4.256452312963243e-11,,,
A.D.4.NmC1,0,60,23.198342052420585,19.17652629957833,161.64694740084335,6.625003697202631e-10,,,
A.D.3.NmC2,0,19,9.434433347698672,-9.721776653125008,219.44355330625,1.8717466752889462e-22,,,
A.D.4.NmC2,0,40,6.060264425577287,3.346341848511422,193.30731630297714,8.836992297346356e-17,,,
A.2.1.1,31,3,3.827176228359737,-320.7431882281674,841.4863764563348,1.569660886335636e-157,,,
