,num_seq,t_ch_MAX,max_CL,CL@BC_t_ch_MAX,aic,PV,PV_OK,t_ch_MAX_OK,phyl_OK
A.2.1.1,31,6,48.443150831296435,,,,*,*,*
A.3,202,6,42.78193761076636,32.78193761076635,62.4361247784673,0.003465147772720001,*,*,
A.3.1.1,731,4,31.644640976260654,28.60018368299508,70.79963263400984,5.301158942077901e-05,*,,
