,num_seq,t_ch_MAX,max_CL,CL@BC_t_ch_MAX,aic,PV,PV_OK,t_ch_MAX_OK,phyl_OK
A.1.NmC2,0,1334,86.28477054762689,,,,*,*,*
A.1.NmC1,0,596,8.146044229824804,-17.85153982702298,2861.703079654046,1.204408786287381e-41,,,
