,num_seq,t_ch_MAX,max_CL,CL@BC_t_ch_MAX,aic,PV,PV_OK,t_ch_MAX_OK,phyl_OK
B.D.E.3,125,3,3.474340689265572,,,,*,*,*
B.D.NmC1,1726,5,0.774985395778854,0.774985395778854,8.450029208442292,478.1861060892608,*,,
