,num_seq,t_ch_MAX,max_CL,CL@BC_t_ch_MAX,aic,PV,PV_OK,t_ch_MAX_OK,phyl_OK
B.D.E.2,853,46,6.990708398996442,,,,*,*,*
B.D.E.3.NmC1,0,46,2.0621323316952775,-0.741250785466542,47.48250157093308,3.238142943837963,*,*,
