,num_seq,t_ch_MAX,max_CL,CL@BC_t_ch_MAX,aic,PV,PV_OK,t_ch_MAX_OK,phyl_OK
A.D.4.NmC3,0,58,38.676639837985114,,,,*,*,*
A.D.2.2.1,40,39,32.805525664789684,0.5053214824387435,200.9893570351225,2.6483758912748903e-17,,,
A.D.3.NmC2,0,35,18.618707707817038,-35.2795161724325,272.559032344865,7.616432382604161e-33,,,
A.D.4.NmC1,0,39,17.596235850432265,2.6428121985456023,196.7143756029088,2.250970570573664e-16,,,
A.D.4.NmC2,0,39,7.9043564222607445,-23.544599954954442,249.08919990990887,9.510368303526234e-28,,,
A.2.1.1,31,3,3.827176228359737,-340.18329072606366,882.3665814521273,2.905310717154033e-165,,,
