,num_seq,t_ch_MAX,max_CL,CL@BC_t_ch_MAX,aic,PV,PV_OK,t_ch_MAX_OK,phyl_OK
B.D.4.1.1,260,23,14.051812586791138,,,,*,*,*
B.D.E.2,853,25,7.596008572352147,6.007081119550733,49.985837760898534,0.000320701427523915,*,,
B.D.2,1269,15,0.07527567618955161,-54.99873595125994,171.99747190251986,1.0279358782263647e-30,,,
