,num_seq,t_ch_MAX,max_CL,CL@BC_t_ch_MAX,aic,PV,PV_OK,t_ch_MAX_OK,phyl_OK
B.D.4.1,218,25,2.917888787769306,,,,*,*,*
B.D.4.NmC1,0,30,2.213422104947448,-15.244039407519555,56.48807881503911,0.0002844366501553262,*,,
B.D.1.1,115,30,2.154304173590048,-57.75382525006514,141.5076505001303,9.820353688366658e-23,,,
B.D.NmC1,0,30,0.9832946638407384,-10.48146722147742,46.96293444295484,0.03337326996032601,*,,
B.D.2,1269,24,0.7545222173144375,0.7545222173144377,24.490955565371124,2527.535509363266,*,*,
B.D.E.3.NmC1,0,24,0.12002460730924791,0.12002460730924791,25.759950785381506,1339.4307643944146,*,*,
