,num_seq,t_ch_MAX,max_CL,CL@BC_t_ch_MAX,aic,PV,PV_OK,t_ch_MAX_OK,phyl_OK
B.D.4,1413,15,6.1037607600289725,,,,*,*,*
B.D.E.2,853,10,4.559127412574032,2.966929349563339,36.06614130087332,0.043282797901965875,*,,
B.D.2,1269,9,3.7466742085248392,-20.11123040414722,82.22246080829444,4.120692022688373e-12,,,
B.D.4.1,218,21,2.193703333162188,-0.4224872076436585,42.84497441528732,0.0014663191470429004,*,,
B.D.4.NmC1,0,3,0.1984072801846949,-4.822333392547357,51.644666785094714,1.800249857462311e-05,*,,
