,num_seq,t_ch_MAX,max_CL,CL@BC_t_ch_MAX,aic,PV,PV_OK,t_ch_MAX_OK,phyl_OK
B.D.4,1413,9,11.862236817721705,,,,*,*,*
B.D.E.3.NmC1,1318,22,2.769280857469281,-34.14663150272432,114.29326300544864,1.0478095684369086e-20,,,
B.D.3,433,26,1.066549349199843,-47.13582812356186,140.2716562471237,2.392197543718902e-26,,,
