,num_seq,t_ch_MAX,max_CL,CL@BC_t_ch_MAX,aic,PV,PV_OK,t_ch_MAX_OK,phyl_OK
B.D.4,1413,13,7.038690505736862,,,,*,*,*
B.D.2,1269,7,2.370876118804915,-21.76951924226486,81.53903848452973,1.6921858844376723e-12,,,
B.D.E.2,853,7,2.235246474324864,-16.257552851934513,70.51510570386903,4.182256485466965e-10,,,
B.D.4.NmC1,1212,8,1.6216994496031496,-8.290606929258317,54.581213858516634,1.2098671473041613e-06,,,
