,num_seq,t_ch_MAX,max_CL,CL@BC_t_ch_MAX,aic,PV,PV_OK,t_ch_MAX_OK,phyl_OK
A.1.NmC1,241,16,2.837552096231675,,,,*,*,*
A.1.NmC3,63,13,0.11080234087904181,-10.903671132981547,65.80734226596309,1.073055898656747e-06,,,
