,num_seq,t_ch_MAX,max_CL,CL@BC_t_ch_MAX,aic,PV,PV_OK,t_ch_MAX_OK,phyl_OK
A.D.3.6,757,9,2.713607029015475,,,,*,*,*
A.D,2353,13,1.4470448487531449,-0.16208650580861905,28.324173011617237,0.05641613950377735,*,,
A.D.2.2.NmC1,394,10,1.3490412205978277,1.144739123438643,25.710521753122713,0.2080451823570204,*,*,
A.D.NmC2,637,3,0.8214938606728845,-0.21396191371489892,28.427923827429797,0.053397038145197105,*,,
A.3.1.NmC2,67,3,0.7842629544639835,-8.801427369216725,45.60285473843345,9.979276153307663e-06,,,
A.D.NmC1,515,3,0.7617583771145795,-1.03434173429772,30.068683468595438,0.023517745856009107,*,,
A.3.1,1992,3,0.6250728530767242,-10.634694179954,49.269388359908,1.5928272119405093e-06,,,
A.3.1.1,731,3,0.5252628294081298,-2.8584996045984736,33.71699920919695,0.0037914755821486113,*,,
