,num_seq,t_ch_MAX,max_CL,CL@BC_t_ch_MAX,aic,PV,PV_OK,t_ch_MAX_OK,phyl_OK
A.D.4.NmC3,1653,56,41.751151426225185,,,,*,*,*
A.D.2.2.1,40,46,22.535607856653936,-1.4845257031279804,146.96905140625597,1.6721609414644905e-19,,,
A.D.4.NmC1,2189,40,15.686286216381719,6.528080159533914,130.94383968093217,5.059974723366244e-16,,,
A.D.4.NmC2,848,42,5.941066991021897,-6.74497620514923,157.48995241029846,8.687385629625003e-22,,,
A.D.3.NmC2,401,11,2.7892203098126522,-31.212209792341053,206.4244195846821,2.0600350058938623e-32,,,
