,num_seq,t_ch_MAX,max_CL,CL@BC_t_ch_MAX,aic,PV,PV_OK,t_ch_MAX_OK,phyl_OK
B.D.4.1,218,20,2.3773327840382805,,,,*,*,*
B.D.4,1413,14,2.100007047128541,2.1000070471285412,25.79998590574292,742104034.8529294,*,,
B.D.2,1269,16,1.19131479862659,-21.80482503985322,73.60965007970644,0.030807411032751173,*,,
B.D.E.3.NmC1,1318,16,1.142691990764051,-18.85730800923595,67.7146160184719,0.5886049696783587,*,,
