,num_seq,t_ch_MAX,max_CL,CL@BC_t_ch_MAX,aic,PV,PV_OK,t_ch_MAX_OK,phyl_OK
B.D.2,1269,13,8.908935181276341,,,,*,*,*
B.D.4,1413,21,3.4686709491648817,-1.3035270984415055,32.60705419688301,3.661692473458402e-05,*,,
B.D.E.2,853,8,2.549031758874969,-3.787885816120859,37.57577163224172,3.0511255580364225e-06,,,
B.D.4.NmC1,1212,3,0.1984072801846949,-29.816110902412557,89.63222180482512,1.520359136402314e-17,,,
