,num_seq,t_ch_MAX,max_CL,CL@BC_t_ch_MAX,aic,PV,PV_OK,t_ch_MAX_OK,phyl_OK
A.D.4.NmC2,848,57,41.683090879090486,,,,*,*,*
A.D.3.NmC2,401,27,9.263701653091719,-74.4637205718792,328.9274411437584,3.60326270765913e-51,,,
A.D.4,176,9,7.102051250112197,-116.63832618707524,413.27665237415044,1.7391063973911212e-69,,,
A.D.4.NmC3,1653,49,6.77599819464518,-29.807991907791305,239.6159838155826,8.914890564538851e-32,,,
A.D.3.NmC1,397,7,5.63795497407799,-115.5343916499879,411.0687832999758,5.250752588861259e-69,,,
A.D.4.NmC1,2189,9,5.519717952100314,-77.5461902905999,335.0923805811998,1.6560327555523853e-52,,,
A.3,202,4,0.6816634035457612,-226.70690175318256,633.4138035063652,2.7523521690905222e-117,,,
