,num_seq,t_ch_MAX,max_CL,CL@BC_t_ch_MAX,aic,PV,PV_OK,t_ch_MAX_OK,phyl_OK
B.D.2,1269,5,12.065433904468707,,,,*,*,*
B.D.E.3.NmC1,1318,1,9.073619460056593,8.622170008529826,18.755659982940347,0.031904762042607934,*,,
B.D.E.2,853,1,4.247084467613727,1.8341181858437718,32.33176362831246,3.607176974758541e-05,*,,
B.D.1,334,20,2.0518171548446595,-27.197643742435822,90.39528748487164,8.859866297192712e-18,,,
