,num_seq,t_ch_MAX,max_CL,CL@BC_t_ch_MAX,aic,PV,PV_OK,t_ch_MAX_OK,phyl_OK
A.D.4.NmC1,0,12,33.303530696623554,,,,*,*,*
A.D.4.NmC3,0,1,18.026408790685984,7.724500129963167,90.55099974007366,7.775837084945365e-12,,,
A.3.1,1992,41,13.19053308683841,-151.9033713887041,409.8067427774082,3.6670683660896096e-81,,,
A.3.1.1,731,47,5.560889056322359,-79.2706395663045,264.541279132609,1.2861709604908464e-49,,,
