,num_seq,t_ch_MAX,max_CL,CL@BC_t_ch_MAX,aic,PV,PV_OK,t_ch_MAX_OK,phyl_OK
B.D.E.3,125,37,22.530270245400683,,,,*,*,*
B.D.NmC1,1726,50,19.97165544741722,16.897816106142905,76.20436778771419,13797527.949682068,*,,
B.D.E.3.NmC1,1318,40,16.842866249488242,4.859328045670784,100.28134390865843,81.450868664968,*,,
B.D.3,433,30,13.221991564040309,-1.018592264295415,112.03718452859083,0.22763768838381182,*,,
B.D,150,30,12.856048536642987,0.7270724567871841,108.54585508642563,1.3034309757783695,*,,
