,num_seq,t_ch_MAX,max_CL,CL@BC_t_ch_MAX,aic,PV,PV_OK,t_ch_MAX_OK,phyl_OK
A.D.5.NmC1,425,67,15.951491953005894,,,,*,*,*
A.D.2.2.NmC1,394,67,3.97658855420392,3.97658855420392,32.04682289159216,6.299753829580411e-06,,*,
A.2.1.1,31,78,2.6690118862762557,-50.78114098217346,141.56228196434694,1.0459940704358877e-29,,,
