,num_seq,t_ch_MAX,max_CL,CL@BC_t_ch_MAX,aic,PV,PV_OK,t_ch_MAX_OK,phyl_OK
A.D.4.NmC3,1653,66,46.925530455693305,,,,*,*,*
A.D.2.2.1,40,31,26.792704521615267,-46.95010885654557,307.90021771309114,1.7006130653966258e-41,,,
A.D.3.NmC2,401,37,23.91009002403486,-67.83095530379666,349.6619106075933,1.4539073403918392e-50,,,
A.D.4.NmC2,848,53,14.261494626701023,-18.760541018574457,251.52108203714891,2.9741779956259125e-29,,,
A.D.4.NmC1,2189,42,8.68632463235865,-60.006433395463354,334.0128667909267,3.6382375350452483e-47,,,
A.2.1.1,31,3,3.827176228359737,-429.9313727540065,1073.862745508013,8.026104907863984e-208,,,
