,num_seq,t_ch_MAX,max_CL,CL@BC_t_ch_MAX,aic,PV,PV_OK,t_ch_MAX_OK,phyl_OK
B.D.4.NmC1,1212,8,12.92157138840327,,,,*,*,*
B.D.1.1,115,24,5.114487321656981,-97.00997452878826,256.0199490575765,1.8113718089582656e-48,,,
B.D.NmC1,1726,19,3.2972713752175733,-4.192774313282258,70.38554862656451,3.6902003204079704e-08,,,
B.D.4.1,218,27,0.3017632896672511,-52.434137577426405,166.86827515485282,4.136986800293926e-29,,,
B.D,150,26,0.035783217761530095,-75.30429009173017,212.60858018346033,4.8346978116090713e-39,,,
