,num_seq,t_ch_MAX,max_CL,CL@BC_t_ch_MAX,aic,PV,PV_OK,t_ch_MAX_OK,phyl_OK
B.D.E.2,853,4,19.946007166927817,,,,*,*,*
B.D.E.3.NmC1,1318,17,3.9270561970379685,-44.928192883317806,145.8563857666356,6.685678470164923e-29,,,
B.D.4.1,218,17,0.19388579380057175,-59.20811418120525,174.4162283624105,4.20165398950042e-35,,,
