,num_seq,t_ch_MAX,max_CL,CL@BC_t_ch_MAX,aic,PV,PV_OK,t_ch_MAX_OK,phyl_OK
A.1.NmC2,0,1154,92.05145075792923,,,,*,*,*
A.1,836,4,1.5600511547057272,-108.76592851438532,2739.5318570287704,1.4344569185317537e-68,,,
A.1.NmC1,0,560,1.2805281256853516,-53.189452402160384,2628.378904804321,1.96156787902014e-44,,,
