,num_seq,t_ch_MAX,max_CL,CL@BC_t_ch_MAX,aic,PV,PV_OK,t_ch_MAX_OK,phyl_OK
B.1.6,35,21,3.2833839468289208,,,,*,*,*
B.1.17.NmC5,0,22,2.2296718034539955,1.459345856084646,113.08130828783071,10.38123656273188,*,*,
B.1.17.NmC1,0,22,1.217227967986598,-1.6963337676293084,119.39266753525861,0.4426393273613521,*,*,
B.1,452,22,1.0064419377524143,-2.1709348539447832,120.34186970788957,0.27527078308975256,*,*,
B.1.13,353,22,0.9262910445811349,-4.558252132312731,125.11650426462546,0.025222974835227223,*,*,
B.1.NmC10,0,7,0.309633852057906,-15.434472937679512,146.86894587535903,4.773575720255615e-07,,,
B.1.17.NmC6,0,7,0.20727028171363054,-11.972925329674831,139.94585065934967,1.51880746582362e-05,*,,
B.1.17.NmC2,0,19,0.07655920274909206,-9.866477553606963,135.7329551072139,0.00012527490443005573,*,,
