,num_seq,t_ch_MAX,max_CL,CL@BC_t_ch_MAX,aic,PV,PV_OK,t_ch_MAX_OK,phyl_OK
B.D.E.3,125,42,26.618044973178446,,,,*,*,*
B.D.NmC1,1726,48,23.164091525699366,20.848353357637045,52.30329328472591,0.0031197575141649948,*,,
B.D.3,433,34,21.35449115893184,18.291440618345945,57.41711876330811,0.00024117204487855842,*,,
B.D.E.3.NmC1,1318,28,2.181279350250515,-3.6091194430519558,101.2182388861039,7.434945888300525e-14,,,
