,num_seq,t_ch_MAX,max_CL,CL@BC_t_ch_MAX,aic,PV,PV_OK,t_ch_MAX_OK,phyl_OK
A.D.3.NmC1,0,18,3.170397799306182,,,,*,*,*
A.D.3,128,14,3.0982030855918197,1.8838075063130657,10.23238498737387,0.6505090947233162,*,,
A.D.3.6,757,16,2.31092508719814,2.31092508719814,9.378149825603721,0.9950124791926815,*,,
A.D,2353,13,2.2656544043100566,0.7506592446755139,12.498681510648971,0.20908801317328285,*,,
A.D.4.NmC3,0,13,1.6178434434310804,0.4739730416333588,13.052053916733282,0.15881742610692057,*,,
A.D.3.NmC2,0,18,1.4262759028620722,0.9793845311792012,12.041230937641597,0.2631581754560287,*,*,
A.D.4.NmC2,0,12,0.38432706323307775,-1.9520347866153211,17.904069573230643,0.014051867133046037,*,,
