,num_seq,t_ch_MAX,max_CL,CL@BC_t_ch_MAX,aic,PV,PV_OK,t_ch_MAX_OK,phyl_OK
B.1.6,35,60,20.866587944958344,,,,*,*,*
B.1.13.NmC1,402,59,3.9442921776278843,2.2993078536645317,119.40138429267094,8.656113522819196e-09,,*,
