,num_seq,t_ch_MAX,max_CL,CL@BC_t_ch_MAX,aic,PV,PV_OK,t_ch_MAX_OK,phyl_OK
B.D.E.2,853,9,10.402937604302675,,,,*,*,*
B.D.E.3.NmC1,1318,1,4.981763582627071,-0.4852481722340069,44.97049634446801,1.864374233151685e-05,*,,
