,num_seq,t_ch_MAX,max_CL,CL@BC_t_ch_MAX,aic,PV,PV_OK,t_ch_MAX_OK,phyl_OK
A.D.1,1413,86,85.90809779932815,,,,*,*,*
A.D.2,2386,79,38.1701897068583,23.180846862562206,151.6383062748756,5.710934119143865e-28,,,
A.D.2.NmC1,0,79,20.630366544126552,1.2638558085124831,195.47228838297502,1.7343772942796512e-37,,,
A.D.2.NmC2,0,79,0.6486545404365449,-20.22693836872096,238.45387673744193,8.056662353715612e-47,,,
