,num_seq,t_ch_MAX,max_CL,CL@BC_t_ch_MAX,aic,PV,PV_OK,t_ch_MAX_OK,phyl_OK
B.D.2,1269,21,13.752344837406199,,,,*,*,*
B.D.4.1.1,260,24,10.001932381464322,7.8051142811278496,52.3897714377443,0.002618902348363293,*,,
B.D.4.1,218,23,5.019265645326197,4.713155569593179,58.57368886081364,0.00011916517524538292,*,,
B.D.E.2,853,8,2.167776743094545,-4.308663171224945,76.61732634244989,1.4343054770776811e-08,,,
B.D.4.NmC1,1212,6,1.8477019422102388,-45.97787674385385,159.95575348770768,1.147071781159547e-26,,,
B.D.4,1413,6,1.7252251112072532,-5.1574466437286715,78.31489328745734,6.1611647160068325e-09,,,
