,num_seq,t_ch_MAX,max_CL,CL@BC_t_ch_MAX,aic,PV,PV_OK,t_ch_MAX_OK,phyl_OK
A.D.2,2386,54,29.152783664825737,,,,*,*,*
A.D.2.NmC1,0,13,6.308751992688714,-62.15611386935381,332.31222773870763,2.00017271388466e-38,,,
A.D.1,1413,12,5.811687676579062,-58.62407544317723,325.24815088635444,6.825382891251556e-37,,,
A.D.4.1,103,7,5.4687321013099615,-132.71731064356777,473.43462128713554,4.542018044973882e-69,,,
A.D.2.NmC2,0,5,3.485638884686919,-107.80794353009844,423.6158870601969,2.9740819217922895e-58,,,
