,num_seq,t_ch_MAX,max_CL,CL@BC_t_ch_MAX,aic,PV,PV_OK,t_ch_MAX_OK,phyl_OK
B.D.4.1.1,260,13,8.36109927132275,,,,*,*,*
B.D.1,334,5,0.9521249357657593,-3.7790908298539074,33.55818165970781,5.341521609404953e-06,,,
