,num_seq,t_ch_MAX,max_CL,CL@BC_t_ch_MAX,aic,PV,PV_OK,t_ch_MAX_OK,phyl_OK
B.D.4.NmC1,0,6,13.554681159050181,,,,*,*,*
B.D.NmC1,0,1,12.316937186231746,9.630676007606363,42.73864798478728,0.04482451855926685,*,,
B.D,150,6,11.07227827710894,7.959586402304476,46.08082719539105,0.008438084087451546,*,*,
B.D.1.1,115,18,5.6166346655816515,-56.67458082430854,175.3491616486171,7.171665269575693e-31,,,
B.D.4.1,218,22,0.3017632896672511,-38.40190081034168,138.80380162068337,6.199428676559441e-23,,,
B.D.1,334,12,0.01453443007375077,-3.161574152078879,68.32314830415775,1.2499401259891471e-07,,,
