,num_seq,t_ch_MAX,max_CL,CL@BC_t_ch_MAX,aic,PV,PV_OK,t_ch_MAX_OK,phyl_OK
B.D.1.1,115,20,4.2629495568934965,,,,*,*,*
B.D.4.NmC1,0,17,3.7643911570108424,2.85018629772295,10.2996274045541,0.24292561344874233,*,,
B.D.4.1,218,21,2.8012933399480806,2.1041064122928104,11.79178717541438,0.11532512103806256,*,*,
B,21,22,1.7204715509694903,-12.271134137308657,40.542268274617314,6.590839589414882e-08,,,
B.D.NmC1,0,18,0.8610701272897048,-0.27700948100537337,16.554018962010748,0.010673406553522917,*,,
B.D.1,334,22,0.1324185399809079,-1.836978571065055,19.67395714213011,0.0022428677194857994,*,,
