,num_seq,t_ch_MAX,max_CL,CL@BC_t_ch_MAX,aic,PV,PV_OK,t_ch_MAX_OK,phyl_OK
A.2.1,366,18,520.8016794941311,,,,*,*,*
A.D.3.8,102,637,7.118412124797061,-2062.7027811908547,6367.405562381709,0.0,,,
A.D.5.1,539,637,4.654456831814697,-722.7583209154301,3687.51664183086,0.0,,,
