,num_seq,t_ch_MAX,max_CL,CL@BC_t_ch_MAX,aic,PV,PV_OK,t_ch_MAX_OK,phyl_OK
A.D.2.2.1,40,47,36.16464978179625,,,,*,*,*
A.D.4.NmC3,0,55,35.326111727192334,32.710913814921625,104.57817237015675,0.03158730435609084,*,,
A.D.4.NmC1,0,60,31.100003844266865,22.96239315796341,124.07521368407318,1.8413712856029231e-06,,,
A.D.3.NmC2,0,34,15.940937166139745,-20.38514359774648,210.77028719549295,2.7583352428071278e-25,,,
A.D.4.NmC2,0,38,5.539540505780207,-7.257412323776857,184.51482464755372,1.3897401217413482e-19,,,
A.2.1.1,31,3,3.827176228359737,-243.34788511103798,656.6957702220759,4.056746693084877e-122,,,
