,num_seq,t_ch_MAX,max_CL,CL@BC_t_ch_MAX,aic,PV,PV_OK,t_ch_MAX_OK,phyl_OK
A.D.4.NmC1,2189,48,8.137610686303455,,,,*,*,*
A.3.1,1992,48,7.706474844009231,7.706474844009231,12.587050311981537,0.6472646670780349,*,*,
A.3.1.NmC1,266,52,7.551960681240775,-1.5665797171749674,31.133159434349935,6.09778423464991e-05,*,,
A.3.1.1,731,48,7.5396378390366685,7.539637839036669,12.920724321926661,0.5488116360940266,*,*,
A.D.4.NmC3,1653,48,0.3433714362779745,0.3433714362779746,27.31325712744405,0.00041178878410874956,*,*,
