,num_seq,t_ch_MAX,max_CL,CL@BC_t_ch_MAX,aic,PV,PV_OK,t_ch_MAX_OK,phyl_OK
A.2.1.1,31,5,71.83071137465741,,,,*,*,*
A.3,202,5,37.224884415676485,27.224884415676474,73.55023116864706,9.359215640672713e-16,,*,
A.3.1.1,731,6,27.263231556604662,27.077028072100383,73.84594385579923,8.055551555009173e-16,,*,
