,num_seq,t_ch_MAX,max_CL,CL@BC_t_ch_MAX,aic,PV,PV_OK,t_ch_MAX_OK,phyl_OK
A.3,202,3,2.926583450743769,,,,*,*,*
A.D.3,128,3,0.20940928572400075,0.20940928572400075,9.581181428551998,0.06620495300707324,*,*,
