,num_seq,t_ch_MAX,max_CL,CL@BC_t_ch_MAX,aic,PV,PV_OK,t_ch_MAX_OK,phyl_OK
A.3.1,1992,44,11.40554846301488,,,,*,*,*
A.D.4.NmC1,2189,44,10.343216439221276,10.343216439221278,19.313567121557444,1.6487212707001282,*,*,
A.3.1.1,731,44,9.773347313284408,9.77334731328441,20.45330537343118,0.9323938199059479,*,*,
A.3.1.NmC1,266,52,6.525319301376363,-9.579285055274061,59.158570110548126,3.6629390230950236e-09,,,
A.D.4.NmC3,1653,45,0.0651262225863524,-0.29270338834401843,40.58540677668804,3.946880282554347e-05,*,*,
