,num_seq,t_ch_MAX,max_CL,CL@BC_t_ch_MAX,aic,PV,PV_OK,t_ch_MAX_OK,phyl_OK
A.D.4.NmC1,2189,54,36.512423287913485,,,,*,*,*
A.D.4.NmC3,1653,48,15.947246808133496,-27.341698478002094,234.68339695600417,1.312419061126543e-22,,,
A.D.4.NmC2,848,29,4.6148267816072694,-63.66169609769889,307.3233921953978,2.210532714513788e-38,,,
A.D.3.NmC2,401,21,3.18504997957513,-123.89130935822885,427.7826187164577,1.5379432189117218e-64,,,
