,num_seq,t_ch_MAX,max_CL,CL@BC_t_ch_MAX,aic,PV,PV_OK,t_ch_MAX_OK,phyl_OK
A.D.4.NmC3,1653,55,39.375707290696496,,,,*,*,*
A.D.2.2.1,40,39,32.805525664789684,19.962552911709736,156.07489417658053,3.718297257234499e-09,,,
A.D.4.NmC1,2189,61,27.911359115557545,23.096973107155574,149.80605378568885,8.505225539469533e-08,,,
A.D.3.NmC2,401,35,18.618707707817038,3.45090171973291,189.09819656053418,2.5001768963346144e-16,,,
A.D.4.NmC2,848,43,8.60553401511136,5.452931616930359,185.0941367661393,1.8566548390685314e-15,,,
A.2.1.1,31,3,3.827176228359737,-310.1832907260637,816.3665814521274,1.5417746685141436e-152,,,
