,num_seq,t_ch_MAX,max_CL,CL@BC_t_ch_MAX,aic,PV,PV_OK,t_ch_MAX_OK,phyl_OK
A.3.1,1992,42,7.803185993078525,,,,*,*,*
A.D.4.NmC1,0,41,7.637517378194831,7.63751737819483,42.72496524361034,1.5840739849944832,*,*,
A.3.1.1,731,42,4.814567149724697,4.094921567638737,49.81015686472253,0.04573003390021821,*,*,
A.D.2.2.NmC1,0,57,3.609334173200286,-14.60226041736421,87.20452083472841,3.475891281239922e-10,,,
A.D.4,176,57,3.379337684569949,-47.02247778044931,152.04495556089861,2.892271651262775e-24,,,
A.D.5,115,57,3.2887075148211555,-46.31357007244222,150.62714014488444,5.853514393303041e-24,,,
A.3.1.NmC1,0,49,1.8144944214458634,-11.290782663739767,80.58156532747954,9.518771886344993e-09,,,
A.D.4.NmC2,0,58,0.6394332122152728,-14.874620134183687,87.74924026836737,2.640190120590568e-10,,,
A.D.4.NmC3,0,41,0.49174747545851705,0.49174747545851705,57.016505049082966,0.0012432827729612394,*,*,
