,num_seq,t_ch_MAX,max_CL,CL@BC_t_ch_MAX,aic,PV,PV_OK,t_ch_MAX_OK,phyl_OK
A.3.1,1992,6,8.514708825755449,,,,*,*,*
A.3.1.1,731,1,4.323105507867521,3.3056226350958298,55.38875472980834,0.04642115485743125,*,,
A.D.4.NmC3,0,1,2.8198978258948406,1.9219370667130127,58.15612586657397,0.011620319874630965,*,,
A.D.4.NmC1,0,6,1.863876126918632,-8.400418529148208,78.80083705829642,3.8308842490024125e-07,,*,
A.3.1.NmC2,0,19,1.7885454068437414,-55.16502025260116,172.3300405052023,1.8772304219640552e-27,,,
