,num_seq,t_ch_MAX,max_CL,CL@BC_t_ch_MAX,aic,PV,PV_OK,t_ch_MAX_OK,phyl_OK
A.3,202,4,1.6834726294224824,,,,*,*,*
A.3.1.1,731,5,1.0582382794582685,1.0174828727716927,9.965034254456615,0.5117085777865426,*,*,
