,num_seq,t_ch_MAX,max_CL,CL@BC_t_ch_MAX,aic,PV,PV_OK,t_ch_MAX_OK,phyl_OK
A.D.4.NmC1,2189,25,20.967930368065886,,,,*,*,*
A.D.4.NmC3,1653,1,12.351084202758598,-3.956812421046296,97.91362484209259,1.4969594580420215e-11,,,
A.3.1,1992,52,8.535588357485146,-89.86727034040983,269.7345406808197,7.327757662184308e-49,,,
A.3.1.NmC1,266,52,8.433420282825033,-171.1005684277843,432.2011368555686,3.8464391010900684e-84,,,
A.3.1.1,731,52,7.366270374117819,-50.64079139078162,191.28158278156326,7.946431625864432e-32,,,
