,num_seq,t_ch_MAX,max_CL,CL@BC_t_ch_MAX,aic,PV,PV_OK,t_ch_MAX_OK,phyl_OK
A.1.NmC2,195,1390,197.16973032353076,,,,*,*,*
A.1.NmC1,377,1390,152.3673843089542,141.23651671892168,2517.5269665621568,1.123784334544843e-20,,*,
