,num_seq,t_ch_MAX,max_CL,CL@BC_t_ch_MAX,aic,PV,PV_OK,t_ch_MAX_OK,phyl_OK
A.D.2.2.NmC1,0,12,3.2910305144076686,,,,*,*,*
A.D.3.6,757,11,1.935802856970253,-16.290404984746115,78.58080996949224,0.0007173117601093122,*,*,
A.D,2353,13,1.9125032627250311,-9.993570910427762,65.98714182085553,0.3886795709017529,*,*,
A.D.5.NmC1,0,12,1.7231156535011332,-10.994600200590128,67.98920040118026,0.14298722333809286,*,*,
A.3.1.1,731,4,1.3783606647898734,-14.694367500264802,75.3887350005296,0.003535148401119659,*,,
