,num_seq,t_ch_MAX,max_CL,CL@BC_t_ch_MAX,aic,PV,PV_OK,t_ch_MAX_OK,phyl_OK
A.D.5.NmC1,425,29,18.092722324105473,,,,*,*,*
A.D.2.1,76,38,15.470066895392458,13.909985087448375,74.18002982510325,0.3753110988513981,*,,
A.D.2.2.NmC1,394,15,5.5390380287037635,-2.33645829274543,106.67291658549087,3.305807413103648e-08,,,
A.D,2353,13,4.794106538689392,-142.09135619535863,386.18271239071726,6.675014767137664e-69,,,
A.D.NmC2,637,13,4.23577887811116,-167.4909943850914,436.9819887701828,6.214016333848589e-80,,,
A.D.NmC1,515,13,4.174794513259441,-193.25804540792194,488.5160908158439,3.9957986133556216e-91,,,
A.3.1.1,731,4,1.3783606647898734,-24.946501486301884,151.89300297260377,5.0104797745391854e-18,,,
A.D.3.6,757,4,1.2443409514158696,-125.32541647533724,352.6508329506745,1.2746742714982493e-61,,,
A.D.5,115,10,0.008271382860996906,-151.78751343130028,405.57502686260057,4.090682344620701e-73,,,
