,num_seq,t_ch_MAX,max_CL,CL@BC_t_ch_MAX,aic,PV,PV_OK,t_ch_MAX_OK,phyl_OK
B.D.4,1413,13,5.846159479431998,,,,*,*,*
B.D.4.NmC1,1212,19,5.211606648529709,1.7049296876044657,46.59014062479107,0.01935121636967759,*,,
B.D.4.1,218,10,4.071761104961714,-6.351243652274295,62.70248730454859,6.14421235332821e-06,,,
B.D.2,1269,7,2.370876118804915,-24.434737341199213,98.86947468239842,8.595091649676929e-14,,,
B.D.E.2,853,7,2.235246474324864,-10.66029843640528,71.32059687281057,8.253858136600958e-08,,,
