,num_seq,t_ch_MAX,max_CL,CL@BC_t_ch_MAX,aic,PV,PV_OK,t_ch_MAX_OK,phyl_OK
B.D.E.2,853,9,10.53645613815514,,,,*,*,*
B.D.E.3.NmC1,0,16,1.89581858347713,-9.294422201802888,68.58884440360578,2.443095387992963e-09,,,
