,num_seq,t_ch_MAX,max_CL,CL@BC_t_ch_MAX,aic,PV,PV_OK,t_ch_MAX_OK,phyl_OK
B.D.1.NmC1,605,150,63.88416510723722,,,,*,*,*
B.D.4.1.2,1305,11,12.376565458860743,-295.1656664141825,1672.331332828365,6.642424259857461e-129,,,
