,num_seq,t_ch_MAX,max_CL,CL@BC_t_ch_MAX,aic,PV,PV_OK,t_ch_MAX_OK,phyl_OK
A.D.4.NmC1,2189,51,32.01108382566331,,,,*,*,*
A.D.2.2.1,40,69,27.35300326574336,7.113871352165881,135.77225729566823,1.5425486606839912e-11,,,
A.D.4.NmC3,1653,46,19.97881449082315,17.706988014830422,114.58602397033916,6.129392553291701e-07,,,
A.D.4.NmC2,848,16,8.761513209620636,-11.463570375491917,172.92714075098382,1.3153683847432437e-19,,,
A.D.3.NmC1,397,11,5.094862948100304,-57.65048914360385,265.3009782872077,1.1512158293123184e-39,,,
A.D.3.NmC2,401,11,1.2489834865792924,-58.44957661196735,266.8991532239347,5.1727461606026105e-40,,,
