,num_seq,t_ch_MAX,max_CL,CL@BC_t_ch_MAX,aic,PV,PV_OK,t_ch_MAX_OK,phyl_OK
B.D.E.3.NmC1,1318,29,13.018650473004906,,,,*,*,*
B.D.NmC1,1726,35,12.422544475289047,12.422544475289047,81.15491104942191,70615.15072765487,*,,
B.D,150,21,10.365897110815594,-14.402553054662478,134.80510610932495,1.5731746549811885e-07,,,
B.D.3,433,20,8.3753086339317,-13.72880180964441,133.45760361928882,3.0897668993430324e-07,,,
B.D.E.3,125,28,2.150186316330471,-21.220436398928186,148.44087279785637,1.726076527840446e-10,,*,
