,num_seq,t_ch_MAX,max_CL,CL@BC_t_ch_MAX,aic,PV,PV_OK,t_ch_MAX_OK,phyl_OK
B.D.NmC1,0,55,34.72817422337804,,,,*,*,*
B.D,150,33,5.549822613807666,-66.54083260053403,253.08166520106806,1.0447149694847096e-44,,,
