,num_seq,t_ch_MAX,max_CL,CL@BC_t_ch_MAX,aic,PV,PV_OK,t_ch_MAX_OK,phyl_OK
B.D.4.1,218,5,11.723046766549983,,,,*,*,*
B.D.E.3.NmC1,1318,1,8.148206477766404,6.073471715675591,43.85305656864882,0.0035175167749121224,*,,
B.D.4,1413,1,2.766594366282307,1.452854458022858,53.09429108395428,3.465737542501423e-05,*,,
B.D.4.NmC1,1212,21,2.213422104947448,-19.860361222280012,95.72072244456002,1.917824176282845e-14,,,
B.D.2,1269,14,2.165873675884255,-41.929267276475564,139.85853455295114,4.988035933877453e-24,,,
B.D.1.1,115,21,2.154304173590048,-103.99355762144158,263.9871152428832,5.539142706669986e-51,,,
B.D.E.2,853,1,1.9921172941646619,1.1286043164080195,53.74279136718396,2.5040901750015334e-05,*,,
B.D.NmC1,1726,21,0.9832946638407384,-13.85641094890966,83.71282189781932,7.775837084945365e-12,,,
