,num_seq,t_ch_MAX,max_CL,CL@BC_t_ch_MAX,aic,PV,PV_OK,t_ch_MAX_OK,phyl_OK
B.D.4.1,218,7,8.95902298934499,,,,*,*,*
B.D.4,1413,13,3.0975183402089774,-1.9728129902427092,31.945625980485417,1.7823370720875278e-05,*,,
