,num_seq,t_ch_MAX,max_CL,CL@BC_t_ch_MAX,aic,PV,PV_OK,t_ch_MAX_OK,phyl_OK
A.D.1,1413,84,85.23231493506246,,,,*,*,*
A.D.2,2386,79,47.40025284287146,42.41090999857536,165.17818000284927,5.865670318545934e-19,,,
A.D.2.NmC1,0,79,29.51044152300996,20.143930787395885,209.71213842520822,1.2553100625141452e-28,,,
A.D.2.1,76,92,1.1807068838567467,-10.677033538282412,271.35406707656483,5.173626564433004e-42,,,
