,num_seq,t_ch_MAX,max_CL,CL@BC_t_ch_MAX,aic,PV,PV_OK,t_ch_MAX_OK,phyl_OK
A.D.4.NmC3,0,54,36.38564131822407,,,,*,*,*
A.D.4.NmC1,0,59,21.76193213504338,17.740116382201123,162.51976723559775,7.990599889092821e-09,,,
A.D.2.2.1,40,46,12.053795511612023,7.66583440919857,182.66833118160287,3.365599850663041e-13,,,
A.2.1.1,31,3,3.827176228359737,-293.17167318832963,784.3433463766593,7.517648511649208e-144,,,
A.D.3.NmC2,0,9,1.5922885143007912,-41.85296999930276,281.7059399986055,1.0490585698052303e-34,,,
