,num_seq,t_ch_MAX,max_CL,CL@BC_t_ch_MAX,aic,PV,PV_OK,t_ch_MAX_OK,phyl_OK
A.1.NmC2,82,22,4.731802372445623,,,,*,*,*
B.1.17.NmC1,375,2,4.462149555398859,3.840312120350715,32.319375759298566,0.4106557527523453,*,,
B.1.17.NmC6,201,4,4.143592137626712,2.425900622459216,35.148198755081566,0.09975880065361867,*,,
A.1.NmC3,63,22,3.317710679434111,3.3177106794341116,33.36457864113178,0.24414328315343706,*,*,
B.1,452,2,2.699322235431948,0.849671407339897,38.300657185320205,0.020650825181712584,*,,
B.1.17.NmC5,119,22,2.258645388123257,2.258645388123257,35.48270922375349,0.0845848590015648,*,*,
B.1.13,353,23,0.8508777282233148,-3.3833580574677122,46.76671611493543,0.0002990200290583136,*,*,
B.1.NmC10,223,23,0.8161859434972916,-3.871091620241203,47.742183240482404,0.00018410579366757887,*,*,
B.1.1,446,23,0.7799286387864102,-1.6388281605512143,43.27765632110243,0.0017121592255655213,*,*,
