,num_seq,t_ch_MAX,max_CL,CL@BC_t_ch_MAX,aic,PV,PV_OK,t_ch_MAX_OK,phyl_OK
B.1.13.NmC1,0,21,1.623490678284691,,,,*,*,*
B.1.2.NmC2,0,21,1.5747436759500597,1.5747436759500597,84.85051264809988,0.9512294245007167,*,*,
B.1.6,35,21,1.5092415296886246,1.5092415296886246,84.98151694062275,0.8913661439068296,*,*,
B.1.NmC4,0,21,0.8211038046193745,0.8211038046193745,86.35779239076125,0.4470879265593566,*,*,
A.1.NmC3,0,18,0.7829803155528423,-1.2875655176310299,90.57513103526206,0.05420403103297351,*,,
B.1,452,21,0.547430927837816,0.547430927837816,86.90513814432437,0.3395955256449397,*,*,
A.1.NmC2,0,18,0.34945552962730825,-5.017369803165461,98.03473960633092,0.0013070272438363863,*,,
B.1.13,353,21,0.2566513256239754,0.2566513256239754,87.48669734875205,0.25410695955280094,*,*,
B.1.17.NmC6,0,21,0.10571178421144645,0.10571178421144645,87.78857643157711,0.21871188695221408,*,*,
