,num_seq,t_ch_MAX,max_CL,CL@BC_t_ch_MAX,aic,PV,PV_OK,t_ch_MAX_OK,phyl_OK
A.D.2.1,76,6,3.4783552942704,,,,*,*,*
A.D.5.NmC1,425,7,2.8486076058724374,2.1846515245274145,9.630696950945172,0.2738978643314455,*,*,
A.3.1.1,731,7,1.2487947180734216,0.3956968826916781,13.208606234616644,0.04573003390021823,*,*,
A.D.5,115,4,0.9848861119078991,-0.9491366095614934,15.898273219122986,0.011914489672789647,*,,
