,num_seq,t_ch_MAX,max_CL,CL@BC_t_ch_MAX,aic,PV,PV_OK,t_ch_MAX_OK,phyl_OK
B.1.NmC8,55,25,6.190870876777297,,,,*,*,*
B.1.13.NmC3,123,17,4.66541789147541,2.8080573213607076,34.38388535727859,0.163654136802704,*,,
B.1.1,446,15,4.233890983959804,4.233890983959805,31.53221803208039,0.6804506362045878,*,,
B.1.NmC6,113,25,3.776791766356724,-11.292592728022871,62.58518545604574,1.2251896532074347e-07,,*,
B.1.NmC7,172,17,2.98461209910606,1.0123212717358965,37.97535745652821,0.027051846866350475,*,,
B.1.NmC2,322,1,2.71013714187401,2.1487494716884834,35.702501056623035,0.08458485900156465,*,,
B.1.17.NmC5,119,26,2.1222947901154523,-65.62898813706161,171.25797627412322,3.0960833673866636e-31,,*,
A.1.NmC1,241,28,0.993497692119924,-22.126747820931126,84.25349564186226,2.4254598030683363e-12,,,
