,num_seq,t_ch_MAX,max_CL,CL@BC_t_ch_MAX,aic,PV,PV_OK,t_ch_MAX_OK,phyl_OK
A.D.2.1,76,8,4.691526941937961,,,,*,*,*
A.D.5.NmC1,425,8,3.2394854004192757,3.2394854004192757,11.521029199161449,0.23457028809379762,*,*,
A.D.5,115,4,0.9848861119078991,0.22852941938436566,17.54294116123127,0.011562363287468536,*,,
A.D.NmC2,637,8,0.6152320891827157,0.6152320891827157,16.76953582163457,0.016992214676969066,*,*,
A.3.1.1,731,7,0.5515200379596188,-1.4156990873794828,20.831398174758966,0.0022316813700668067,*,*,
