,num_seq,t_ch_MAX,max_CL,CL@BC_t_ch_MAX,aic,PV,PV_OK,t_ch_MAX_OK,phyl_OK
A.D.3.NmC1,0,39,33.68124232191394,,,,*,*,*
A.D.3.NmC2,0,39,22.987299882404194,-4.768395685070316,183.53679137014063,5.027887923468795,*,*,
A.D.4.NmC2,0,25,7.2611512139975005,-2.607115284345697,179.2142305686914,43.81604173557402,*,,
A.D.4.NmC1,0,10,3.601241287741857,-36.5201126446655,247.040225289331,8.175904083453159e-14,,,
A.D.4,176,6,3.4255798209534807,-170.9733036766311,515.9466073532622,3.3072819720378057e-72,,,
A.3,202,3,0.7578016875640681,-144.31562395430805,462.6312479086161,1.2524549429569324e-60,,,
