,num_seq,t_ch_MAX,max_CL,CL@BC_t_ch_MAX,aic,PV,PV_OK,t_ch_MAX_OK,phyl_OK
A.D.1,1413,81,81.45958636904969,,,,*,*,*
A.D.2,2386,76,33.726494738486856,31.072668703901716,247.85466259219658,1.3124190611265615e-22,,,
A.D.2.NmC1,464,76,18.649181690339994,11.120132997193638,287.7597340056127,2.8296071416542595e-31,,,
A.D.2.2.1,40,89,5.968568059925684,-0.2895451920009805,310.579090384002,3.1363614300791106e-36,,,
A.D.2.1,76,76,1.5726137693187816,-5.888756558834729,321.77751311766946,1.1597837134066125e-38,,,
