,num_seq,t_ch_MAX,max_CL,CL@BC_t_ch_MAX,aic,PV,PV_OK,t_ch_MAX_OK,phyl_OK
B.D.2,1269,7,14.636790776561016,,,,*,*,*
B.D.E.3.NmC1,0,1,12.816551640148472,8.60036313279012,52.79927373441976,0.0023934965273492677,*,,
B.D.4.1,218,20,4.043083700023904,-7.3218016549865474,84.64360330997309,2.917861339467326e-10,,,
B.D.4.NmC1,0,32,2.213422104947448,-50.29091511974596,170.58183023949192,6.359614083571722e-29,,,
B.D.1.1,115,32,2.154304173590048,-159.29947012484138,388.59894024968276,2.890608598145457e-76,,,
B.D.NmC1,0,32,0.9832946638407384,-43.53458634902966,157.06917269805933,5.458709561880184e-26,,,
