,num_seq,t_ch_MAX,max_CL,CL@BC_t_ch_MAX,aic,PV,PV_OK,t_ch_MAX_OK,phyl_OK
B.D.4.1,218,24,5.729907142454195,,,,*,*,*
B.D.4.1.1,260,8,5.426512516850318,-41.463654377914935,156.92730875582987,1.8850353629294364e-17,,,
B.D.2,1269,25,2.544744102924858,-5.312852844738317,84.62570568947663,0.09442022319630239,*,*,
B.D.1,334,5,0.9521249357657593,-64.3925055429397,202.7850110858794,2.0746604688815677e-27,,,
