,num_seq,t_ch_MAX,max_CL,CL@BC_t_ch_MAX,aic,PV,PV_OK,t_ch_MAX_OK,phyl_OK
B.D.4.1.3.NmC1,0,31,1.4527381712350838,,,,*,*,*
B.D.4.1.1.NmC1,0,31,0.7747214387654152,-1.3888652981081462,36.777730596216294,0.5246625421065931,*,*,
