,num_seq,t_ch_MAX,max_CL,CL@BC_t_ch_MAX,aic,PV,PV_OK,t_ch_MAX_OK,phyl_OK
A.1.NmC4,0,7,13.646693132466087,,,,*,*,*
A.1,3213,24,6.032747472889372,2.472076526663928,325.05584694667215,1.4020359987158179e-05,*,,
A.1.NmC5,0,155,1.5351705079276767,-137.08895645957796,604.1779129191559,3.440497687801166e-66,,,
A.1.NmC13,0,133,1.5278921007204163,-18.27449001533543,366.54898003067086,1.3718926762228243e-14,,,
