,num_seq,t_ch_MAX,max_CL,CL@BC_t_ch_MAX,aic,PV,PV_OK,t_ch_MAX_OK,phyl_OK
B.1.17.NmC2,182,44,12.139263383062703,,,,*,*,*
B.1.13.NmC3,123,43,7.489510575848589,-11.335768195626482,144.67153639125297,6.381709594198205e-11,,*,
