,num_seq,t_ch_MAX,max_CL,CL@BC_t_ch_MAX,aic,PV,PV_OK,t_ch_MAX_OK,phyl_OK
A.D.4.NmC3,1653,7,5.667585156186276,,,,*,*,*
A.D.3.NmC2,401,7,3.5765463817767413,3.5765463817767413,18.84690723644652,0.12307024365396765,*,*,
A.D.2.2.1,40,7,1.5073813200559225,1.5073813200559225,22.985237359888156,0.015529714900105516,*,*,
