,num_seq,t_ch_MAX,max_CL,CL@BC_t_ch_MAX,aic,PV,PV_OK,t_ch_MAX_OK,phyl_OK
B.D.3,433,35,5.897491142251772,,,,*,*,*
B.D.1,334,36,5.895574657378389,4.680706680142891,18.63858663971422,0.6603402807049823,*,*,
B.D.NmC1,0,35,3.413158343936437,2.5977321435811596,22.80453571283768,0.08249645139174491,*,*,
