,num_seq,t_ch_MAX,max_CL,CL@BC_t_ch_MAX,aic,PV,PV_OK,t_ch_MAX_OK,phyl_OK
B.D.E.3.NmC1,1318,57,37.12870655607515,,,,*,*,*
B.D.E.3,125,33,21.40800443100063,13.7451933945686,106.5096132108628,6.98270252404644e-11,,,
B.D.NmC1,1726,28,8.170782843369617,-22.260736933532947,178.52147386706588,1.611575735143601e-26,,,
B.D,150,14,4.99917843590103,-81.5356084868404,297.0712169736808,2.913703159871335e-52,,,
B.D.3,433,24,3.932986261513509,-71.6740044200719,277.3480088401438,5.579417965608304e-48,,,
