,num_seq,t_ch_MAX,max_CL,CL@BC_t_ch_MAX,aic,PV,PV_OK,t_ch_MAX_OK,phyl_OK
A.3.1.1,731,25,11.622235435872454,,,,*,*,*
A.3.1,1992,25,5.470168428437895,5.470168428437895,57.05966314312421,0.002133481770037704,*,*,
A.D.2.1,76,4,2.917051139698785,-41.29616078522453,150.59232157044906,1.0454601661387839e-23,,,
A.D.5.NmC1,0,4,1.6968714607870101,-32.290420860433215,132.58084172086643,8.513914796357998e-20,,,
A.D.5,115,4,0.9848861119078991,-62.61711190490674,193.2342238098135,5.7563757626691125e-33,,,
