,num_seq,t_ch_MAX,max_CL,CL@BC_t_ch_MAX,aic,PV,PV_OK,t_ch_MAX_OK,phyl_OK
B.D.E.2,853,3,1.2880848281495212,,,,*,*,*
B.D.4.1.1,260,5,1.0298343150335563,1.0298343150335563,17.94033136993289,0.8958341352965272,*,,
