,num_seq,t_ch_MAX,max_CL,CL@BC_t_ch_MAX,aic,PV,PV_OK,t_ch_MAX_OK,phyl_OK
A.D.4.NmC3,1653,56,37.46129478143905,,,,*,*,*
A.D.4.NmC1,2189,61,31.74030563584411,27.718489883001855,144.5630202339963,5.888053484147931e-05,*,,
A.D.2.2.1,40,34,30.84954835783257,15.551867886643157,168.8962642267137,3.052164252433384e-10,,,
A.D.3.NmC2,401,36,6.184649110186363,-29.611048437889906,259.2220968757798,7.445075371219146e-30,,,
A.2.1.1,31,3,3.827176228359737,-306.31233569290447,812.6246713858089,5.041803972570806e-150,,,
A.D.4.NmC2,848,40,3.6467367967043014,-1.0391612431480468,202.0783224862961,1.9039802832864388e-17,,,
