,num_seq,t_ch_MAX,max_CL,CL@BC_t_ch_MAX,aic,PV,PV_OK,t_ch_MAX_OK,phyl_OK
A.1.NmC2,0,1285,161.0747871193324,,,,*,*,*
A.1.NmC1,0,686,38.51921874842775,2.8508778010916176,2728.2982443978167,1.9699950786763818e-65,,,
