,num_seq,t_ch_MAX,max_CL,CL@BC_t_ch_MAX,aic,PV,PV_OK,t_ch_MAX_OK,phyl_OK
B.D.2,1269,22,14.713288400260414,,,,*,*,*
B.D.E.2,853,9,3.3640415883885235,-14.236359356960982,98.47271871392196,2.6740821739319686e-13,,,
B.D.4.1.1,260,15,2.8068222856503233,-1.9471058241620827,73.89421164832416,5.81639552309056e-08,,,
B.D.4.1,218,15,2.560552447619295,-5.900962448813629,81.80192489762726,1.1143439398052247e-09,,,
B.D.4,1413,7,2.046597951543707,-4.402427010953218,78.80485402190644,4.994143055622534e-09,,,
B.D.4.NmC1,0,7,1.3100174017525827,-45.90284746078071,161.80569492156144,4.710516257530472e-27,,,
