,num_seq,t_ch_MAX,max_CL,CL@BC_t_ch_MAX,aic,PV,PV_OK,t_ch_MAX_OK,phyl_OK
A.D.4.NmC2,0,25,20.358553567997944,,,,*,*,*
A.D.4.NmC1,0,45,18.187181494105012,17.390186330283594,53.21962733943281,0.05130331033191918,*,,
A.D.4,176,18,14.413374454047393,4.7029554048049995,78.59408919039001,1.5889853231163247e-07,,,
A.D.3.NmC1,0,21,12.742924361846885,7.313775588111799,73.37244882377641,2.1608692211871883e-06,,,
A.D.4.NmC3,0,35,12.324279757680115,8.917538400989955,70.16492319802009,1.0756503602951312e-05,*,,
A.D.2.2.1,40,26,4.476990662410834,2.567855240780542,82.86428951843891,1.8788891864637586e-08,,*,
A.3,202,3,0.7578016875640681,-32.207131168012864,152.41426233602573,1.4835785951144762e-23,,,
