,num_seq,t_ch_MAX,max_CL,CL@BC_t_ch_MAX,aic,PV,PV_OK,t_ch_MAX_OK,phyl_OK
B.D.1.1,115,12,17.186592939122097,,,,*,*,*
B.D.NmC1,0,20,8.911484613750199,2.549355456558915,56.90128908688217,0.03142976201836768,*,,
B.D.4.NmC1,0,20,6.543373700501641,-0.7307292468451074,63.461458493690216,0.0011826471566155708,*,,
B.D.4.1,218,28,0.3017632896672511,-73.71895767950286,209.43791535900573,2.364291156934049e-35,,,
B.D,150,27,0.035783217761530095,-71.59636679090335,205.1927335818067,1.9795967489094604e-34,,,
B.D.3,433,20,0.026694951081272178,-18.045757351370867,98.09151470274173,3.573108777686298e-11,,,
