,num_seq,t_ch_MAX,max_CL,CL@BC_t_ch_MAX,aic,PV,PV_OK,t_ch_MAX_OK,phyl_OK
A.D.4.NmC2,848,43,31.581375496036852,,,,*,*,*
A.D.4.NmC3,1653,28,14.362440033557986,9.586967647251372,106.82606470549726,2.803450359871071e-10,,,
A.D.4,176,12,10.741086715801048,-16.265082579609953,158.5301651592199,1.664104187093538e-21,,,
A.D.4.NmC1,2189,12,9.708929116956543,-9.81797976182918,145.63595952365836,1.0476312611033194e-18,,,
A.D.3.NmC1,397,12,6.88218956260078,-26.553144332263784,179.10628866452757,5.653147206896056e-26,,,
A.3,202,5,0.5927232869744894,-80.300243130864,286.600486261728,2.577112424175165e-49,,,
