,num_seq,t_ch_MAX,max_CL,CL@BC_t_ch_MAX,aic,PV,PV_OK,t_ch_MAX_OK,phyl_OK
A.D.4.NmC2,848,50,30.981986791615633,,,,*,*,*
A.D.4.NmC3,1653,49,16.65476942873413,6.654769428734131,130.69046114253175,2.7276379719207582e-11,,*,
A.D.4.NmC1,2189,18,11.833642716265986,-7.898476005700269,159.79695201140055,1.3020586396408104e-17,,,
A.D.4,176,13,11.604736324232443,-81.28911056778648,306.57822113557296,1.744851683142474e-49,,,
A.D.3.NmC1,397,12,6.88218956260078,-49.57043050574861,243.14086101149724,1.0413086659823883e-35,,,
A.3,202,5,0.5927232869744894,-130.72956633318103,405.45913266636205,5.89168245318911e-71,,,
