,num_seq,t_ch_MAX,max_CL,CL@BC_t_ch_MAX,aic,PV,PV_OK,t_ch_MAX_OK,phyl_OK
B.D.1.1,115,17,25.248559238832968,,,,*,*,*
B.D.1,334,10,4.790513048509193,3.181755871324248,35.6364882573515,2.6008828106158164e-10,,,
B.D.4.NmC1,0,23,0.09354262936979896,-3.6974272176390803,49.39485443527816,2.6874860666085526e-13,,,
