,num_seq,t_ch_MAX,max_CL,CL@BC_t_ch_MAX,aic,PV,PV_OK,t_ch_MAX_OK,phyl_OK
A.D.5.NmC1,0,9,1.7316052213799484,,,,*,*,*
A.D.3.6,757,8,1.7057231933682608,0.7858590491833963,24.428281901633206,0.3886795709017529,*,*,
A.D.2.1,76,9,0.01951518373337202,0.01951518373337202,25.960969632533256,0.18086579261712193,*,*,
