,num_seq,t_ch_MAX,max_CL,CL@BC_t_ch_MAX,aic,PV,PV_OK,t_ch_MAX_OK,phyl_OK
A.3.1.1,731,6,18.375071705524775,,,,*,*,*
A.D.5.NmC1,425,34,4.138131904065269,-55.4978521972128,224.99570439442562,8.250782701895846e-33,,,
A.3,202,33,1.8315274911789072,-78.32018924390073,270.64037848780146,1.0136664494610427e-42,,,
A.2.1.1,31,34,0.027446403853784274,-178.3753289372088,470.7506578744176,3.569116183476332e-86,,,
