,num_seq,t_ch_MAX,max_CL,CL@BC_t_ch_MAX,aic,PV,PV_OK,t_ch_MAX_OK,phyl_OK
A.D.2.1,76,4,2.917051139698785,,,,*,*,*
A.D.5.NmC1,0,5,1.7491684410234323,1.7491684410234323,6.501663117953136,0.8436648165963837,*,*,
A.D.5,115,4,0.9848861119078991,-0.022783481426128738,10.045566962852257,0.14298722333809286,*,*,
