,num_seq,t_ch_MAX,max_CL,CL@BC_t_ch_MAX,aic,PV,PV_OK,t_ch_MAX_OK,phyl_OK
A.D.2,2386,83,75.79780065001275,,,,*,*,*
A.D.2.NmC1,0,71,50.17654954323893,37.81103208504277,274.37793582991446,3.17068160110752e-17,,,
A.D.1,1413,77,42.00787830179393,19.369054295972653,311.2618914080547,3.1100143018655055e-25,,,
A.D.2.1,76,93,12.662946374706307,-4.005428635688031,358.01085727137604,2.1934557206297874e-35,,,
A.D.2.NmC2,0,18,6.203218788532232,-39.91131620289876,429.82263240579755,5.594812016375099e-51,,,
A.D.4.1,103,14,5.884143736448856,-48.293642166750764,446.58728433350154,1.2771040090254889e-54,,,
A.D.2.2.1,40,71,1.7805545384917743,-11.913268917564803,373.8265378351296,8.051179695896887e-39,,,
