,num_seq,t_ch_MAX,max_CL,CL@BC_t_ch_MAX,aic,PV,PV_OK,t_ch_MAX_OK,phyl_OK
B.D.E.3.NmC1,0,56,34.94779074085244,,,,*,*,*
B.D.E.3,125,38,23.86609437437788,21.110414036761792,93.77917192647641,9.75807991409929e-07,,,
B.D.NmC1,0,29,7.7217756498180625,-38.054327982310966,212.10865596462193,1.9693882781225363e-32,,,
B.D,150,30,6.964727575961973,-75.49953499068565,286.9990699813713,1.0768977604396193e-48,,,
B.D.3,433,4,1.0584801164583373,-67.33026168871149,270.660523377423,3.805050201288141e-45,,,
