,num_seq,t_ch_MAX,max_CL,CL@BC_t_ch_MAX,aic,PV,PV_OK,t_ch_MAX_OK,phyl_OK
A.D.4.NmC3,1653,7,7.044498238446007,,,,*,*,*
A.D.2.2.1,40,7,6.966692743188943,-1.0064037029264792,26.012807405852957,0.7866278610665532,*,*,
A.D.3.NmC2,401,7,4.348887493196138,-3.429407977431768,30.858815954863537,0.06959935353326908,*,*,
