,num_seq,t_ch_MAX,max_CL,CL@BC_t_ch_MAX,aic,PV,PV_OK,t_ch_MAX_OK,phyl_OK
B.D.2,1269,24,15.422398258846782,,,,*,*,*
B.D.4.1,218,26,9.138753549152858,8.83264347341984,54.33471305316032,0.0013809273676005124,*,,
B.D.4,1413,8,2.321958047238304,-4.6724877634264645,81.34497552685293,1.88375257318135e-09,,,
B.D.4.1.1,260,27,1.1824871746238859,-1.0143309257125863,74.02866185142517,7.284004239922954e-08,,,
B.D.4.NmC1,0,8,0.12938280106834724,-49.600436873724625,171.20087374744924,5.783260921263198e-29,,,
