,num_seq,t_ch_MAX,max_CL,CL@BC_t_ch_MAX,aic,PV,PV_OK,t_ch_MAX_OK,phyl_OK
A.D.4.NmC1,0,48,32.864054518178314,,,,*,*,*
A.D.4.NmC2,0,25,18.697769318657997,-21.667847521354997,205.33569504271,2.0689520682260555e-24,,,
A.D.2.2.1,40,67,14.215516115315234,-7.799260507642188,177.59852101528438,2.1848161298162887e-18,,,
A.D.4,176,18,13.606468233934395,-85.5184414394717,333.0368828789434,3.855207515127452e-52,,,
A.D.3.NmC1,0,21,10.706219241351313,-57.95344214570971,277.90688429141943,3.608902537027109e-40,,,
A.D.4.NmC3,0,43,8.686055703709204,6.414229227716476,149.17154154456705,3.2576989934351138e-12,,,
A.3,202,4,0.6816634035457612,-65.54504413266663,293.0900882653333,1.824231858070585e-43,,,
