,num_seq,t_ch_MAX,max_CL,CL@BC_t_ch_MAX,aic,PV,PV_OK,t_ch_MAX_OK,phyl_OK
A.D.2.2.NmC1,0,47,5.385344563278906,,,,*,*,*
A.D.5,115,51,2.2017380070986436,-19.304693949474963,68.60938789894993,3.5540779088906284e-07,,,
