,num_seq,t_ch_MAX,max_CL,CL@BC_t_ch_MAX,aic,PV,PV_OK,t_ch_MAX_OK,phyl_OK
A.D.4.NmC3,0,12,12.155974636323927,,,,*,*,*
A.D.3.NmC2,0,12,3.6371070312658,3.6371070312658,20.7257859374684,0.00019943942536412282,*,*,
A.D.4.NmC1,0,3,0.4176897835902693,-1.522835538105007,31.045671076210013,1.145121285920239e-06,,,
