,num_seq,t_ch_MAX,max_CL,CL@BC_t_ch_MAX,aic,PV,PV_OK,t_ch_MAX_OK,phyl_OK
B.D.4.NmC1,0,17,7.509617142489099,,,,*,*,*
B.D.4,1413,12,4.75280047581436,-2.5802918436587223,53.16058368731744,4.14924116190583e-05,*,,
B.D.2,1269,7,2.370876118804915,-23.647197885770673,95.29439577154135,2.948189643833578e-14,,,
B.D.E.2,853,7,2.235246474324864,-12.72252412640138,73.44504825280276,1.6294879705065919e-09,,,
