,num_seq,t_ch_MAX,max_CL,CL@BC_t_ch_MAX,aic,PV,PV_OK,t_ch_MAX_OK,phyl_OK
B.D.E.3.NmC1,1318,35,18.261254267782917,,,,*,*,*
B.D.E.3,125,23,2.4448689632114746,-26.673798634251952,169.3475972685039,1.4210009077205567e-16,,,
B.D,150,21,0.2568832587869334,-40.153543625642534,196.30708725128505,1.9874890256965777e-22,,,
