,num_seq,t_ch_MAX,max_CL,CL@BC_t_ch_MAX,aic,PV,PV_OK,t_ch_MAX_OK,phyl_OK
B.D.1.1,115,10,15.696784940358977,,,,*,*,*
B.D.NmC1,1726,1,9.90745381125796,5.3466260188735735,37.30674796225286,3.1992789777689165e-05,*,,
B.D.4.1,218,20,5.495735032098208,-58.221244850293346,164.4424897005867,7.927264884722264e-33,,,
B.D.4.NmC1,1212,1,3.054415610309826,1.2961291866308202,45.40774162673836,5.573903692694606e-07,,,
