,num_seq,t_ch_MAX,max_CL,CL@BC_t_ch_MAX,aic,PV,PV_OK,t_ch_MAX_OK,phyl_OK
A.D.5.NmC1,425,31,21.37125552020403,,,,*,*,*
A.D.5,115,4,0.2180569315573091,-131.66317222089128,337.32634444178257,3.466693405592174e-67,,,
