,num_seq,t_ch_MAX,max_CL,CL@BC_t_ch_MAX,aic,PV,PV_OK,t_ch_MAX_OK,phyl_OK
A.1.NmC5,0,25,14.278658379709329,,,,*,*,*
A.1.NmC4,0,149,1.6585092538685424,-59.59502845568485,431.1900569113697,8.916407883107913e-34,,,
A.1.NmC13,0,149,1.2175207552653475,-31.21581545991561,374.4316309198312,1.885677085347071e-21,,,
