,num_seq,t_ch_MAX,max_CL,CL@BC_t_ch_MAX,aic,PV,PV_OK,t_ch_MAX_OK,phyl_OK
A.D.5.NmC1,425,3,0.8994794364937078,,,,*,*,*
A.D.NmC2,637,3,0.4303933504798234,0.4303933504798234,7.139213299040353,0.625002268282701,*,*,
