,num_seq,t_ch_MAX,max_CL,CL@BC_t_ch_MAX,aic,PV,PV_OK,t_ch_MAX_OK,phyl_OK
B.D.4.1,218,45,1.07062404453394,,,,*,*,*
B.D.4,1413,45,0.6036020921573377,0.6036020921573375,14.792795815685325,0.6281351051896409,*,*,
B.D.E.3.NmC1,0,45,0.5636158850377423,0.5636158850377422,14.872768229924516,0.6035055754270406,*,*,
