,num_seq,t_ch_MAX,max_CL,CL@BC_t_ch_MAX,aic,PV,PV_OK,t_ch_MAX_OK,phyl_OK
B.D.E.3.NmC1,0,55,35.424075383013744,,,,*,*,*
B.D.E.3,125,38,24.53500975355841,14.37349783609802,99.25300432780396,7.212754592084525e-10,,,
B.D.NmC1,0,42,8.789433538664314,-19.957935597549138,167.91587119509828,8.843010074460281e-25,,,
B.D.3,433,30,0.5605771903455389,-79.79237398226721,287.5847479645344,9.178279260718582e-51,,,
B.D,150,31,0.14019585205293783,-61.54294960073427,251.08589920146852,7.69952777259035e-43,,,
