,num_seq,t_ch_MAX,max_CL,CL@BC_t_ch_MAX,aic,PV,PV_OK,t_ch_MAX_OK,phyl_OK
B.D.NmC1,0,51,30.889228172105717,,,,*,*,*
B.D,150,48,21.169778750157725,20.81864751296245,78.3627049740751,4.233061393470499e-05,*,,
B.D.E.3.NmC1,0,29,14.033344234930007,-5.933430161093649,131.8668603221873,1.0164960700340654e-16,,,
B.D.3,433,40,8.520380787074236,0.36559419180814845,119.2688116163837,5.5355520649395354e-14,,,
