,num_seq,t_ch_MAX,max_CL,CL@BC_t_ch_MAX,aic,PV,PV_OK,t_ch_MAX_OK,phyl_OK
B.D.3,433,46,19.662282376665242,,,,*,*,*
B.D.E.3,125,38,15.631757936949873,-6.017384521436451,120.03476904287291,7.0711357878836726e-12,,,
B.D.NmC1,0,23,14.060269893127128,-0.608948579074859,109.21789715814973,1.5734424100477257e-09,,,
B.D.E.3.NmC1,0,23,9.748713904986152,-14.553122444161321,137.10624488832264,1.3823381747079539e-15,,,
B.D,150,23,8.409184834193969,-31.12243246857188,170.24486493714375,8.841505246106949e-23,,,
