,num_seq,t_ch_MAX,max_CL,CL@BC_t_ch_MAX,aic,PV,PV_OK,t_ch_MAX_OK,phyl_OK
A.D.4.NmC3,0,56,39.6135928955895,,,,*,*,*
A.D.4.NmC1,0,62,26.89883917141337,22.0844531630114,155.8310936739772,2.4367879154358018e-08,,,
A.D.2.2.1,40,46,22.09231491752323,9.281687553997116,181.43662489200577,6.693864107338885e-14,,,
A.D.3.NmC2,0,35,15.51807706499588,-18.855461674755638,237.7109233495113,4.04391150485034e-26,,,
A.2.1.1,31,3,3.827176228359737,-320.18329072606366,840.3665814521273,5.5061166917927086e-157,,,
