,num_seq,t_ch_MAX,max_CL,CL@BC_t_ch_MAX,aic,PV,PV_OK,t_ch_MAX_OK,phyl_OK
B.D.NmC1,1726,33,22.041314031405488,,,,*,*,*
B.D.E.3.NmC1,1318,56,15.354670506050418,5.119175270512292,63.76164945897541,4.484740991739749e-08,,,
B.D,150,21,7.420690914099288,-16.173729205241354,106.34745841048272,2.5318406830063002e-17,,,
