,num_seq,t_ch_MAX,max_CL,CL@BC_t_ch_MAX,aic,PV,PV_OK,t_ch_MAX_OK,phyl_OK
B.D.E.3.NmC1,1318,34,8.299339545164687,,,,*,*,*
B.D.4.1,218,53,3.5028602632499006,-11.144461631239551,106.2889232624791,3.5904079708412734e-09,,,
B.D.4.NmC1,1212,57,2.213422104947448,-28.956083187153048,141.91216637430608,6.612399383076737e-17,,,
B.D.1.1,115,57,2.154304173590048,-126.86026958071938,337.72053916143875,1.9987470048406776e-59,,,
B.D.4,1413,39,1.0996955439375349,-3.4736992925062964,90.94739858501259,7.694536703179601e-06,,,
B.D.NmC1,1726,57,0.9832946638407384,-8.781184934151378,101.56236986830275,3.8216441812331934e-08,,,
B.D.2,1269,53,0.25149082200744394,-47.05312414404251,178.10624828808503,9.112319825024103e-25,,,
