,num_seq,t_ch_MAX,max_CL,CL@BC_t_ch_MAX,aic,PV,PV_OK,t_ch_MAX_OK,phyl_OK
A.D.5.NmC1,0,23,5.018749046669864,,,,*,*,*
A.2.1.1,31,37,3.093952201108701,-26.588579688590034,97.17715937718006,1.870472928656227e-14,,,
