,num_seq,t_ch_MAX,max_CL,CL@BC_t_ch_MAX,aic,PV,PV_OK,t_ch_MAX_OK,phyl_OK
A.D.4.NmC2,0,46,28.414259166520264,,,,*,*,*
A.D.4.NmC3,0,23,14.67075245750533,14.418969550799238,97.16206089840152,8.356967741532677e-07,,,
A.D.3.NmC1,0,28,13.871228820521335,-15.647424629061538,157.29484925812307,7.327994375828765e-20,,,
A.D.2.2.1,40,64,11.595892324298198,-8.204986244513966,142.40997248902792,1.2477744044033878e-16,,,
A.D.4.NmC1,0,16,10.16181350573653,-19.34255347175612,164.68510694351224,1.8117386292530015e-21,,,
A.D.3.NmC2,0,23,2.9068162042045067,-42.06518602884223,210.13037205768444,2.4599422715404044e-31,,,
