,num_seq,t_ch_MAX,max_CL,CL@BC_t_ch_MAX,aic,PV,PV_OK,t_ch_MAX_OK,phyl_OK
B.D.4,1413,9,10.49762346880362,,,,*,*,*
B.D.2,1269,23,4.839728920021826,-29.964894460633168,111.92978892126634,2.6685404470304315e-18,,,
B.D.4.1,218,22,4.5691710241525225,-24.259712038720224,100.51942407744045,8.015374324014124e-16,,,
B.D.E.3.NmC1,1318,22,3.648702770109752,-22.85839835478065,97.7167967095613,3.250394569298969e-15,,,
B.D.E.2,853,22,0.46598771944012457,-26.7610488787908,105.5220977575816,6.579419903567331e-17,,,
