,num_seq,t_ch_MAX,max_CL,CL@BC_t_ch_MAX,aic,PV,PV_OK,t_ch_MAX_OK,phyl_OK
A.D.4.NmC2,848,26,18.278728120111104,,,,*,*,*
A.D.4.NmC1,2189,26,17.063043601196743,17.063043601196743,43.873912797606515,0.2967100142940453,*,*,
A.D.4.NmC3,1653,26,16.406932388392285,16.406932388392285,45.18613522321543,0.15335496684492847,*,*,
A.D.3.NmC1,397,26,12.786072996145414,12.786072996145414,52.42785400770917,0.004107256465546968,*,*,
A.D.2.2.1,40,26,9.210294228546509,9.210294228546509,59.57941154290698,0.00011506653864622381,*,*,
A.D.3.NmC2,401,26,8.20838679590152,8.20838679590152,61.583226408196964,4.233061393470499e-05,*,*,
A.D.4,176,23,0.21706580340335102,-12.490962060308146,102.9819241206163,4.332701722902299e-14,,,
