,num_seq,t_ch_MAX,max_CL,CL@BC_t_ch_MAX,aic,PV,PV_OK,t_ch_MAX_OK,phyl_OK
B.D.E.2,853,9,14.07141539812302,,,,*,*,*
B.D.E.3.NmC1,1318,12,2.917668192772254,-6.2449329585115745,60.48986591702315,1.5042069818150217e-09,,,
