,num_seq,t_ch_MAX,max_CL,CL@BC_t_ch_MAX,aic,PV,PV_OK,t_ch_MAX_OK,phyl_OK
B.D.3,433,45,28.60615835323873,,,,*,*,*
B.D.NmC1,0,27,16.089110507957905,-0.13245263312073519,110.26490526624147,3.315492596814409e-13,,,
B.D.E.3.NmC1,0,13,4.1396315937022425,-19.55751223569475,149.11502447138952,1.2083876530482608e-21,,,
