,num_seq,t_ch_MAX,max_CL,CL@BC_t_ch_MAX,aic,PV,PV_OK,t_ch_MAX_OK,phyl_OK
A.D.4.NmC1,2189,14,33.82685853124976,,,,*,*,*
A.3.1,1992,40,15.77643825400269,-164.88428638440595,447.7685727688119,1.102210818169179e-86,,,
A.D.4.NmC3,1653,1,13.210714486297967,-0.22244964907704556,118.4448992981541,3.592241550260246e-15,,,
A.3.1.1,731,49,5.014385818889195,-83.03906337130316,284.0781267426063,3.86452873317272e-51,,,
