,num_seq,t_ch_MAX,max_CL,CL@BC_t_ch_MAX,aic,PV,PV_OK,t_ch_MAX_OK,phyl_OK
B.D.4,1413,5,4.962745272113525,,,,*,*,*
B.D.E.3.NmC1,1318,1,3.5645714347045865,0.805953062483342,54.38809387503331,0.01560755791998283,*,,
B.D.NmC1,1726,4,1.3381493907260484,0.834752658719977,54.330494682560044,0.016082878822588447,*,*,
B.D.4.NmC1,1212,6,1.146525840532287,0.6088413000746311,54.78231739985074,0.01284243958417857,*,*,
B.D.2,1269,15,0.6935422495043833,-14.568906215765296,85.13781243153059,3.2813858123982304e-09,,,
B.D.4.1,218,15,0.5247486815773199,-2.671634617936702,61.34326923587341,0.00048323861470411593,*,,
