,num_seq,t_ch_MAX,max_CL,CL@BC_t_ch_MAX,aic,PV,PV_OK,t_ch_MAX_OK,phyl_OK
A.D.4.NmC3,0,55,33.9301207505208,,,,*,*,*
A.D.2.2.1,40,60,30.75153198877935,27.151991215138768,145.69601756972247,0.001136274898319765,*,,
A.D.4.NmC1,0,60,28.92960398600227,26.090238522281457,147.8195229554371,0.0003936690406550769,*,,
A.D.3.NmC2,0,20,11.65930439849481,-40.534748156020996,281.069496312042,4.573633972076349e-33,,,
A.D.4.NmC2,0,39,5.254876010955644,-18.886597875323023,237.77319575064604,1.1554121716231124e-23,,,
A.2.1.1,31,3,3.827176228359737,-282.59495957586233,765.1899191517247,3.427197367592605e-138,,,
