,num_seq,t_ch_MAX,max_CL,CL@BC_t_ch_MAX,aic,PV,PV_OK,t_ch_MAX_OK,phyl_OK
A.3.1.1,731,10,48.36553967551335,,,,*,*,*
A.2.1.1,31,1,22.77454981608227,3.8005151598800166,132.39896968023996,7.326747359980485e-18,,,
A.3,202,51,10.844295140742668,8.05605021231212,123.88789957537576,5.162192993279735e-16,,,
