,num_seq,t_ch_MAX,max_CL,CL@BC_t_ch_MAX,aic,PV,PV_OK,t_ch_MAX_OK,phyl_OK
B.D.4.1.1,260,6,2.769122803243199,,,,*,*,*
B.D.1,334,4,0.731348269966584,-0.14617647949956422,16.29235295899913,0.05420403103297351,*,,
