,num_seq,t_ch_MAX,max_CL,CL@BC_t_ch_MAX,aic,PV,PV_OK,t_ch_MAX_OK,phyl_OK
B.D.E.2,853,7,8.600796369143488,,,,*,*,*
B.D.2,1269,19,4.085006811141233,-10.658950819023143,65.3179016380463,4.32004507809769e-09,,,
B.D.E.3.NmC1,0,18,3.8390802246844324,-1.6819244948607,47.3638489897214,3.431252877771797e-05,*,,
B.D.E.3,125,18,2.819088432540355,-5.5942469892080275,55.188493978416055,6.842106492473442e-07,,,
B.D.4.1,218,18,1.898076261007787,-7.831011830503183,59.662023661006366,7.320515463115553e-08,,,
