,num_seq,t_ch_MAX,max_CL,CL@BC_t_ch_MAX,aic,PV,PV_OK,t_ch_MAX_OK,phyl_OK
B.D.4.1,218,11,6.123258841503459,,,,*,*,*
B.D.4,1413,1,5.4272379725191575,0.9874091925832297,16.025181614833542,0.005857689713335617,*,,
B.D.E.3.NmC1,0,11,3.293248082576249,3.293248082576249,11.413503834847502,0.05901285366944784,*,*,
B.D.E.2,853,11,0.9214632481229501,0.9214632481229501,16.1570735037541,0.0054890504409273195,*,*,
