,num_seq,t_ch_MAX,max_CL,CL@BC_t_ch_MAX,aic,PV,PV_OK,t_ch_MAX_OK,phyl_OK
A.D.4.NmC1,0,14,27.067246935418453,,,,*,*,*
A.D.4.NmC3,0,1,14.945181356102694,9.901323097496245,66.19735380500751,1.300729765406762e-05,*,,
A.3.1,1992,34,11.273148037470156,-90.78243664454152,267.56487328908304,2.451425168121789e-49,,,
A.3.1.1,731,27,8.946093416429145,-43.09080750940745,172.1816150188149,1.2616023303875078e-28,,,
A.3.1.NmC1,0,38,8.820346635589422,-168.6866759415035,423.373351883007,3.595067325391732e-83,,,
