,num_seq,t_ch_MAX,max_CL,CL@BC_t_ch_MAX,aic,PV,PV_OK,t_ch_MAX_OK,phyl_OK
A.D.5.NmC1,425,22,5.181152230105639,,,,*,*,*
A.3.1.1,731,30,1.365799359731948,-1.816605321938011,31.633210643876023,0.0009164527929281706,*,,
A.3,202,31,1.0199048528833075,-21.0260258556292,70.0520517112584,4.162105666018797e-12,,,
A.2.1.1,31,31,0.027446403853784274,-30.71577665417613,89.43155330835225,2.5763186185138197e-16,,,
