,num_seq,t_ch_MAX,max_CL,CL@BC_t_ch_MAX,aic,PV,PV_OK,t_ch_MAX_OK,phyl_OK
B.D.E.3.NmC1,0,55,36.30515292062477,,,,*,*,*
B.D.NmC1,0,38,10.556169791863667,-30.49362787899712,196.98725575799423,9.752784069326816e-30,,,
B.D.E.3,125,40,4.983691784197681,-2.5286069860743074,141.05721397214862,1.3619896122991345e-17,,,
B.D.3,433,3,1.814231374814649,-94.77218590337908,325.54437180675814,1.1880939504222565e-57,,,
B.D,150,3,1.7569993928992258,-87.7695838304159,311.5391676608318,1.3029032213613037e-54,,,
