,num_seq,t_ch_MAX,max_CL,CL@BC_t_ch_MAX,aic,PV,PV_OK,t_ch_MAX_OK,phyl_OK
B.D.E.2,853,12,15.577001465335098,,,,*,*,*
B.D.2,1269,4,1.4210627937642832,-21.60977664090088,75.21955328180175,7.091852436070087e-17,,,
B.D.4,1413,3,0.949164514836264,-39.71056030681659,111.42112061363318,9.773037562543345e-25,,,
B.D.4.NmC1,0,3,0.1984072801846949,-23.606072866433493,79.21214573286699,9.64588764641966e-18,,,
