,num_seq,t_ch_MAX,max_CL,CL@BC_t_ch_MAX,aic,PV,PV_OK,t_ch_MAX_OK,phyl_OK
B.D.E.2,853,9,12.821602715531103,,,,*,*,*
B.D.E.3.NmC1,1318,26,1.138623714057799,-6.689634857881869,63.37926971576374,3.364454489726238e-09,,,
