,num_seq,t_ch_MAX,max_CL,CL@BC_t_ch_MAX,aic,PV,PV_OK,t_ch_MAX_OK,phyl_OK
A.D.4.NmC2,848,47,29.335427130715814,,,,*,*,*
A.D.4.NmC3,1653,47,23.93017946155689,23.93017946155689,74.13964107688622,0.0044940544011834475,*,*,
A.D.4.NmC1,2189,33,16.807960492509228,-8.379531581632536,138.75906316326507,4.174299588096428e-17,,,
A.D.3.NmC1,397,11,5.094862948100304,-28.12769089929304,178.2553817985861,1.1047591250765192e-25,,,
A.D.3.NmC2,401,11,1.2489834865792924,-50.341312624125926,222.68262524825184,2.4979696322189174e-35,,,
