,num_seq,t_ch_MAX,max_CL,CL@BC_t_ch_MAX,aic,PV,PV_OK,t_ch_MAX_OK,phyl_OK
A.D.4.NmC3,0,9,7.259276767587272,,,,*,*,*
A.D.2.2.1,40,9,3.9071548447303206,3.9071548447303206,20.185690310539357,0.034909370154755745,*,*,
A.D.3.NmC2,0,9,3.731531304252856,3.731531304252856,20.536937391494288,0.029304915867040773,*,*,
