,num_seq,t_ch_MAX,max_CL,CL@BC_t_ch_MAX,aic,PV,PV_OK,t_ch_MAX_OK,phyl_OK
A.D.4.NmC2,848,10,28.07539728239668,,,,*,*,*
A.D.4.NmC3,1653,1,19.52543207610626,11.234889046279083,99.53022190744184,4.858261918223412e-08,,,
A.D.5,115,37,15.913030152154029,-100.28097322759133,322.5619464551827,1.803564902469011e-56,,,
A.D.2.2.NmC1,394,47,7.0754690847955235,-280.0774228231504,682.1548456463008,1.4864674426561618e-134,,,
A.D.4,176,51,4.426294890809315,-48.823254621478014,219.64650924295603,4.0064003177634615e-34,,,
