,num_seq,t_ch_MAX,max_CL,CL@BC_t_ch_MAX,aic,PV,PV_OK,t_ch_MAX_OK,phyl_OK
A.D.4.NmC3,0,41,21.39684235421669,,,,*,*,*
A.D.4.NmC1,0,32,20.553601605631172,15.243018398906267,101.51396320218747,0.00010621980274645818,*,,
A.D.4.NmC2,0,41,15.802577268036977,14.445594531817003,103.108810936366,4.77276339368018e-05,*,*,
A.D.3.NmC1,0,12,6.249311641711438,-13.813769774431421,159.62753954886284,2.544531587242538e-17,,,
