,num_seq,t_ch_MAX,max_CL,CL@BC_t_ch_MAX,aic,PV,PV_OK,t_ch_MAX_OK,phyl_OK
A.3,202,5,30.464083251545848,,,,*,*,*
A.D.4.NmC1,0,3,18.198810783567158,16.72388022817101,94.55223954365798,1.0784346137320664e-06,,,
A.D.2.2.NmC1,0,42,2.0372126088785163,-211.91160699498872,551.8232139899774,5.468584771023596e-106,,,
A.D.4,176,42,1.9412046396222533,-114.38073397689979,356.7614679537996,1.243414045241956e-63,,,
A.D.5,115,42,1.8803603905320383,-164.73044968983353,457.46089937966707,1.6900073947107322e-85,,,
A.3.1,1992,37,1.1837201920396985,-155.1530864887722,438.3061729775444,2.4336508384223617e-81,,,
A.3.1.1,731,39,0.7796248260468133,-97.67104423483934,323.3420884696787,2.247380257070795e-56,,,
