,num_seq,t_ch_MAX,max_CL,CL@BC_t_ch_MAX,aic,PV,PV_OK,t_ch_MAX_OK,phyl_OK
A.D.5.NmC1,0,62,12.80104820266293,,,,*,*,*
A.3,202,70,1.0199048528833075,-19.434213040750816,66.86842608150164,1.001192011798635e-14,,,
A.2.1.1,31,70,0.027446403853784274,-31.334716568835013,90.66943313767003,6.798499050027387e-20,,,
