,num_seq,t_ch_MAX,max_CL,CL@BC_t_ch_MAX,aic,PV,PV_OK,t_ch_MAX_OK,phyl_OK
B.D.4.1,218,13,3.42094347305324,,,,*,*,*
B.D.E.3.NmC1,0,13,2.490797475299262,-7.509202524700738,33.01840504940148,0.39455371037160053,*,*,
B.D.4,1413,14,0.6109817258282394,-10.599108278367996,39.19821655673599,0.017952964939502835,*,*,
B.D.E.2,853,12,0.5828759230700622,0.5828759230700622,16.834248153859875,1293.3616008012634,*,*,
B.D.E.3,125,15,0.5701860658422279,-9.766296101212697,37.53259220242539,0.04137824580097036,*,,
