,num_seq,t_ch_MAX,max_CL,CL@BC_t_ch_MAX,aic,PV,PV_OK,t_ch_MAX_OK,phyl_OK
B.D.3,433,35,5.771048636537332,,,,*,*,*
B.D,150,42,4.787995811618245,-8.769322557079537,59.538645114159074,1.0784346137320703e-06,,,
B.D.NmC1,1726,35,3.3230834823928728,2.5076572820375946,36.98468543592481,0.08543495096732145,*,*,
B.D.4,1413,34,3.1639963060573253,3.1639963060573253,35.67200738788535,0.16447445657715495,*,*,
B.D.1,334,42,2.881805803594324,-7.1531688108067835,56.306337621613565,5.422248370634153e-06,,,
B.D.4.NmC1,1212,35,0.43738134843966364,-0.4370778444942667,42.87415568898853,0.004494054401183464,*,*,
