,num_seq,t_ch_MAX,max_CL,CL@BC_t_ch_MAX,aic,PV,PV_OK,t_ch_MAX_OK,phyl_OK
B.D.4.1,218,42,4.663614002457931,,,,*,*,*
B.D.4.NmC1,0,49,2.213422104947448,-9.577458785423078,61.15491757084615,0.014407591843112376,*,,
B.D.1.1,115,49,2.154304173590048,-71.137356936229,184.274713872458,2.651081571253594e-29,,,
B.D.4,1413,33,1.574082689619052,-0.45353037940651375,42.907060758813024,131.63066388583056,*,,
B.D.E.2,853,36,0.9869462670565476,-1.0537840191248824,44.10756803824977,72.24044000732545,*,,
B.D.NmC1,0,49,0.9832946638407384,-6.545953020098686,55.09190604019737,0.2981972794298871,*,,
B.D.2,1269,42,0.704213944585086,-13.82679057159875,69.6535811431975,0.0002055132601155439,*,*,
B.D.E.3.NmC1,0,42,0.6724246509303214,-9.327575349069678,60.65515069813935,0.018407446410717263,*,*,
