,num_seq,t_ch_MAX,max_CL,CL@BC_t_ch_MAX,aic,PV,PV_OK,t_ch_MAX_OK,phyl_OK
B.D.E.3.NmC1,1318,31,24.01000392880213,,,,*,*,*
B.D.E.3,125,31,13.782301851352287,-7.256704026431035,120.51340805286208,2.8394381807464155e-13,,*,
B.D.NmC1,1726,39,8.987642659025525,7.513107189369505,90.97378562126099,7.374998146901943e-07,,,
B.D,150,26,8.230484753753043,-9.441421016198479,124.88284203239695,3.1937357142181743e-14,,,
B.D.3,433,25,2.6938766925543685,-12.188930688323973,130.37786137664796,2.041686934694438e-15,,,
