,num_seq,t_ch_MAX,max_CL,CL@BC_t_ch_MAX,aic,PV,PV_OK,t_ch_MAX_OK,phyl_OK
A.D.4.NmC2,848,41,27.303054117593096,,,,*,*,*
A.D.4.NmC1,2189,32,24.12507071951094,11.96672606486787,102.06654787026426,2.795736703534538e-07,,,
A.D.4.NmC3,1653,31,13.442661636798489,6.806148431420626,112.38770313715875,1.6052280551856116e-09,,,
A.D.3.NmC1,397,13,7.352149761736413,-22.12775420507879,170.25550841015757,4.357384734568289e-22,,,
A.D.4,176,8,7.202447181464756,-24.48297996602405,174.9659599320481,4.1348751678362135e-23,,,
A.3,202,5,0.5927232869744894,-77.0152395090997,280.0304790181994,6.352918271986896e-46,,,
