,num_seq,t_ch_MAX,max_CL,CL@BC_t_ch_MAX,aic,PV,PV_OK,t_ch_MAX_OK,phyl_OK
A.1.NmC2,0,289,24.666975411490053,,,,*,*,*
A.1.NmC1,0,319,23.012314655484875,20.382584753273957,673.2348304934521,304.90492295689955,*,,
