,num_seq,t_ch_MAX,max_CL,CL@BC_t_ch_MAX,aic,PV,PV_OK,t_ch_MAX_OK,phyl_OK
A.D.4,176,42,43.97112703938172,,,,*,*,*
A.D.4.NmC1,0,28,17.509343332431598,-0.20879310847999655,124.41758621695999,6.499347972070893e-20,,,
A.D.4.NmC2,0,20,16.594282871794512,-4.545756604041308,133.09151320808263,8.515363868662632e-22,,,
A.D.3.NmC1,0,20,11.359364846206006,-35.18410255669658,194.36820511339317,4.20165398950042e-35,,,
A.D.4.NmC3,0,23,7.9325216549306665,4.66085670514385,114.6782865897123,8.470009869494169e-18,,,
A.D.2.2.1,40,20,0.9139827192726488,-14.532240282086933,153.06448056417386,3.924395857947463e-26,,,
A.3,202,5,0.5927232869744894,-76.57829755440315,277.1565951088063,4.423848102198161e-53,,,
