,num_seq,t_ch_MAX,max_CL,CL@BC_t_ch_MAX,aic,PV,PV_OK,t_ch_MAX_OK,phyl_OK
A.3.1.1,731,41,32.51688861786369,,,,*,*,*
A.D.5.NmC1,425,44,11.011753287808848,6.873621383743579,102.25275723251283,7.32300758553066e-12,,,
A.D.2.1,76,3,1.4060724476987234,-96.38393701232786,308.7678740246557,1.0457822894168302e-56,,,
A.D.5,115,3,0.6844175485050421,-169.8041357369628,455.6082714739256,1.360004737878423e-88,,,
A.3,202,4,0.43729241083059045,-177.5921143163384,471.1842286326768,5.656631396748119e-92,,,
