,num_seq,t_ch_MAX,max_CL,CL@BC_t_ch_MAX,aic,PV,PV_OK,t_ch_MAX_OK,phyl_OK
A.1.NmC2,0,1267,156.96468425145218,,,,*,*,*
A.1.NmC1,0,1369,151.94338211830578,141.0556214360099,2383.88875712798,0.0027121868873870385,*,,
