,num_seq,t_ch_MAX,max_CL,CL@BC_t_ch_MAX,aic,PV,PV_OK,t_ch_MAX_OK,phyl_OK
A.D.5.NmC1,425,25,13.298098566225903,,,,*,*,*
A.3.1.1,731,4,8.526461418157261,1.9402433356679634,30.119513328664073,1.1652381246476234e-05,*,,
A.D.2.2.NmC1,394,24,4.541210235002454,2.354596911094622,29.290806177810758,1.7646025219052334e-05,*,*,
A.D.4.NmC1,2189,1,1.8841357270294463,-12.949194891224035,59.89838978244807,3.97896253583724e-12,,,
A.3,202,35,1.0199048528833075,-22.250463776307825,78.50092755261565,3.6377359191936444e-16,,,
A.2.1.1,31,34,0.6463863185126695,-26.893732605601752,87.78746521120351,3.495693120953685e-18,,,
A.3.1,1992,5,0.5868071173052337,-11.592917960913011,57.185835921826026,1.5425486606839967e-11,,,
