,num_seq,t_ch_MAX,max_CL,CL@BC_t_ch_MAX,aic,PV,PV_OK,t_ch_MAX_OK,phyl_OK
B.D.E.3,125,39,33.62524921782577,,,,*,*,*
B.D.E.3.NmC1,0,53,32.95983199819982,27.509841741385817,24.980316517228367,0.002209475769415756,*,,
B.D.NmC1,0,46,4.083643203985716,2.836302490668879,74.32739501866224,4.2469084806227434e-14,,,
