,num_seq,t_ch_MAX,max_CL,CL@BC_t_ch_MAX,aic,PV,PV_OK,t_ch_MAX_OK,phyl_OK
A.D.1,1413,77,69.98025005836678,,,,*,*,*
A.D.2,2386,72,43.45268039159591,40.79885435701077,164.40229128597846,2.1246481430441132e-13,,,
A.D.2.NmC1,0,72,24.656614462403056,17.127565769256698,211.7448684614866,1.115672250929206e-23,,,
A.D.2.1,76,87,8.22464388989933,-8.44373112049501,262.88746224099003,8.718770713769092e-35,,,
