,num_seq,t_ch_MAX,max_CL,CL@BC_t_ch_MAX,aic,PV,PV_OK,t_ch_MAX_OK,phyl_OK
A.1,995,121,2.584467069930983,,,,*,*,*
A.1.NmC2,0,5,-10.0,-1003.0513177793059,2340.102635558612,0.0,,,
A.1.NmC1,0,5,-10.0,-640.4938187145035,1614.987637429007,2.377955168155286e-279,,,
