,num_seq,t_ch_MAX,max_CL,CL@BC_t_ch_MAX,aic,PV,PV_OK,t_ch_MAX_OK,phyl_OK
A.D.3.NmC1,397,29,18.552400982701958,,,,*,*,*
A.D.3.NmC2,401,29,15.564724127075973,15.564724127075973,48.870551745848054,0.050539503549134716,*,*,
A.D.4.NmC2,848,29,14.042048112127192,14.042048112127192,51.91590377574562,0.010998460175806862,*,*,
A.D.4.NmC3,1653,29,13.3836471526518,13.3836471526518,53.2327056946964,0.005713062839002639,*,*,
A.D.2.2.1,40,12,1.853119547609005,1.6738686115416825,76.65226277691663,4.6911640218344005e-08,,,
