,num_seq,t_ch_MAX,max_CL,CL@BC_t_ch_MAX,aic,PV,PV_OK,t_ch_MAX_OK,phyl_OK
B.D.1.1,115,63,2.0921474884558404,,,,*,*,*
B.D.4.NmC1,1212,63,1.7509694780197904,-2.412966882246522,16.825933764493044,871.3118939907738,*,*,
B.D.4.1,218,61,1.6248606512018609,1.2817773426040375,9.436445314791925,35066.44607636869,*,,
