,num_seq,t_ch_MAX,max_CL,CL@BC_t_ch_MAX,aic,PV,PV_OK,t_ch_MAX_OK,phyl_OK
B.D.E.3.NmC1,1318,58,32.50896627131198,,,,*,*,*
B.D.E.3,125,41,12.13790355155374,7.230168490800917,115.53966301839816,6.193101572093261e-11,,,
