,num_seq,t_ch_MAX,max_CL,CL@BC_t_ch_MAX,aic,PV,PV_OK,t_ch_MAX_OK,phyl_OK
A.1.NmC5,1745,101,7.978794311116356,,,,*,*,*
A.1.NmC13,668,113,5.252094540944245,-5.367320995739922,140.73464199147983,8.741621082001625e-07,,,
A.1.NmC4,1744,148,0.7830674367304262,-26.22463890036419,182.4492778007284,7.624459905389777e-16,,,
A.1.NmC12,640,154,0.025115237045183036,-43.16052344242522,216.32104688485043,3.368464959173974e-23,,,
