,num_seq,t_ch_MAX,max_CL,CL@BC_t_ch_MAX,aic,PV,PV_OK,t_ch_MAX_OK,phyl_OK
A.1.NmC7,1060,149,1.6447721742668646,,,,*,*,*
A.1.NmC3,406,148,1.6361836329718962,-8.538035670035402,49.076071340070804,0.013636571697281628,*,*,
A.1.NmC4,1744,150,0.8519563061344448,1.389636412340605,29.22072717531879,280.0589173104009,*,*,
