,num_seq,t_ch_MAX,max_CL,CL@BC_t_ch_MAX,aic,PV,PV_OK,t_ch_MAX_OK,phyl_OK
A.D.NmC2,637,3,1.739177643715867,,,,*,*,*
A.D,2353,3,1.2673831710945054,1.2673831710945054,11.46523365781099,0.6218850564650198,*,*,
A.D.2.1,76,3,0.5524311705826204,0.5524311705826204,12.89513765883476,0.3042212640667039,*,*,
