,num_seq,t_ch_MAX,max_CL,CL@BC_t_ch_MAX,aic,PV,PV_OK,t_ch_MAX_OK,phyl_OK
A.D.3.NmC1,0,24,9.492617142655156,,,,*,*,*
A.D.3.NmC2,0,24,6.571248566695862,5.943531742018799,14.112936515962401,0.053664691912730135,*,*,
A.3.1.NmC2,0,22,4.393184042002691,3.164372669377263,19.671254661245474,0.0033292773851315654,*,,
A.D.2.2,545,27,1.7072470688763712,-1.2149376409692934,28.429875281938585,4.170039319780564e-05,*,,
