,num_seq,t_ch_MAX,max_CL,CL@BC_t_ch_MAX,aic,PV,PV_OK,t_ch_MAX_OK,phyl_OK
B.D.4.1,218,30,0.8267343649701837,,,,*,*,*
B.3,60,30,0.34243694291823984,0.34243694291823984,7.315126114163521,0.6156971967642849,*,*,
