,num_seq,t_ch_MAX,max_CL,CL@BC_t_ch_MAX,aic,PV,PV_OK,t_ch_MAX_OK,phyl_OK
B.D.4.NmC1,0,16,3.506676960925244,,,,*,*,*
B.D.1.1,115,16,3.429864716166559,-15.202704164912113,54.405408329824226,2.2607141161097236e-08,,*,
B.D.NmC1,0,15,2.1132235889427986,1.0469562080246264,21.906087583950747,0.25794729445182557,*,*,
B.D.4.1,218,17,0.3017632896672511,-11.052779664350622,46.10555932870125,1.4340613991527535e-06,,*,
B.D,150,15,0.19708025527554388,-12.096826557877181,48.19365311575436,5.068757157469002e-07,,*,
