,num_seq,t_ch_MAX,max_CL,CL@BC_t_ch_MAX,aic,PV,PV_OK,t_ch_MAX_OK,phyl_OK
A.1.NmC2,0,1155,170.70004094206146,,,,*,*,*
A.1.NmC1,0,686,48.328073755514254,12.92587499349214,2708.1482500130155,2.117583892960562e-62,,,
