,num_seq,t_ch_MAX,max_CL,CL@BC_t_ch_MAX,aic,PV,PV_OK,t_ch_MAX_OK,phyl_OK
B.D.1.NmC1,605,22,17.528400009803974,,,,*,*,*
B.D.4.1.3.NmC1,1269,12,3.1879520882810137,-17.889943582706337,139.77988716541267,1.4861535943901934e-14,,,
B.D.4.1.1.NmC1,2215,4,3.0013236584859486,-84.35801742202216,272.7160348440443,2.016087997366673e-43,,,
