,num_seq,t_ch_MAX,max_CL,CL@BC_t_ch_MAX,aic,PV,PV_OK,t_ch_MAX_OK,phyl_OK
A.3.1,1992,21,8.656740240214504,,,,*,*,*
A.3.1.1,731,17,4.766766838580458,-2.52842966776016,57.05685933552032,1.3880855074389569e-05,*,,
A.3,202,5,1.8142089822876621,-36.86822015210328,125.73644030420655,1.6933382219236774e-20,,,
