,num_seq,t_ch_MAX,max_CL,CL@BC_t_ch_MAX,aic,PV,PV_OK,t_ch_MAX_OK,phyl_OK
B.D.2,1269,4,2.011884362361556,,,,*,*,*
B.D.4,1413,4,1.5400450578681366,1.3137399082594494,7.372520183481101,0.6156971967642851,*,*,
B.D.E.2,853,3,1.1218518278622747,0.8635129777566426,8.272974044486714,0.39258586553151853,*,*,
B.D.4.NmC1,0,3,0.1984072801846949,-2.1059309327798594,14.211861865559719,0.02014095449128855,*,*,
