,num_seq,t_ch_MAX,max_CL,CL@BC_t_ch_MAX,aic,PV,PV_OK,t_ch_MAX_OK,phyl_OK
A.1.NmC3,0,18,0.7829803155528423,,,,*,*,*
A.1.NmC2,0,18,0.34945552962730825,0.34945552962730825,41.30108894074538,1.0941742837052102,*,*,
