,num_seq,t_ch_MAX,max_CL,CL@BC_t_ch_MAX,aic,PV,PV_OK,t_ch_MAX_OK,phyl_OK
A.D.4.NmC1,2189,5,12.351642018410697,,,,*,*,*
A.3.1.1,731,1,11.315109688550887,10.392395337886498,21.215209324227004,0.1408584209210451,*,,
A.3.1,1992,6,9.944221543764916,8.6460990966264,24.7078018067472,0.024600217367638302,*,*,
A.3.1.NmC1,266,19,4.469920935703197,-14.161002507342438,70.32200501468488,3.0679853731102896e-12,,,
A.D.4.NmC3,1653,7,2.4214698757692066,1.1440641574164934,39.71187168516701,1.3605995728280027e-05,*,,
