,num_seq,t_ch_MAX,max_CL,CL@BC_t_ch_MAX,aic,PV,PV_OK,t_ch_MAX_OK,phyl_OK
B.D.4.NmC1,0,4,7.482392893683131,,,,*,*,*
B.D.NmC1,0,4,5.5157333270831295,5.515733327083129,38.96853334583374,0.14015588661581538,*,*,
B.D.1.1,115,14,3.429864716166559,-25.899052846848804,101.79810569369761,3.186032444550344e-15,,,
B.D.4.1,218,15,0.3017632896672511,-12.445904161032503,74.891808322065,2.221684822164966e-09,,,
B.D,150,13,0.19708025527554388,-21.913869537220652,93.8277390744413,1.7136167731608824e-13,,,
