,num_seq,t_ch_MAX,max_CL,CL@BC_t_ch_MAX,aic,PV,PV_OK,t_ch_MAX_OK,phyl_OK
A.2.1.1,31,5,84.5023658888705,,,,*,*,*
A.3,202,3,44.96284237662449,42.12496925825908,61.75006148348184,3.951585010418958e-19,,,
A.3.1.1,731,4,42.346559991569805,39.74838980093267,66.50322039813466,3.6755466131663376e-20,,*,
A.3.1,1992,45,2.348324691720838,-103.71784720501557,353.43569441003115,1.8075595589394353e-82,,,
A.3.1.NmC1,0,47,2.099862494404131,-319.69613468755045,785.3922693751009,2.8863027763300022e-176,,,
A.D.4.NmC1,0,47,2.023372393672565,-98.03784866987026,342.0756973397405,5.29523542342368e-80,,,
