,num_seq,t_ch_MAX,max_CL,CL@BC_t_ch_MAX,aic,PV,PV_OK,t_ch_MAX_OK,phyl_OK
A.D,2353,5,12.836470603689863,,,,*,*,*
A.D.4.NmC3,1653,1,9.69043912829978,6.88847032532852,30.22305934934296,0.002618902348363293,*,,
A.D.3,128,8,7.924759477605918,-1.8179117110995957,47.635823422199195,4.31930992951523e-07,,,
A.D.4.NmC2,848,1,7.069731985407264,4.464634877197954,35.070730245604096,0.00023171555373808925,*,,
A.D.NmC2,637,8,4.900403663125617,-4.8776547334791385,53.75530946695828,2.0252248753578033e-08,,,
