,num_seq,t_ch_MAX,max_CL,CL@BC_t_ch_MAX,aic,PV,PV_OK,t_ch_MAX_OK,phyl_OK
A.D.4.NmC1,0,7,35.19976025375746,,,,*,*,*
A.D.4.NmC3,0,8,27.023561869934476,17.023561869934476,85.95287626013105,1.2784913422871827e-08,,*,
A.3.1,1992,46,9.44131861275315,-234.72611531792413,589.4522306358483,5.930099389339224e-118,,,
A.3.1.NmC1,0,52,7.551960681240775,-343.49155050220986,806.9831010044197,3.4436788876357803e-165,,,
A.3.1.1,731,52,6.459767061417548,-147.23162164909866,414.4632432981973,5.9109551810849306e-80,,,
