,num_seq,t_ch_MAX,max_CL,CL@BC_t_ch_MAX,aic,PV,PV_OK,t_ch_MAX_OK,phyl_OK
A.1.NmC2,0,1324,180.04674439731647,,,,*,*,*
A.1.NmC1,0,1426,131.47796915839584,123.09899074166275,2417.8020185166747,2.3155038852092736e-25,,,
