,num_seq,t_ch_MAX,max_CL,CL@BC_t_ch_MAX,aic,PV,PV_OK,t_ch_MAX_OK,phyl_OK
B.D.E.3.NmC1,0,17,1.660036965768926,,,,*,*,*
B.D.E.3,125,19,0.7099628117376641,-9.54989258718692,29.09978517437384,1.3538135541480944e-05,*,,
B.D.4,1413,17,0.6507236824344147,0.6507236824344146,8.69855263513117,0.3642189795715234,*,*,
