,num_seq,t_ch_MAX,max_CL,CL@BC_t_ch_MAX,aic,PV,PV_OK,t_ch_MAX_OK,phyl_OK
A.D.5.NmC1,425,19,16.202876737953087,,,,*,*,*
A.D.5,115,9,5.853802500027069,-124.14619749997293,318.2923949999458,2.7458909098943927e-60,,,
