,num_seq,t_ch_MAX,max_CL,CL@BC_t_ch_MAX,aic,PV,PV_OK,t_ch_MAX_OK,phyl_OK
A.D.5.NmC1,0,35,6.040252154484508,,,,*,*,*
A.3,202,36,1.0199048528833075,-8.980095147116693,25.960190294233385,2.998450487173476e-07,,*,
A.2.1.1,31,36,0.027446403853784274,-9.972553596146216,27.945107192292433,1.1085974424125883e-07,,*,
