,num_seq,t_ch_MAX,max_CL,CL@BC_t_ch_MAX,aic,PV,PV_OK,t_ch_MAX_OK,phyl_OK
A.D.4.NmC3,1653,55,36.32338129926083,,,,*,*,*
A.D.2.2.1,40,36,31.606583188691214,19.63833088623871,184.7233382275226,0.0014736691023540013,*,,
A.D.3.NmC2,401,36,19.697230030749264,-40.25181226242731,304.5036245248546,1.4404674757280522e-29,,,
A.D.4.NmC2,848,58,13.300177132669694,10.712462021995636,202.57507595600873,1.9505193119838992e-07,,,
A.D.4.NmC1,2189,42,10.676579126311726,-13.969980403607963,251.93996080721593,3.730460460503485e-18,,,
A.2.1.1,31,3,3.827176228359737,-390.37736133880253,1004.7547226776051,1.2622575598466806e-181,,,
