,num_seq,t_ch_MAX,max_CL,CL@BC_t_ch_MAX,aic,PV,PV_OK,t_ch_MAX_OK,phyl_OK
A.3.1.1,731,20,6.439741218332941,,,,*,*,*
A.3.1.NmC1,0,8,2.368743643789231,-3.67224336408431,73.34448672816862,4.0670806821298616e-05,*,,
A.3.1,1992,20,1.1280123458182998,1.1280123458182998,63.7439753083634,0.004941926717679809,*,*,
A.D.3.6,757,4,0.9402081128428648,-24.549231047633405,115.09846209526681,3.477074578593529e-14,,,
A.D.NmC2,0,3,0.8214938606728845,-19.091158575884766,104.18231715176952,8.174512777531808e-12,,,
A.3.1.NmC2,0,3,0.7842629544639835,-67.93402283411478,201.86804566822957,5.004352675326472e-33,,,
A.D.NmC1,0,3,0.7617583771145795,-29.639775443006663,125.27955088601333,2.1411894404148362e-16,,,
A.D,2353,3,0.5810256149247326,-19.701983818127427,105.40396763625486,4.441628621932513e-12,,,
A.D.2.2.NmC1,0,3,0.5702215295355886,-20.831203968086143,107.66240793617229,1.43479375756115e-12,,,
