,num_seq,t_ch_MAX,max_CL,CL@BC_t_ch_MAX,aic,PV,PV_OK,t_ch_MAX_OK,phyl_OK
B.1.8,49,61,31.364958949589653,,,,*,*,*
B.1.8.NmC2,24,43,10.15055751966758,-69.7335081189538,263.4670162379076,1.2383057215772362e-44,,,
B.1.8.NmC1,21,43,10.15055751966758,-45.255340043322605,214.5106800866452,5.300987700591098e-34,,,
