,num_seq,t_ch_MAX,max_CL,CL@BC_t_ch_MAX,aic,PV,PV_OK,t_ch_MAX_OK,phyl_OK
B.D.4.NmC1,0,11,9.02558080977461,,,,*,*,*
B.D.1.1,115,23,3.783021484526875,-43.46197806849804,142.92395613699608,1.6071415059669042e-23,,,
B.D.4.1,218,27,2.458959586068781,-16.064975359837966,88.12995071967593,1.2692624997486896e-11,,,
