,num_seq,t_ch_MAX,max_CL,CL@BC_t_ch_MAX,aic,PV,PV_OK,t_ch_MAX_OK,phyl_OK
A.1.NmC12,0,48,13.097547974140419,,,,*,*,*
A.1.NmC13,0,9,1.8261124509709044,-112.1386524315559,550.2773048631118,4.470590427754236e-59,,,
A.1.NmC4,0,9,0.4897605661935294,-74.62303196787202,475.246063935744,8.768440765622054e-43,,,
A.1,3213,10,0.4164951149013477,-61.76121590957556,449.5224318191511,3.3893848365448816e-37,,,
