,num_seq,t_ch_MAX,max_CL,CL@BC_t_ch_MAX,aic,PV,PV_OK,t_ch_MAX_OK,phyl_OK
A.3,202,4,40.33847587146738,,,,*,*,*
A.D.4.NmC1,2189,16,7.182311445112499,4.956340826726764,106.08731834654647,4.290320710786205e-16,,,
A.3.1.1,731,38,0.4410524137475871,-99.21932308285905,314.43864616571807,2.4539296358669542e-61,,,
A.D.4.NmC3,1653,41,0.30017813267275495,-15.187826631925637,146.37565326385126,7.649400852610942e-25,,,
