,num_seq,t_ch_MAX,max_CL,CL@BC_t_ch_MAX,aic,PV,PV_OK,t_ch_MAX_OK,phyl_OK
B.D.4,1413,16,7.301163978444211,,,,*,*,*
B.D.4.NmC1,0,16,5.150202206101872,5.150202206101872,33.69959558779625,0.11648415777349672,*,*,
B.D.2,1269,10,2.8155701671261832,-21.042334445545876,86.08466889109175,4.921464795826652e-13,,,
B.D.4.1,218,9,2.0285399156048642,-17.25626966638927,78.51253933277854,2.1672000241550716e-11,,,
B.D.E.2,853,10,1.430554899410518,-7.217204184433733,58.434408368867466,4.968389041065229e-07,,,
