,num_seq,t_ch_MAX,max_CL,CL@BC_t_ch_MAX,aic,PV,PV_OK,t_ch_MAX_OK,phyl_OK
B.D.4.NmC1,1212,8,15.523559921636982,,,,*,*,*
B.D.NmC1,1726,17,5.36678975310012,-12.999979447675694,73.99995889535138,6.479259368986918e-13,,,
