,num_seq,t_ch_MAX,max_CL,CL@BC_t_ch_MAX,aic,PV,PV_OK,t_ch_MAX_OK,phyl_OK
A.D.4.NmC1,2189,13,32.156925483344345,,,,*,*,*
A.D.4.NmC3,1653,1,22.151248901533144,9.594187518807711,88.81162496238457,1.5933694579637938e-10,,,
A.3.1,1992,47,9.451212420921678,-168.82368998336872,445.64737996673745,5.193917261462055e-88,,,
A.3.1.NmC1,266,49,8.820346635589422,-263.0961482083139,634.1922964166278,5.95051039310201e-129,,,
A.3.1.1,731,38,8.295242380387908,-76.87903768193256,261.75807536386515,4.433035056086634e-48,,,
