,num_seq,t_ch_MAX,max_CL,CL@BC_t_ch_MAX,aic,PV,PV_OK,t_ch_MAX_OK,phyl_OK
B.D.2,1269,5,14.985346717953094,,,,*,*,*
B.D.E.3.NmC1,0,1,9.860294000359131,9.408844548832366,17.182310902335267,0.0037914755821486113,*,,
B.D.E.2,853,17,3.104274069579483,0.27596258333692747,35.448074833326146,4.0881626976941757e-07,,,
