,num_seq,t_ch_MAX,max_CL,CL@BC_t_ch_MAX,aic,PV,PV_OK,t_ch_MAX_OK,phyl_OK
A.D.4.NmC3,0,56,32.78405686704338,,,,*,*,*
A.D.4.NmC1,0,61,28.95197412189637,24.930158369054116,154.13968326189178,0.00038780807220140497,*,,
A.D.2.2.1,40,39,22.038424470000436,3.225712838430999,197.548574323138,1.4529648731825585e-13,,,
A.D.3.NmC2,0,13,5.575195477624749,-54.96009783262424,313.92019566524846,7.81323137567945e-39,,,
A.2.1.1,31,3,3.827176228359737,-304.7394468791972,813.4788937583944,2.598693113815302e-147,,,
A.D.4.NmC2,0,37,3.1826489696856095,-22.21478390526203,248.42956781052408,1.2995814250075031e-24,,,
