,num_seq,t_ch_MAX,max_CL,CL@BC_t_ch_MAX,aic,PV,PV_OK,t_ch_MAX_OK,phyl_OK
B.D.E.2,853,15,7.749249503430072,,,,*,*,*
B.D.4.1,218,20,4.9355906303300054,1.734428614043565,52.53114277191287,0.0024418483645511084,*,,
B.D.4.1.1,260,21,3.6442685461427082,2.442595291693797,51.1148094166124,0.004966698228437823,*,,
B.D.2,1269,9,3.4051451812830846,-9.889950096496046,75.77990019299209,2.182957795125478e-08,,,
B.D.4,1413,13,2.6261684936523015,1.1050320659083206,53.789935868183356,0.0013005084182620226,*,,
B.D.4.NmC1,0,7,1.3100174017525827,-12.300441629193616,80.60088325838723,1.960629974079797e-09,,,
