,num_seq,t_ch_MAX,max_CL,CL@BC_t_ch_MAX,aic,PV,PV_OK,t_ch_MAX_OK,phyl_OK
A.1.NmC2,0,1392,198.70042239128244,,,,*,*,*
A.1.NmC1,0,1392,153.25860659671852,142.127739006686,2515.744521986628,5.955332000907959e-21,,*,
