,num_seq,t_ch_MAX,max_CL,CL@BC_t_ch_MAX,aic,PV,PV_OK,t_ch_MAX_OK,phyl_OK
A.1.NmC1,377,234,22.66650440461322,,,,*,*,*
A.1.NmC2,195,207,6.084242943465307,-0.5658319932359024,2043.1316639864717,1.638492144646563e-15,,,
