,num_seq,t_ch_MAX,max_CL,CL@BC_t_ch_MAX,aic,PV,PV_OK,t_ch_MAX_OK,phyl_OK
A.1,835,365,11.641307870723708,,,,*,*,*
A.1.NmC2,195,394,-0.012085611032190968,-67.75467312449871,951.5093462489974,3.30513809070253e-35,,,
A.1.NmC1,377,394,-0.23715008034763585,-41.50675479097435,899.0135095819487,8.306532320760024e-24,,,
