,num_seq,t_ch_MAX,max_CL,CL@BC_t_ch_MAX,aic,PV,PV_OK,t_ch_MAX_OK,phyl_OK
B.D.4.NmC1,1212,24,10.25610216032115,,,,*,*,*
B.D.1,334,16,6.325362905632838,-15.177969478545792,94.35593895709158,1.1145336016681316e-11,,,
B.D.1.1,115,3,3.1592576530116774,-115.0596484748576,294.1192969497152,4.674770705904745e-55,,,
