,num_seq,t_ch_MAX,max_CL,CL@BC_t_ch_MAX,aic,PV,PV_OK,t_ch_MAX_OK,phyl_OK
A.D.4.NmC3,0,59,34.236482185722096,,,,*,*,*
A.D.4.NmC2,0,51,24.992561116564772,22.626260647326312,108.74747870534738,9.074883639402245e-06,,,
A.D.2.2.1,40,42,20.619226023692576,-43.167701811254375,240.33540362250875,2.417884929162927e-34,,,
A.D.3.NmC2,0,33,14.016224156571841,-42.60460148494762,239.20920296989524,4.2541422774921955e-34,,,
A.D.4.NmC1,0,17,4.936016219203926,-44.61021846762103,243.22043693524205,5.728640570178543e-35,,,
