,num_seq,t_ch_MAX,max_CL,CL@BC_t_ch_MAX,aic,PV,PV_OK,t_ch_MAX_OK,phyl_OK
B.D.4,1413,34,1.7881385012842452,,,,*,*,*
B.D.2,1269,35,1.425908017809177,-1.091184525683406,14.182369051366813,0.056134762834133725,*,*,
B.D.E.3.NmC1,1318,35,1.2197587968357704,-0.2901440119902823,12.580288023980565,0.12493021219858241,*,*,
