,num_seq,t_ch_MAX,max_CL,CL@BC_t_ch_MAX,aic,PV,PV_OK,t_ch_MAX_OK,phyl_OK
A.D.4.NmC3,0,57,39.819386743829966,,,,*,*,*
A.D.2.2.1,40,50,24.989143459352366,20.700629658483308,160.59874068303338,4.9692346632179e-09,,,
A.D.4.NmC1,0,62,16.592691292898056,12.570875540055797,176.8582489198884,1.4637785141258986e-12,,,
A.2.1.1,31,3,3.827176228359737,-312.8914200569868,827.7828401139736,6.60683236955584e-154,,,
A.D.3.NmC2,0,9,1.5922885143007912,-50.53066465575007,303.0613293115001,5.774223103130932e-40,,,
