,num_seq,t_ch_MAX,max_CL,CL@BC_t_ch_MAX,aic,PV,PV_OK,t_ch_MAX_OK,phyl_OK
A.1.NmC1,181,170,1.9259439594857886,,,,*,*,*
A.1,995,123,1.5742848588674654,-6.660690865944579,57.32138173188916,0.36787944117144233,*,,
