,num_seq,t_ch_MAX,max_CL,CL@BC_t_ch_MAX,aic,PV,PV_OK,t_ch_MAX_OK,phyl_OK
A.D.2.2.1,40,13,16.35068248783208,,,,*,*,*
A.D.4.NmC3,0,13,13.08653496679597,13.08653496679597,11.82693006640806,0.038196935083679925,*,*,
A.D.3.NmC2,0,12,4.80653121417183,4.67294892707698,28.65410214584604,8.503778192419764e-06,,*,
A.2.1.1,31,3,3.827176228359737,-59.463433161809405,156.9268663236188,1.1856700630199835e-33,,,
