,num_seq,t_ch_MAX,max_CL,CL@BC_t_ch_MAX,aic,PV,PV_OK,t_ch_MAX_OK,phyl_OK
A.D.2.1,76,11,7.015406990799565,,,,*,*,*
A.D.5.NmC1,425,6,2.1846515245274145,-5.534896539015021,35.069793078030045,3.544902152190152e-06,,,
A.D.5,115,4,0.9848861119078991,-8.58769065780631,41.17538131561262,1.6704543427579108e-07,,,
A.D.NmC2,637,11,0.9791083856668973,0.9791083856668973,22.041783228666205,0.00239349652734927,*,*,
A.3.1.1,731,6,0.3956968826916781,-4.728219276770448,33.45643855354089,7.928870232463147e-06,,,
