,num_seq,t_ch_MAX,max_CL,CL@BC_t_ch_MAX,aic,PV,PV_OK,t_ch_MAX_OK,phyl_OK
B.D.4.NmC1,0,18,7.827008903265866,,,,*,*,*
B.D.1,334,7,3.4254519980930493,-1.1252549557182367,54.250509911436474,0.00012973716004575404,*,,
B.D.1.1,115,3,3.1592576530116774,-27.137164420903297,106.2743288418066,6.562433456502032e-16,,,
