,num_seq,t_ch_MAX,max_CL,CL@BC_t_ch_MAX,aic,PV,PV_OK,t_ch_MAX_OK,phyl_OK
B.D.4.NmC1,1212,26,9.93421185819155,,,,*,*,*
B.D.1,334,13,3.740594348677871,-15.529039592213055,87.0580791844261,8.723505080487004e-12,,,
