,num_seq,t_ch_MAX,max_CL,CL@BC_t_ch_MAX,aic,PV,PV_OK,t_ch_MAX_OK,phyl_OK
F.4,113,60,0.675597999947845,,,,*,*,*
F.5,17,60,0.33483149477175544,0.33483149477175544,15.330337010456489,0.7117703227626098,*,*,
F.1.NmC1,0,60,0.015372789637895234,0.015372789637895234,15.969254420724209,0.5168513344916992,*,*,
