,num_seq,t_ch_MAX,max_CL,CL@BC_t_ch_MAX,aic,PV,PV_OK,t_ch_MAX_OK,phyl_OK
A.2.1.1,31,8,63.36116582047442,,,,*,*,*
A.D.2,2386,1,25.467767461756438,20.25811064382346,167.4837787123531,1.9138497068616443e-19,,,
