,num_seq,t_ch_MAX,max_CL,CL@BC_t_ch_MAX,aic,PV,PV_OK,t_ch_MAX_OK,phyl_OK
B.1.2,132,29,2.023032744260042,,,,*,*,*
A.1.NmC3,63,17,1.6221507649647284,-8.520077941942988,127.04015588388597,2.632477623698294e-05,*,,
B.1.1,446,29,1.5103743776529273,1.5103743776529273,106.97925124469414,0.5975005946182371,*,*,
A.1.NmC2,82,17,1.3380069247571538,-84.6008745421853,279.2017490843706,2.3946415023052036e-38,,,
B.1.NmC3,263,28,1.3357585088227617,-0.8021139360596867,111.60422787211937,0.059308656829438984,*,*,
B.1,452,29,0.8984631530875831,0.8984631530875831,108.20307369382483,0.32465246735834974,*,*,
A.1.NmC1,241,14,0.6205925717010109,-72.44397389595328,254.88794779190656,4.550822877475583e-33,,,
