,num_seq,t_ch_MAX,max_CL,CL@BC_t_ch_MAX,aic,PV,PV_OK,t_ch_MAX_OK,phyl_OK
A.D.4.NmC3,0,53,37.19548109751197,,,,*,*,*
A.D.2.2.1,40,45,24.628093079389043,20.24013197697559,95.51973604604882,4.3304901921362306e-08,,,
A.D.3.NmC2,0,31,19.394086515747514,-7.563351527701269,151.12670305540254,3.638974313302657e-20,,,
A.D.4.NmC1,0,35,18.559944041943673,15.270009674538803,105.45998065092239,3.006723446701802e-10,,,
A.D.4.NmC2,0,44,17.778195405401114,16.080208895488816,103.83958220902237,6.758837649568356e-10,,,
