,num_seq,t_ch_MAX,max_CL,CL@BC_t_ch_MAX,aic,PV,PV_OK,t_ch_MAX_OK,phyl_OK
A.D.4.NmC1,2189,49,10.444775147617245,,,,*,*,*
A.3.1,1992,53,9.451212420921678,8.778162826859889,28.443674346280222,0.18919065798198187,*,,
A.3.1.1,731,49,8.934217038707752,8.934217038707752,28.131565922584496,0.22090997795937825,*,*,
A.3.1.NmC1,266,55,8.820346635589422,2.116404494087609,41.767191011824785,0.00024117204487855842,*,,
A.D.4.NmC3,1653,49,1.4592452585186515,1.459245258518652,43.081509482962694,0.00012527490443005484,*,*,
