,num_seq,t_ch_MAX,max_CL,CL@BC_t_ch_MAX,aic,PV,PV_OK,t_ch_MAX_OK,phyl_OK
A.D.4.NmC1,0,13,34.348623657319905,,,,*,*,*
A.D.4.NmC3,0,1,30.51821115945997,17.961149776734537,72.07770044653093,7.619271366652642e-08,,,
A.3.1,1992,40,11.392375918989034,-171.22181141641926,450.4436228328385,5.273310635862459e-90,,,
A.3.1.NmC1,0,52,6.525319301376363,-271.9461682056225,651.892336411245,9.501051352829945e-134,,,
A.3.1.1,731,52,5.772443988167472,-87.82722059887547,283.65444119775094,8.711073406527593e-54,,,
