,num_seq,t_ch_MAX,max_CL,CL@BC_t_ch_MAX,aic,PV,PV_OK,t_ch_MAX_OK,phyl_OK
B.D.E.3.NmC1,0,61,32.945801317818294,,,,*,*,*
B.D.E.3,125,56,32.417469979799364,31.043685845672023,67.91262830865595,0.14956861922263526,*,,
