,num_seq,t_ch_MAX,max_CL,CL@BC_t_ch_MAX,aic,PV,PV_OK,t_ch_MAX_OK,phyl_OK
B.D.2,1269,21,13.35509141461641,,,,*,*,*
B.D.4.1,218,8,3.1132207342971983,-1.142742701374698,58.285485402749394,5.04347662567888e-07,,,
B.D.4,1413,10,2.9305339493536886,-3.8144972901603627,63.62899458032072,3.492719796239333e-08,,,
B.D.1,334,9,1.6046975679752151,-20.466283321342555,96.93256664268512,2.051920933042951e-15,,,
B.D.4.NmC1,1212,10,1.1044019643866911,-37.23781613519459,130.47563227038918,1.0638262150601664e-22,,,
