,num_seq,t_ch_MAX,max_CL,CL@BC_t_ch_MAX,aic,PV,PV_OK,t_ch_MAX_OK,phyl_OK
A.D.4.NmC3,0,55,44.011400896367114,,,,*,*,*
A.D.2.2.1,40,36,20.10701382558766,-4.252969340676721,188.50593868135343,1.0933943639707353e-21,,,
A.D.4.NmC1,0,36,14.957056142229666,-4.714310062002099,189.4286201240042,6.90241980064167e-22,,,
A.D.3.NmC2,0,36,8.618707707817036,-40.3125938766319,260.6251877532638,2.3884591257864e-37,,,
A.D.4.NmC2,0,36,4.090542082017227,-19.19734871818165,218.3946974363633,3.551544587151787e-28,,,
A.2.1.1,31,3,3.827176228359737,-325.8296915507624,831.6593831015248,2.4017556050513804e-161,,,
