,num_seq,t_ch_MAX,max_CL,CL@BC_t_ch_MAX,aic,PV,PV_OK,t_ch_MAX_OK,phyl_OK
A.D.5.NmC1,425,58,10.913441255260429,,,,*,*,*
A.2.1.1,31,75,2.5854827776574956,-72.32174034172273,216.64348068344546,1.9118346825424648e-36,,,
