,num_seq,t_ch_MAX,max_CL,CL@BC_t_ch_MAX,aic,PV,PV_OK,t_ch_MAX_OK,phyl_OK
A.D.4.NmC2,0,41,22.47394299466298,,,,*,*,*
A.D.4.NmC3,0,40,11.001807685731904,0.18414233605536612,137.63171532788928,2.0872573468166798e-10,,*,
A.D.4.NmC1,0,25,8.855061627451473,-13.554946267609377,165.10989253521876,2.250970570573648e-16,,,
A.D.3.NmC1,0,3,2.433522073392298,-14.7884262516292,167.5768525032584,6.546604909898146e-17,,,
A.3,202,4,1.0976532140636568,-89.23465991598432,316.4693198319686,3.054663858772816e-49,,,
A.D.4,176,3,0.729004376314243,-47.81773122557916,233.63546245115833,2.959847902767032e-31,,,
