,num_seq,t_ch_MAX,max_CL,CL@BC_t_ch_MAX,aic,PV,PV_OK,t_ch_MAX_OK,phyl_OK
A.D.3.6,757,7,1.3778711073671364,,,,*,*,*
A.D.NmC1,0,4,0.504722322301707,-22.531451164737398,67.0629023294748,4.1306551358773626e-11,,,
