,num_seq,t_ch_MAX,max_CL,CL@BC_t_ch_MAX,aic,PV,PV_OK,t_ch_MAX_OK,phyl_OK
A.D.4.NmC3,1653,60,42.42431755494473,,,,*,*,*
A.D.4.NmC1,2189,65,25.343726352346003,21.32191059950375,159.3561788009925,6.82676509724127e-10,,,
A.D.2.2.1,40,41,23.048833000671912,1.4181582233573025,199.1636835532854,1.5550872818963013e-18,,,
A.D.3.NmC2,401,36,18.656083218865827,-26.66875798238684,255.33751596477367,9.82704111070299e-31,,,
A.2.1.1,31,3,3.827176228359737,-349.9477539193878,901.8955078387756,3.9237620569480737e-171,,,
