,num_seq,t_ch_MAX,max_CL,CL@BC_t_ch_MAX,aic,PV,PV_OK,t_ch_MAX_OK,phyl_OK
A.D.NmC1,0,5,14.747243094715628,,,,*,*,*
A.D.NmC2,0,5,10.141804595797208,10.141804595797208,25.716390808405585,0.010001702004705496,*,*,
A.D.3,128,2,9.21836170909785,8.741791925423097,28.516416149153805,0.0024663893486090533,*,,
A.D.4.NmC3,0,2,8.136657216860254,7.005882607263547,31.988234785472905,0.00043507157507873293,*,,
A.D,2353,2,6.78960784692456,5.833753230723507,34.33249353855299,0.00013503183398874317,*,,
A.D.3.NmC1,0,18,5.660274703343609,-17.537210329782624,81.07442065956525,9.571370421109156e-15,,,
A.D.3.6,757,18,4.4434786142626574,-22.68192714749395,91.3638542949879,5.578648712785468e-17,,,
A.D.3.NmC2,0,18,3.036223230663773,-32.060399392821445,110.12079878564289,4.708111879778704e-21,,,
