,num_seq,t_ch_MAX,max_CL,CL@BC_t_ch_MAX,aic,PV,PV_OK,t_ch_MAX_OK,phyl_OK
A.1.NmC2,0,1214,126.58603208639312,,,,*,*,*
A.1.NmC1,0,32,3.7044097495562687,-416.610208438586,3671.2204168771723,3.585206629569554e-227,,,
