,num_seq,t_ch_MAX,max_CL,CL@BC_t_ch_MAX,aic,PV,PV_OK,t_ch_MAX_OK,phyl_OK
A.D.2.2.1,40,27,35.348558544831384,,,,*,*,*
A.D.2.2,545,42,10.000468033871462,3.4284060262122846,47.14318794757543,1.3718926762228437e-14,,,
