,num_seq,t_ch_MAX,max_CL,CL@BC_t_ch_MAX,aic,PV,PV_OK,t_ch_MAX_OK,phyl_OK
A.1.NmC5,0,132,34.763040405238065,,,,*,*,*
A.1.NmC7,0,4,-1.9802779196265545,-102.38778323034036,528.7755664606807,2.718568838834397e-60,,,
A.1.NmC12,0,3,-2.8965610392035637,-151.60485248672387,627.2097049734477,1.1495752571208512e-81,,,
