,num_seq,t_ch_MAX,max_CL,CL@BC_t_ch_MAX,aic,PV,PV_OK,t_ch_MAX_OK,phyl_OK
A.3,202,10,7.8801787886100225,,,,*,*,*
A.D.2.2.NmC1,394,18,2.0372126088785163,-28.10292545265004,100.20585090530008,6.827927015873188e-12,,,
A.D.4,176,18,1.9412046396222533,-45.10477431945236,134.20954863890472,2.8267192594125355e-19,,,
A.D.5,115,18,1.8803603905320383,-52.822881999017554,149.6457639980351,1.254669317546734e-22,,,
A.3.1.1,731,15,0.7796248260468133,-11.005459593776271,66.01091918755255,0.0001822739104128448,*,,
A.D.4.NmC1,2189,15,0.7635452369348532,-1.7386832687106941,47.47736653742139,1.9251425173763648,*,,
