,num_seq,t_ch_MAX,max_CL,CL@BC_t_ch_MAX,aic,PV,PV_OK,t_ch_MAX_OK,phyl_OK
B.D.2,1269,7,2.8408562623771187,,,,*,*,*
B.D.4,1413,5,0.7370155062695802,0.26312428016853856,19.473751439662923,0.07615382279861038,*,,
