,num_seq,t_ch_MAX,max_CL,CL@BC_t_ch_MAX,aic,PV,PV_OK,t_ch_MAX_OK,phyl_OK
A.3.1.1,731,47,33.69108447209397,,,,*,*,*
A.3,202,54,18.070413599268853,16.629712301158825,74.74057539768235,3.898846514799556e-08,,,
