,num_seq,t_ch_MAX,max_CL,CL@BC_t_ch_MAX,aic,PV,PV_OK,t_ch_MAX_OK,phyl_OK
B.1.17.NmC1,0,56,0.13317259785642527,,,,*,*,*
C.1.NmC1,0,56,0.046942976917630386,-8.155444959743736,36.31088991948747,0.000251014462743614,*,*,
