,num_seq,t_ch_MAX,max_CL,CL@BC_t_ch_MAX,aic,PV,PV_OK,t_ch_MAX_OK,phyl_OK
A.D.4.NmC3,0,58,37.49943684581515,,,,*,*,*
A.D.4.NmC1,0,63,33.444224444111974,29.42240869126972,145.15518261746055,0.00030967103541862677,*,,
A.D.2.2.1,40,34,20.23157434392504,6.094636457372157,191.81072708525568,2.296052403260605e-14,,,
A.D.3.NmC2,0,12,4.80653121417183,-49.25635565515515,302.5127113103103,2.1027237618669578e-38,,,
A.2.1.1,31,3,3.827176228359737,-326.3123356929044,856.6246713858088,9.984459019222569e-159,,,
A.D.4.NmC2,0,36,3.1471175185307887,-17.900045280526527,239.80009056105305,8.711354806380863e-25,,,
