,num_seq,t_ch_MAX,max_CL,CL@BC_t_ch_MAX,aic,PV,PV_OK,t_ch_MAX_OK,phyl_OK
B.D.4.NmC1,1212,8,8.595236980110583,,,,*,*,*
B.D.NmC1,1726,7,6.272856467729839,6.0869567728401615,37.82608645431968,0.08126823924089185,*,*,
B.D,150,17,5.1517102953573115,-5.427088635948581,60.854177271897164,8.150633472817832e-07,,,
B.D.1.1,115,21,3.429864716166559,-56.93225482237885,163.8645096447577,3.4902302101316294e-29,,,
B.D.1,334,2,1.438042812010226,1.0258850071268808,47.94822998574624,0.0005156924486124138,*,,
B.D.4.1,218,22,0.3017632896672511,-11.582311135898665,73.16462227179733,1.7302498792399364e-09,,,
