,num_seq,t_ch_MAX,max_CL,CL@BC_t_ch_MAX,aic,PV,PV_OK,t_ch_MAX_OK,phyl_OK
B.D.1,334,4,1.4521133190489688,,,,*,*,*
B.D.4.1.1,260,3,0.6866607326858626,-9.233145915953017,42.466291831906034,6.909694772628816e-05,*,*,
