,num_seq,t_ch_MAX,max_CL,CL@BC_t_ch_MAX,aic,PV,PV_OK,t_ch_MAX_OK,phyl_OK
B.D.NmC1,0,35,19.722727324529426,,,,*,*,*
B.D,150,23,16.680156608381743,-5.818887473723706,121.63777494744741,8.052810137584403e-12,,,
B.D.3,433,23,16.095741598944155,-6.466923150277424,122.93384630055485,4.2250078378867614e-12,,,
B.D.E.3.NmC1,0,33,13.474815431081012,2.982044301157316,104.03591139768537,5.342430738896296e-08,,,
B.D.E.3,125,28,4.082454125088561,-17.904852835356873,145.80970567071375,4.544631203072648e-17,,,
B,21,10,0.01868754738004652,-118.65967277353599,347.319345547072,7.946174935057524e-61,,,
