,num_seq,t_ch_MAX,max_CL,CL@BC_t_ch_MAX,aic,PV,PV_OK,t_ch_MAX_OK,phyl_OK
A.1,995,86,2.510312613796315,,,,*,*,*
A.1.NmC1,0,136,0.47819063334764245,-692.523040098618,1721.046080197236,2.0051083199297353e-302,,,
