,num_seq,t_ch_MAX,max_CL,CL@BC_t_ch_MAX,aic,PV,PV_OK,t_ch_MAX_OK,phyl_OK
B.D.2,1269,9,4.302935359346492,,,,*,*,*
B.D.4,1413,11,3.154404547246096,-3.9192090170212444,47.83841803404249,0.00011506653864622361,*,,
B.D.E.2,853,7,1.8293100842203518,-5.007869709548425,50.015739419096846,3.868726816660363e-05,*,,
