,num_seq,t_ch_MAX,max_CL,CL@BC_t_ch_MAX,aic,PV,PV_OK,t_ch_MAX_OK,phyl_OK
A.D.4.NmC3,1653,60,42.26772492894101,,,,*,*,*
A.D.2.2.1,40,23,21.902476912721692,-9.886434547104054,223.77286909420812,2.2354826127312106e-23,,,
A.D.4.NmC1,2189,66,15.391459997364777,10.577073988962798,182.8458520220744,1.71805236261112e-14,,,
A.D.3.NmC2,401,31,13.47969346352463,-35.95060284987498,275.90120569975,1.0702509586818285e-34,,,
A.2.1.1,31,3,3.827176228359737,-360.18329072606366,924.3665814521273,1.6444258138563794e-175,,,
