,num_seq,t_ch_MAX,max_CL,CL@BC_t_ch_MAX,aic,PV,PV_OK,t_ch_MAX_OK,phyl_OK
A.D.4.NmC3,0,57,39.394642059537446,,,,*,*,*
A.D.4.NmC1,0,62,15.193334538665994,11.171518785823732,179.65696242835253,5.521260628383316e-13,,,
A.D.2.2.1,40,49,11.76902283983867,7.381061737425217,187.23787652514957,1.2475620687522352e-14,,,
A.2.1.1,31,3,3.827176228359737,-340.673145750663,883.346291501326,8.663557517538454e-166,,,
A.D.3.NmC2,0,35,3.428743357495389,-30.264807608171623,262.52961521634325,5.585298527871548e-31,,,
