,num_seq,t_ch_MAX,max_CL,CL@BC_t_ch_MAX,aic,PV,PV_OK,t_ch_MAX_OK,phyl_OK
A.D.1,1413,78,77.5110775596377,,,,*,*,*
A.D.2,2386,75,45.330548775812794,40.88974792167038,236.22050415665925,1.338248257082241e-16,,,
A.D.2.NmC1,464,75,32.48940340370182,22.97152969508883,272.05694060982233,2.2079008706257854e-24,,,
A.D.2.1,76,75,13.99059637010825,4.527428008028891,308.9451439839422,2.1548540085522018e-32,,,
A.D.2.2.1,40,82,11.551807947641233,9.845873819257537,298.3082523614849,4.404174273960043e-30,,,
A.D.2.NmC2,132,27,1.5670577905861842,-9.741823021712635,337.48364604342527,1.3746972619831696e-38,,,
