,num_seq,t_ch_MAX,max_CL,CL@BC_t_ch_MAX,aic,PV,PV_OK,t_ch_MAX_OK,phyl_OK
B.D.E.2,853,20,14.858472751722847,,,,*,*,*
B.D.2,1269,10,4.270985730635373,-29.65813837334761,105.31627674669522,4.626043003827429e-20,,,
B.D.4,1413,5,1.4984399492105624,-20.642358059364504,87.28471611872901,3.8242466280971355e-16,,,
B.D.4.NmC1,0,5,0.7876312582529597,-46.15337508871727,138.30675017743454,3.1733807772555703e-27,,,
