,num_seq,t_ch_MAX,max_CL,CL@BC_t_ch_MAX,aic,PV,PV_OK,t_ch_MAX_OK,phyl_OK
B.D.2,1269,20,10.890332957331463,,,,*,*,*
B.D.4.1,218,22,6.18509778375463,5.878987708021612,62.24202458395678,0.006670903306255262,*,,
B.D.4.1.1,260,23,4.094420670399775,1.897602570063303,70.20479485987339,0.00012465009323757488,*,,
B.D.4,1413,19,2.9221298991712876,2.4629545362890406,69.07409092742192,0.0002193153301629197,*,*,
B.D.E.2,853,8,2.8534057090640372,1.180585531593607,71.63882893681279,6.0673714089010444e-05,*,,
B.D.4.NmC1,1212,6,0.6943735054995945,-46.189728337272555,166.3794566745451,1.6235698319552377e-25,,,
