,num_seq,t_ch_MAX,max_CL,CL@BC_t_ch_MAX,aic,PV,PV_OK,t_ch_MAX_OK,phyl_OK
A.D.5.NmC1,0,48,7.6347580005816456,,,,*,*,*
A.3,202,54,0.36384012290078444,-2.623167479580308,27.246334959160617,3.500568783873448e-05,*,,
