,num_seq,t_ch_MAX,max_CL,CL@BC_t_ch_MAX,aic,PV,PV_OK,t_ch_MAX_OK,phyl_OK
A.3.1.1,731,21,5.39593844016486,,,,*,*,*
A.D.2.1,76,4,2.917051139698785,-32.39640130226253,124.79280260452506,3.872679252840384e-17,,,
A.D.5.NmC1,0,4,1.6968714607870101,-24.050614012189246,108.10122802437849,1.6300426969486013e-13,,,
A.3.1,1992,21,1.1984211748285982,1.1984211748285982,57.6031576503428,0.015070742462089098,*,*,
A.D.5,115,4,0.9848861119078991,-43.93656343532231,147.87312687064463,3.769234935061989e-22,,,
