,num_seq,t_ch_MAX,max_CL,CL@BC_t_ch_MAX,aic,PV,PV_OK,t_ch_MAX_OK,phyl_OK
B.D.4.NmC1,0,5,16.45552120254652,,,,*,*,*
B.D.NmC1,0,1,13.23732348104032,10.749713557146718,50.50057288570656,0.003329277385131574,*,,
B.D,150,17,6.33093525502072,-40.66557368707429,153.3311473741486,1.5599087482688948e-25,,,
B.D.1.1,115,27,3.429864716166559,-112.79734296756371,297.5946859351274,7.369503237907921e-57,,,
B.D.4.1,218,28,0.3017632896672511,-77.1695354170258,226.3390708340516,2.1836303999204887e-41,,,
B.D.1,334,24,0.035242880412118316,-39.529108554716764,151.05821710943354,4.853146826960464e-25,,,
