,num_seq,t_ch_MAX,max_CL,CL@BC_t_ch_MAX,aic,PV,PV_OK,t_ch_MAX_OK,phyl_OK
A.D.4.NmC3,1653,59,32.06119718946932,,,,*,*,*
A.D.2.2.1,40,41,19.84086235867631,1.5626315559209578,206.87473688815808,5.704134723252663e-14,,,
A.D.4.NmC1,2189,64,19.197173522644242,15.175357769801982,179.64928446039605,4.64448615990722e-08,,,
A.D.3.NmC2,401,37,12.56843844728964,-43.22725910078661,296.45451820157325,2.014373177426445e-33,,,
A.D.4.NmC2,848,41,7.273631943215363,-17.824245885766345,245.6484917715327,2.163813222151623e-22,,,
A.2.1.1,31,3,3.827176228359737,-356.4133791085585,922.826758217117,1.9384345532058317e-169,,,
