,num_seq,t_ch_MAX,max_CL,CL@BC_t_ch_MAX,aic,PV,PV_OK,t_ch_MAX_OK,phyl_OK
A.1.NmC2,0,392,36.20804172753217,,,,*,*,*
A.1.NmC1,0,866,13.085757121690433,2.780928623762125,870.4381427524758,3.0306478086701924e-15,,,
