,num_seq,t_ch_MAX,max_CL,CL@BC_t_ch_MAX,aic,PV,PV_OK,t_ch_MAX_OK,phyl_OK
B.D.E.3,125,39,23.443064436252254,,,,*,*,*
B.D.NmC1,0,40,23.352417019508554,23.10936379591333,47.78127240817334,0.7153380863525594,*,*,
B.D.3,433,33,17.960300874182245,17.14552342871636,59.70895314256728,0.0018363047770289056,*,,
B.D,150,40,6.630184606982015,6.241848130922939,81.51630373815412,3.372589152718735e-08,,*,
B.D.E.3.NmC1,0,49,4.607087944171853,2.2246583465786527,89.5506833068427,6.085147280085727e-10,,,
