,num_seq,t_ch_MAX,max_CL,CL@BC_t_ch_MAX,aic,PV,PV_OK,t_ch_MAX_OK,phyl_OK
B.1.17.NmC2,0,42,14.88612972820796,,,,*,*,*
B.1.2.NmC1,0,12,4.116945997193654,-28.427604622873755,160.85520924574752,3.4788502799726435e-20,,,
B.1.12,86,12,3.359509066387846,-54.60504743331477,213.21009486662956,1.4920304088123745e-31,,,
B.1.17.NmC5,0,12,2.6462612432539223,-36.48697210658103,176.97394421316204,1.1045711265510227e-23,,,
B.1.17.NmC1,0,12,2.2049571672231814,-36.41863869155146,176.8372773831029,1.1787530457731353e-23,,,
B.1.1,446,12,1.9761873257649938,-56.108767194746626,216.21753438949327,3.31256553679502e-32,,,
B.1.NmC3,0,12,1.897707515718223,-24.993707269588434,153.98741453917688,1.079536382915342e-18,,,
B.1.13.NmC1,0,12,1.471275893890093,-39.723791194292424,183.44758238858486,4.325930772961445e-25,,,
