,num_seq,t_ch_MAX,max_CL,CL@BC_t_ch_MAX,aic,PV,PV_OK,t_ch_MAX_OK,phyl_OK
A.D.2.1,76,5,1.967376602270339,,,,*,*,*
A.D.5.NmC1,0,6,1.6598452346618897,0.9958891533168668,12.008221693366266,0.37908303810339894,*,*,
A.3.1.1,731,6,1.6451279761187076,0.7920301407369641,12.415939718526072,0.3088189796880199,*,*,
A.D.5,115,3,0.6844175485050421,-1.2496051729643503,16.499210345928702,0.040155333823624025,*,,
A.D.NmC2,0,5,0.19258267990128844,0.19258267990128844,13.614834640197422,0.1703329888254095,*,*,
