,num_seq,t_ch_MAX,max_CL,CL@BC_t_ch_MAX,aic,PV,PV_OK,t_ch_MAX_OK,phyl_OK
A.D.4.NmC1,0,48,32.36301223300659,,,,*,*,*
A.D.4.NmC2,0,26,17.04343806043814,-43.66744345618539,249.3348869123708,2.1169316319001002e-29,,,
A.D.3.NmC1,0,22,11.849592671910347,-119.85084313159915,401.7016862631983,1.7337310553894251e-62,,,
A.D.4,176,19,3.43695874259761,-226.66726694267393,615.3345338853478,7.076469579318387e-109,,,
