,num_seq,t_ch_MAX,max_CL,CL@BC_t_ch_MAX,aic,PV,PV_OK,t_ch_MAX_OK,phyl_OK
A.D.2.2.NmC1,394,17,14.436746232896564,,,,*,*,*
A.3.1.1,731,20,3.649896263386314,-27.40495335031938,82.80990670063876,6.747126880157917e-19,,,
A.D.4,176,22,3.379337684569949,-46.62066231543005,121.2413246308601,3.0489507371961454e-27,,,
A.D.5,115,22,3.2887075148211555,-32.98254063981752,93.96508127963504,2.5453978218999833e-21,,,
A.D.4.NmC2,848,23,0.6394332122152728,-19.736439889472518,67.47287977894504,1.4459642425598855e-15,,,
