,num_seq,t_ch_MAX,max_CL,CL@BC_t_ch_MAX,aic,PV,PV_OK,t_ch_MAX_OK,phyl_OK
B.1.6,35,49,4.216451819263287,,,,*,*,*
A.1.NmC3,0,52,3.25109041832925,-0.8311720199920449,39.66234403998409,0.006441460363850611,*,,
B.1.17.NmC2,0,53,2.6583720998686498,-13.42464705110739,64.84929410221478,2.1829577951254857e-08,,,
A.1.NmC1,0,52,1.8407889172468084,-20.5051390493669,79.0102780987338,1.8375552559802658e-11,,,
B.1.17.NmC1,0,52,1.4512587089497822,-0.7546013924042039,39.50920278480841,0.006943148034746121,*,,
