,num_seq,t_ch_MAX,max_CL,CL@BC_t_ch_MAX,aic,PV,PV_OK,t_ch_MAX_OK,phyl_OK
B.D.4.NmC1,1212,26,14.718178167699888,,,,*,*,*
B.D.1,334,5,1.8845380966901846,-21.011149276251363,94.02229855250272,3.038492450283254e-16,,,
