,num_seq,t_ch_MAX,max_CL,CL@BC_t_ch_MAX,aic,PV,PV_OK,t_ch_MAX_OK,phyl_OK
A.1.NmC2,0,232,25.337573208843704,,,,*,*,*
A.1,836,430,5.315354054345145,-14.632002766251103,2841.2640055325023,162754.79141900392,*,,
