,num_seq,t_ch_MAX,max_CL,CL@BC_t_ch_MAX,aic,PV,PV_OK,t_ch_MAX_OK,phyl_OK
A.D.4.NmC2,0,42,25.25224203370641,,,,*,*,*
A.D.4.NmC3,0,49,15.485226133124398,11.798652117959701,102.40269576408059,1.4412496618296644e-06,,,
A.D.4.NmC1,0,28,13.010325919762408,-0.8895456841440679,127.77909136828814,4.4416286219325295e-12,,,
A.D.3.NmC1,0,24,5.429317768559085,-22.781431953849623,171.56286390769924,1.3830441186696955e-21,,,
A.D.4,176,7,5.296255584909599,-47.01142677377383,220.02285354754764,4.148401070602677e-32,,,
A.3,202,6,0.9325748134740782,-92.98769683076317,311.97539366152637,4.456772439082032e-52,,,
