,num_seq,t_ch_MAX,max_CL,CL@BC_t_ch_MAX,aic,PV,PV_OK,t_ch_MAX_OK,phyl_OK
B.D.4.NmC1,1212,6,9.507903834426388,,,,*,*,*
B.D.1.1,115,21,4.7945852539663285,-61.037905760701385,176.07581152140278,2.2936349713096235e-31,,,
B.D.NmC1,1726,21,2.8278669926174844,1.9538459898143388,50.09230802037132,0.00052348614191013,*,,
B.D.4.1,218,23,0.3017632896672511,-4.602716245831749,63.2054324916635,7.411965478951325e-07,,,
B.D,150,22,0.035783217761530095,-19.036005260741913,92.07201052148383,4.0092580887334393e-13,,,
