,num_seq,t_ch_MAX,max_CL,CL@BC_t_ch_MAX,aic,PV,PV_OK,t_ch_MAX_OK,phyl_OK
A.D.5.NmC1,425,9,2.571057069450433,,,,*,*,*
A.D.5,115,12,1.7006831401376137,-1.636760145219842,23.273520290439684,0.014920786069067842,*,,
