,num_seq,t_ch_MAX,max_CL,CL@BC_t_ch_MAX,aic,PV,PV_OK,t_ch_MAX_OK,phyl_OK
B.D.NmC1,0,48,35.69914390857837,,,,*,*,*
B.D.E.3.NmC1,0,7,5.070262252189761,-102.68981122281427,333.37962244562857,7.906543222230374e-61,,,
