,num_seq,t_ch_MAX,max_CL,CL@BC_t_ch_MAX,aic,PV,PV_OK,t_ch_MAX_OK,phyl_OK
B.D.4.1.1,260,9,3.8797788058239204,,,,*,*,*
B.D.E.2,853,16,2.034715237291219,-0.2670502362719289,48.534100472543855,1571.8365629577186,*,,
B.D.2,1269,14,0.18865910091502736,-24.28231259243613,96.56462518487226,5.845550326976573e-08,,,
