,num_seq,t_ch_MAX,max_CL,CL@BC_t_ch_MAX,aic,PV,PV_OK,t_ch_MAX_OK,phyl_OK
A.1,836,317,13.594285976275271,,,,*,*,*
A.1.NmC1,0,50,7.731110456071038,-58.78464525944005,2577.5692905188803,3.679301689216468e-32,,,
