,num_seq,t_ch_MAX,max_CL,CL@BC_t_ch_MAX,aic,PV,PV_OK,t_ch_MAX_OK,phyl_OK
A.3.1.1,731,19,42.13876497192991,,,,*,*,*
A.2.1.1,31,55,17.197591644175898,-3.4884022516424587,160.9768045032849,1.3933373768097647e-20,,,
A.3,202,45,2.530050911050979,-19.604036159345174,193.20807231869034,1.3976573461042043e-27,,,
