,num_seq,t_ch_MAX,max_CL,CL@BC_t_ch_MAX,aic,PV,PV_OK,t_ch_MAX_OK,phyl_OK
A.D.4.NmC1,2189,13,34.52958113721443,,,,*,*,*
A.D.4.NmC3,1653,1,24.070436741155763,11.513375358430325,84.97324928313935,1.0109100147959005e-10,,,
A.3.1,1992,40,12.935608897395971,-164.94334323163406,437.8866864632681,2.339420128863223e-87,,,
A.3.1.NmC1,266,54,7.551960681240775,-269.124142498284,646.248284996568,1.3314016709474465e-132,,,
A.3.1.1,731,54,6.459767061417548,-76.940613204162,261.881226408324,3.8832388349824805e-49,,,
