,num_seq,t_ch_MAX,max_CL,CL@BC_t_ch_MAX,aic,PV,PV_OK,t_ch_MAX_OK,phyl_OK
A.D.4.NmC2,848,8,14.497947133604676,,,,*,*,*
A.D.4.NmC3,1653,1,6.9595773915796375,0.5445255531063871,110.91094889378722,8.698022064965432e-07,,,
A.D.4.NmC1,2189,13,5.790070090693715,-2.923873078666522,117.84774615733305,2.7065661928611362e-08,,,
