,num_seq,t_ch_MAX,max_CL,CL@BC_t_ch_MAX,aic,PV,PV_OK,t_ch_MAX_OK,phyl_OK
B.1.17.NmC4,116,47,11.41457681060389,,,,*,*,*
B.1.13.NmC2,242,41,8.657242217003576,-15.33525252553986,150.67050505107972,2.4133627718332312e-12,,,
B.1.13,353,25,3.563928385449634,-8.641267766208545,137.28253553241709,1.9508512912886182e-09,,,
B.1.NmC2,322,25,3.1509258458485663,-21.573386823389832,163.14677364677965,4.705708729287793e-15,,,
B.1.17.NmC2,182,25,3.103773321481055,-53.07523538868825,226.15047077737648,9.825368828305003e-29,,,
B.1.1,446,25,2.7903423193807715,-7.426887129150479,134.85377425830097,6.574942527404194e-09,,,
B.1,452,25,2.7043858996844747,-18.243657456422504,156.48731491284502,1.31469698434745e-13,,,
B.1.17.NmC1,375,25,2.605798756038618,-26.796548204282512,173.59309640856503,2.544531587242538e-17,,,
