,num_seq,t_ch_MAX,max_CL,CL@BC_t_ch_MAX,aic,PV,PV_OK,t_ch_MAX_OK,phyl_OK
B.D.4.1.1,260,7,3.6856791868672834,,,,*,*,*
B.D.1,334,4,0.731348269966584,-2.3267761522301558,22.653552304460312,0.002454088180413919,*,,
