,num_seq,t_ch_MAX,max_CL,CL@BC_t_ch_MAX,aic,PV,PV_OK,t_ch_MAX_OK,phyl_OK
B.D.NmC1,0,35,20.786739022719445,,,,*,*,*
B.D,150,23,16.680156608381743,15.443696935216241,79.11260612956752,0.004795870710296438,*,,
B.D.3,433,23,16.095741598944155,15.620450714879874,78.75909857024025,0.005713062839002639,*,,
B.D.E.3.NmC1,0,26,13.233777882079753,11.62183428270083,86.75633143459834,0.00010463839590781883,*,,
B.D.E.3,125,30,4.151151125962279,-9.819251143454915,129.63850228690984,5.109958597420026e-14,,,
B,21,10,0.01868754738004652,-118.72013262530109,347.4402652506022,2.592676325849301e-61,,,
