,num_seq,t_ch_MAX,max_CL,CL@BC_t_ch_MAX,aic,PV,PV_OK,t_ch_MAX_OK,phyl_OK
A.3.1,1992,11,8.21543811755741,,,,*,*,*
A.3.1.NmC1,0,14,7.551960681240775,-2.2923375835094415,30.584675167018883,2.739911073565567e-05,*,,
A.D.4.NmC1,0,14,6.723664777249881,-2.110265628466021,30.22053125693204,3.2802691106824155e-05,*,,
A.3.1.1,731,14,6.459767061417548,-3.2497092681021273,32.49941853620425,1.0490924582726865e-05,*,,
