,num_seq,t_ch_MAX,max_CL,CL@BC_t_ch_MAX,aic,PV,PV_OK,t_ch_MAX_OK,phyl_OK
A.D.4.NmC3,0,13,11.566709213051556,,,,*,*,*
A.D.2.2.1,40,13,3.486035621174355,3.486035621174355,19.02792875765129,0.0003096710354186262,*,*,
