,num_seq,t_ch_MAX,max_CL,CL@BC_t_ch_MAX,aic,PV,PV_OK,t_ch_MAX_OK,phyl_OK
A.2.1,366,13,455.37286831271314,,,,*,*,*
A.D.3.7,20,510,13.893984460242928,-1926.6152901799633,5915.2305803599265,0.0,,,
A.D.3.3,1219,510,10.019212015289046,-407.79980203078077,2877.5996040615614,0.0,,,
A.D.5.1,539,510,9.55304366863359,-558.5451466340029,3179.0902932680056,0.0,,,
A.D.5.3,354,510,7.754084200827914,-448.47594743853756,2958.951894877075,0.0,,,
