,num_seq,t_ch_MAX,max_CL,CL@BC_t_ch_MAX,aic,PV,PV_OK,t_ch_MAX_OK,phyl_OK
B.D.1,334,3,0.7753560988458164,,,,*,*,*
B.D.4.NmC1,0,4,0.6299436908907768,0.38309422239476276,11.233811555210474,0.6770568744981643,*,*,
