,num_seq,t_ch_MAX,max_CL,CL@BC_t_ch_MAX,aic,PV,PV_OK,t_ch_MAX_OK,phyl_OK
A.D.5,115,20,13.179413780324538,,,,*,*,*
A.D.5.NmC1,0,16,9.802098633220144,2.99628198580334,46.00743602839332,3.792120893076764e-05,*,,
A.D,2353,21,4.9118948049839,3.934094570929596,44.13181085814081,9.707759022334694e-05,*,*,
