,num_seq,t_ch_MAX,max_CL,CL@BC_t_ch_MAX,aic,PV,PV_OK,t_ch_MAX_OK,phyl_OK
B.D.E.2,853,5,13.197712225219316,,,,*,*,*
B.D.E.3.NmC1,0,16,6.102837056766749,-1.2674849587254915,52.53496991745098,5.223123794423269e-07,,,
B.D.2,1269,19,4.085006811141233,-31.533903967910977,113.06780793582195,3.731095386629209e-20,,,
B.D.E.3,125,18,2.819088432540355,-21.860288734763817,93.72057746952763,5.937935344814045e-16,,,
B.D.4.1,218,18,1.898076261007787,-16.959267224963575,83.91853444992715,7.974040292384712e-14,,,
