,num_seq,t_ch_MAX,max_CL,CL@BC_t_ch_MAX,aic,PV,PV_OK,t_ch_MAX_OK,phyl_OK
B.D.E.3.NmC1,0,55,38.05840152613852,,,,*,*,*
B.D,150,11,4.8352659696699165,-77.00107245310977,278.00214490621954,1.0717090848023973e-50,,,
B.D.NmC1,0,11,4.286864423242106,-48.95042343873472,221.90084687746943,1.6294353337254771e-38,,,
B.D.3,433,11,1.8998755221756878,-102.38887390084105,328.7777478016821,1.0077203218182469e-61,,,
