,num_seq,t_ch_MAX,max_CL,CL@BC_t_ch_MAX,aic,PV,PV_OK,t_ch_MAX_OK,phyl_OK
B.D.4.1,218,16,4.753438269621582,,,,*,*,*
B.D.4.NmC1,1212,21,2.213422104947448,-6.534019057477174,35.06803811495435,1.2497274217938969e-05,*,,
B.D.1.1,115,21,2.154304173590048,-44.24402085498097,110.48804170996193,5.242885663363464e-22,,,
B.D.E.3.NmC1,1318,1,1.400156521617536,0.1321028836470346,21.73579423270593,0.009803655035821836,*,,
B.D.NmC1,1726,21,0.9832946638407384,-6.063840344881182,34.127680689762364,1.9995566179747357e-05,*,,
B.D.2,1269,16,0.11325470873900095,0.11325470873900101,21.773490582521998,0.009657697627537777,*,*,
