,num_seq,t_ch_MAX,max_CL,CL@BC_t_ch_MAX,aic,PV,PV_OK,t_ch_MAX_OK,phyl_OK
A.1,3213,27,6.4685689244662665,,,,*,*,*
A.1.NmC4,0,102,3.2387498110380553,-7.748851083706237,347.49770216741246,1.1423592608633095e-07,,,
A.1.NmC5,0,154,1.5351705079276767,-123.01289573174357,578.0257914634872,9.973538080154028e-58,,,
A.1.NmC13,0,132,1.5278921007204163,-23.57904068685638,379.1580813737128,1.5237757517499595e-14,,,
