,num_seq,t_ch_MAX,max_CL,CL@BC_t_ch_MAX,aic,PV,PV_OK,t_ch_MAX_OK,phyl_OK
B.D.E.2,853,40,7.818126125011147,,,,*,*,*
B.D.E.3.NmC1,1318,40,6.139010884614614,5.196813270892694,31.606373458214613,0.07243975703425146,*,*,
B.D.4.1,218,42,1.9887308984507317,1.3719528994461614,39.25609420110768,0.0015805221687362186,*,,
B.D.E.3,125,50,1.7970859460846826,-8.563202823417232,59.12640564683446,7.657463123311417e-08,,,
B.D.2,1269,50,1.6636668607316276,-10.970797650379188,63.94159530075838,6.912047039393535e-09,,,
