,num_seq,t_ch_MAX,max_CL,CL@BC_t_ch_MAX,aic,PV,PV_OK,t_ch_MAX_OK,phyl_OK
B.D.3,433,43,4.780357361526107,,,,*,*,*
B.D.1,334,44,2.875983806138259,2.75830162056532,18.48339675886936,0.13265546508012166,*,*,
B.3,60,47,2.716427729637261,-34.70935299850404,93.41870599700808,7.074746934347957e-18,,,
B.D.4,1413,43,2.473332426473329,2.4733324264733296,19.05333514705334,0.09975880065361858,*,*,
B.D.NmC1,1726,43,2.2634394994370353,2.2634394994370344,19.473121001125932,0.08086291220670369,*,*,
B.D.E.3,125,48,1.5195113734805687,-20.610758634199087,65.22151726839817,9.402927866418496e-12,,,
B.D.E.3.NmC1,1318,48,0.5231687215770081,-4.656907526729794,33.31381505345959,7.987880575632993e-05,*,,
