,num_seq,t_ch_MAX,max_CL,CL@BC_t_ch_MAX,aic,PV,PV_OK,t_ch_MAX_OK,phyl_OK
B.D.E.3,125,35,23.593283187339832,,,,*,*,*
B.D.NmC1,0,44,21.581642400683414,15.63044204849669,56.73911590300662,0.00027465356997214254,*,,
B.D.E.3.NmC1,0,42,18.21297133484264,17.909030673743562,52.181938652512876,0.0026852001769538253,*,,
B.D.3,433,32,13.645223833173246,8.79611823388519,70.40776353222962,2.95380937522322e-07,,,
B.D,150,33,4.996439865386128,-1.0185841413173062,90.03716828263461,1.6135488743403355e-11,,,
