,num_seq,t_ch_MAX,max_CL,CL@BC_t_ch_MAX,aic,PV,PV_OK,t_ch_MAX_OK,phyl_OK
B.D.4.1.1,260,14,6.439063788583133,,,,*,*,*
B.D.1,334,3,1.117497088033835,-4.377479070427446,50.754958140854896,2.009579437231889e-05,*,,
B.D.1.1,115,3,0.09194591847159994,-46.647064402014195,135.2941288040284,8.82017959324313e-24,,,
