,num_seq,t_ch_MAX,max_CL,CL@BC_t_ch_MAX,aic,PV,PV_OK,t_ch_MAX_OK,phyl_OK
B.D.4,1413,15,2.2947681225859893,,,,*,*,*
B.D.NmC1,1726,19,1.6839226082246466,1.211729271227379,13.576541457545241,0.33790178589471304,*,,
B.D.4.1,218,17,0.9183793320384814,-1.2119015856374575,18.423803171274916,0.030046773344173112,*,,
B.D.3,433,19,0.5561155155467352,-2.1925194371398646,20.38503887427973,0.011220643809589084,*,,
