,num_seq,t_ch_MAX,max_CL,CL@BC_t_ch_MAX,aic,PV,PV_OK,t_ch_MAX_OK,phyl_OK
B.D.1.1,115,24,43.653474419458426,,,,*,*,*
B.D.1,334,6,3.3019431445944445,-6.339762884060537,66.67952576812107,1.9384177468093948e-22,,,
B.D.4.NmC1,1212,3,0.04051652734785527,-11.786956897823147,77.57391379564629,8.36977769867963e-25,,,
