,num_seq,t_ch_MAX,max_CL,CL@BC_t_ch_MAX,aic,PV,PV_OK,t_ch_MAX_OK,phyl_OK
A.1.NmC5,1745,24,4.061133336517453,,,,*,*,*
A.1.NmC4,1744,146,1.6585092538685424,-57.04651134123488,426.0930226824698,4.583131984538245e-28,,,
A.1.NmC13,668,146,1.2175207552653475,-50.164882638664714,412.32976527732944,4.457674978567168e-25,,,
