,num_seq,t_ch_MAX,max_CL,CL@BC_t_ch_MAX,aic,PV,PV_OK,t_ch_MAX_OK,phyl_OK
A.3.1.1,731,8,1.9653981858461846,,,,*,*,*
A.D.NmC1,515,9,1.6275320705087803,1.6275320705087803,34.74493585898244,2.1814722654981957,*,*,
A.D.NmC2,637,9,1.1696389239038527,1.1696389239038527,35.66072215219229,1.3771277643359574,*,*,
A.D.3.6,757,7,1.1103678979394043,-14.228920284049389,66.45784056809877,2.8238343245283956e-07,,*,
A.3.1.NmC2,67,3,0.7842629544639835,-24.73388419799819,87.46776839599639,7.737054935689868e-12,,,
A.3.1,1992,3,0.6250728530767242,-3.012296045287789,44.02459209057558,0.021067999523041368,*,,
A.D,2353,3,0.5810256149247326,-1.6128791979384371,41.22575839587687,0.08500884237169956,*,,
A.D.2.2.NmC1,394,3,0.5702215295355886,-1.5772136911485446,41.15442738229709,0.08847811904208724,*,,
