,num_seq,t_ch_MAX,max_CL,CL@BC_t_ch_MAX,aic,PV,PV_OK,t_ch_MAX_OK,phyl_OK
B.D.1.1,115,7,23.849971842335567,,,,*,*,*
B.D.NmC1,1726,14,8.606727430524035,0.5821324439953839,48.83573511200923,3.2487354780317417e-09,,,
B.D.4.NmC1,1212,6,8.529369791909705,8.529369791909708,32.94126041618058,9.212032942224667e-06,,*,
