,num_seq,t_ch_MAX,max_CL,CL@BC_t_ch_MAX,aic,PV,PV_OK,t_ch_MAX_OK,phyl_OK
A.3,202,6,16.502494391253357,,,,*,*,*
A.3.1,1992,6,10.868414743136896,10.547166406724397,32.905667186551206,0.003279710902343576,*,*,
A.3.1.NmC1,0,15,4.2347803982674845,-62.15593746499559,178.31187492999118,8.76247373384003e-35,,,
A.D.4.NmC1,0,15,4.0584055986188625,0.9270954832429462,52.145809033514105,2.1773219339741586e-07,,,
A.3.1.1,731,15,4.026001912577966,-12.303345489037923,78.60669097807585,3.9102691538214836e-13,,,
A.3.1.NmC2,0,18,0.02749837036516145,-38.12366083501015,130.2473216700203,2.3917904598571912e-24,,,
