,num_seq,t_ch_MAX,max_CL,CL@BC_t_ch_MAX,aic,PV,PV_OK,t_ch_MAX_OK,phyl_OK
A.3,202,4,11.391401854831923,,,,*,*,*
A.3.1,1992,5,4.895227390042117,3.597104942903604,50.80579011419279,0.0004117887841087484,*,*,
A.D.4.NmC1,2189,1,2.955517376932798,2.1191980758082107,53.76160384838358,9.420851383989959e-05,*,,
A.D.2.2.NmC1,394,17,2.0372126088785163,-33.52810755775537,125.05621511551074,3.100929359288432e-20,,,
A.D.4,176,17,1.9412046396222533,-59.852488137288006,177.704976274576,1.150432412781935e-31,,,
A.D.5,115,17,1.8803603905320383,-75.70449701839526,209.40899403679052,1.4966563706646483e-38,,,
A.3.1.1,731,6,1.5705905825366422,0.16698838934113414,57.66602322131773,1.3336578961877444e-05,*,,
