,num_seq,t_ch_MAX,max_CL,CL@BC_t_ch_MAX,aic,PV,PV_OK,t_ch_MAX_OK,phyl_OK
B.D.E.2,853,6,14.963348631961804,,,,*,*,*
B.D.2,1269,17,3.3926793702277633,-29.428639300431623,104.85727860086325,5.241993473607666e-20,,,
