,num_seq,t_ch_MAX,max_CL,CL@BC_t_ch_MAX,aic,PV,PV_OK,t_ch_MAX_OK,phyl_OK
B.D.4.1.1,260,8,4.932877681358096,,,,*,*,*
B.D.E.2,853,20,2.0522599474069914,-4.245090058742966,28.490180117485934,2.2704998375324066,*,,
B.D.1,334,4,1.0503704439228572,-2.8226977922318226,25.645395584463646,9.393331287442784,*,,
