,num_seq,t_ch_MAX,max_CL,CL@BC_t_ch_MAX,aic,PV,PV_OK,t_ch_MAX_OK,phyl_OK
A.1.NmC13,0,14,3.787583847814478,,,,*,*,*
A.1.NmC12,0,12,1.960339067121755,-19.93353775737555,77.8670755147511,5.0200305680319917e-11,,,
A.1,3213,13,1.0341324092538504,-0.9107607701654651,39.82152154033093,0.009186686156244673,*,*,
A.1.NmC4,0,9,0.4897605661935294,-1.2370663614982111,40.47413272299642,0.006637632037211728,*,,
