,num_seq,t_ch_MAX,max_CL,CL@BC_t_ch_MAX,aic,PV,PV_OK,t_ch_MAX_OK,phyl_OK
B.D.4.NmC1,0,25,7.417177653194095,,,,*,*,*
B.D.4.1.1,260,5,1.2603533627904302,-27.665023157591385,127.33004631518277,5.82035634716804e-16,,,
