,num_seq,t_ch_MAX,max_CL,CL@BC_t_ch_MAX,aic,PV,PV_OK,t_ch_MAX_OK,phyl_OK
A.3.1.1,731,10,10.566833004144925,,,,*,*,*
A.3.1,1992,10,8.587581612226687,8.587581612226685,14.824836775546629,0.13876131224295518,*,*,
A.D.4.NmC1,0,10,8.320394532411758,8.320394532411758,15.359210935176485,0.10592754037354536,*,*,
A.3.1.NmC1,0,20,4.469920935703197,-3.246138612064822,38.492277224129644,1.0055257690164368e-06,,,
A.D.4.NmC3,0,1,3.933528781958253,1.1811294251164615,29.637741149767077,8.397427970466449e-05,*,,
