,num_seq,t_ch_MAX,max_CL,CL@BC_t_ch_MAX,aic,PV,PV_OK,t_ch_MAX_OK,phyl_OK
B.D.4.1.1,260,9,6.343068900474402,,,,*,*,*
B.D.1,334,5,0.9521249357657593,-2.9209433003889202,25.84188660077784,2.0854819925050267,*,,
