,num_seq,t_ch_MAX,max_CL,CL@BC_t_ch_MAX,aic,PV,PV_OK,t_ch_MAX_OK,phyl_OK
A.3.1,1992,28,6.907638429383833,,,,*,*,*
A.D.2.1,76,5,4.418526062657477,-83.34402029687257,270.68804059374514,3.2886536457040144e-35,,,
A.3.1.1,731,20,4.363736269419357,-19.797031455889254,143.5940629117785,1.3074721950024527e-07,,,
A.D.5.NmC1,0,5,2.170137735667562,-1.9461577111152102,107.89231542223042,7.38905609893065,*,,
A.D.5,115,4,0.9848861119078991,-188.64112432410445,481.2822486482089,6.137346806211419e-81,,,
