,num_seq,t_ch_MAX,max_CL,CL@BC_t_ch_MAX,aic,PV,PV_OK,t_ch_MAX_OK,phyl_OK
B.D.4.NmC1,1212,26,10.941154820211455,,,,*,*,*
B.D.1,334,15,3.045739091845765,-18.37233106335648,90.74466212671297,1.8656438267208927e-13,,,
