,num_seq,t_ch_MAX,max_CL,CL@BC_t_ch_MAX,aic,PV,PV_OK,t_ch_MAX_OK,phyl_OK
A.1.NmC1,0,652,19.389757115813655,,,,*,*,*
A.1.NmC2,0,138,6.936875712735311,-20.047744705154493,2626.095489410309,1.400559844855116e-22,,,
