,num_seq,t_ch_MAX,max_CL,CL@BC_t_ch_MAX,aic,PV,PV_OK,t_ch_MAX_OK,phyl_OK
A.1,836,671,2.0977138915333597,,,,*,*,*
A.1.NmC1,0,689,-0.0641064366801416,-23.958456865965573,325.9169137319311,1.519583103058523e-11,,,
A.1.NmC2,0,689,-0.12374470299987195,-26.75902613228627,331.51805226457253,9.24059436612134e-13,,,
