,num_seq,t_ch_MAX,max_CL,CL@BC_t_ch_MAX,aic,PV,PV_OK,t_ch_MAX_OK,phyl_OK
A.3.1.1,731,6,1.2364260177661859,,,,*,*,*
A.3.1,1992,4,0.8869794377817072,-0.12680857959837155,28.253617159196743,0.25666077695355605,*,,
A.D.NmC2,0,3,0.8214938606728845,-2.317908951116449,32.6358179022329,0.028581374916281214,*,,
A.3.1.NmC2,0,3,0.7842629544639835,-9.401133961732814,46.80226792346563,2.405903394826577e-05,*,,
A.D.NmC1,0,3,0.7617583771145795,-2.377274015904545,32.754548031809094,0.027051846866350426,*,,
A.D,2353,3,0.5810256149247326,-2.44463241715769,32.889264834315384,0.025222974835227223,*,,
A.D.2.2.NmC1,0,3,0.5702215295355886,-1.4443305329834852,30.88866106596697,0.06856315415427794,*,,
A.D.3.6,757,3,0.5207514923468091,-0.394883878703567,28.789767757407134,0.19592957412690953,*,,
