,num_seq,t_ch_MAX,max_CL,CL@BC_t_ch_MAX,aic,PV,PV_OK,t_ch_MAX_OK,phyl_OK
A.D.1,1413,79,77.7468621221185,,,,*,*,*
A.D.2,2386,74,43.64163097794514,40.987804943360004,224.02439011328,1.0902003513242868e-16,,,
A.D.2.NmC1,464,74,30.740871476434634,23.211822783288273,259.57635443342343,2.0689520682260702e-24,,,
A.D.2.1,76,86,16.43637884985627,4.79924712342813,296.40150575314374,2.0911684480485805e-32,,,
A.D.2.2.1,40,86,13.329974140086609,8.370310242969596,289.2593795140608,7.427117898086325e-31,,,
