,num_seq,t_ch_MAX,max_CL,CL@BC_t_ch_MAX,aic,PV,PV_OK,t_ch_MAX_OK,phyl_OK
A.1.NmC6,0,9,3.1025367865139937,,,,*,*,*
A.1,3213,10,1.1166560999063522,1.1166560999063522,17.766687800187295,0.8521437889662112,*,*,
A.1.NmC12,0,10,0.445238933190458,0.445238933190458,19.109522133619084,0.43604928632153556,*,*,
