,num_seq,t_ch_MAX,max_CL,CL@BC_t_ch_MAX,aic,PV,PV_OK,t_ch_MAX_OK,phyl_OK
B.D.E.3.NmC1,1318,39,6.112718153979988,,,,*,*,*
B.D.2,1269,51,3.3829396345021783,-27.911032480082163,109.82206496016433,1.6715918815918725e-15,,,
B.D.4.1,218,55,2.922235573835073,-9.725682209702935,73.45136441940588,1.3206125090201331e-07,,,
B.D.E.3,125,50,0.25856204684945605,-9.239080040238054,72.4781600804761,2.1449058335175736e-07,,,
