,num_seq,t_ch_MAX,max_CL,CL@BC_t_ch_MAX,aic,PV,PV_OK,t_ch_MAX_OK,phyl_OK
A.D.3,128,37,3.5406864559809925,,,,*,*,*
A.D.3.6,757,39,3.0410905300390936,1.7226384645847759,20.55472307083045,0.16283790839019704,*,,
A.D,2353,37,2.58027477652297,2.58027477652297,18.83945044695406,0.3828928859751124,*,*,
A.D.4.NmC3,1653,37,2.462018773964021,2.462018773964021,19.07596245207196,0.3395955256449397,*,*,
A.D.3.NmC1,397,41,1.7157611848094736,-0.6813235585991584,25.362647117198318,0.014698644504901796,*,,
A.D.NmC1,515,41,0.6048114944067526,-5.569312018666236,35.13862403733247,0.0001105547151311046,*,,
A.D.3.NmC2,401,41,0.3283142323040964,-1.6592172110401329,27.318434422080266,0.005516564420760777,*,,
