,num_seq,t_ch_MAX,max_CL,CL@BC_t_ch_MAX,aic,PV,PV_OK,t_ch_MAX_OK,phyl_OK
B.D.E.3.NmC1,1318,64,40.202884443153984,,,,*,*,*
B.D.NmC1,1726,48,6.165432015399579,-36.326912596496086,204.65382519299217,5.8002044202243326e-34,,,
