,num_seq,t_ch_MAX,max_CL,CL@BC_t_ch_MAX,aic,PV,PV_OK,t_ch_MAX_OK,phyl_OK
A.D.5,115,17,13.282344802142468,,,,*,*,*
A.D.5.NmC1,425,17,11.49928782207484,8.278286897990395,31.44342620401921,0.018042954550750202,*,*,
A.D.2.1,76,12,1.1529052817035668,-13.927464961837208,75.85492992367442,4.100139985484672e-12,,,
