,num_seq,t_ch_MAX,max_CL,CL@BC_t_ch_MAX,aic,PV,PV_OK,t_ch_MAX_OK,phyl_OK
B.D.E.3.NmC1,0,58,35.27252129638293,,,,*,*,*
B.D.E.3,125,37,32.235308457025816,-15.715188206922393,157.43037641384478,9.674147669534895e-23,,,
B.D.NmC1,0,44,9.035749966228744,-26.411671247758,178.823342495516,2.1919630470350802e-27,,,
B.D.3,433,34,0.2433589267834596,-58.308346227075425,242.61669245415084,3.067886269049718e-41,,,
