,num_seq,t_ch_MAX,max_CL,CL@BC_t_ch_MAX,aic,PV,PV_OK,t_ch_MAX_OK,phyl_OK
B.D.4,1413,40,3.7540074939167942,,,,*,*,*
B.D.2,1269,43,2.4581989002075626,-14.954758787445517,69.90951757489103,8.830978615403926e-09,,,
B.D.E.3.NmC1,1318,43,2.1223179575927746,-0.18856654539580575,40.37713309079161,0.02282269142509295,*,,
B.D.NmC1,1726,45,1.662745157844309,-0.28896599631144826,40.577931992622894,0.020650825181712584,*,,
B.D.4.NmC1,1212,40,0.006351512387098968,-0.9214948203979295,41.84298964079586,0.010998460175806862,*,*,
