,num_seq,t_ch_MAX,max_CL,CL@BC_t_ch_MAX,aic,PV,PV_OK,t_ch_MAX_OK,phyl_OK
B.D.4,1413,9,3.188796688730716,,,,*,*,*
B.D.E.2,853,8,3.156797682393312,2.682633974173933,24.634732051652133,0.6035055754270412,*,*,
B.D.2,1269,7,1.9267954701999588,-24.11281422219394,78.22562844438788,1.385444623513592e-12,,,
B.D.4.1,218,8,1.611469604669955,-8.388530395330045,46.77706079066009,9.351254991322629e-06,,*,
B.D.4.NmC1,1212,5,1.1741526372576894,-4.600103744969152,39.20020748993831,0.00041385288397876126,*,,
