,num_seq,t_ch_MAX,max_CL,CL@BC_t_ch_MAX,aic,PV,PV_OK,t_ch_MAX_OK,phyl_OK
B.D.3,433,36,30.616427333019775,,,,*,*,*
B.D.NmC1,1726,41,17.45307787031664,14.625210877699157,74.74957824460168,1.1366617202803389e-07,,,
B.D,150,16,12.141845928136705,-40.36848769525162,184.73697539050323,1.4845888761032788e-31,,,
B.D.E.3.NmC1,1318,16,6.418076917887469,-18.13736099343403,140.27472198686806,6.731998448546458e-22,,,
