,num_seq,t_ch_MAX,max_CL,CL@BC_t_ch_MAX,aic,PV,PV_OK,t_ch_MAX_OK,phyl_OK
B.D.E.2,853,6,24.22625516851394,,,,*,*,*
B.D.2,1269,23,1.9682261477634484,-65.23111864997269,190.46223729994537,1.4131462856632398e-39,,,
