,num_seq,t_ch_MAX,max_CL,CL@BC_t_ch_MAX,aic,PV,PV_OK,t_ch_MAX_OK,phyl_OK
A.3.1.1,731,22,9.923491131969056,,,,*,*,*
A.3.1,1992,22,8.513307999028594,8.513307999028594,34.97338400194281,0.24414328315343706,*,*,
A.3,202,8,2.9626332201355914,-24.351765694547748,100.7035313890955,1.301837066359535e-15,,,
