,num_seq,t_ch_MAX,max_CL,CL@BC_t_ch_MAX,aic,PV,PV_OK,t_ch_MAX_OK,phyl_OK
A.1.NmC4,0,9,17.134530575543828,,,,*,*,*
A.1.NmC13,0,146,1.5450237806574707,-53.722641678949294,451.4452833578986,1.7162434863551127e-31,,,
A.1.NmC5,0,159,1.5351705079276767,-148.4972478491993,640.9944956983986,1.1925891448424946e-72,,,
A.1,3213,66,-0.5070310335567839,-9.960775195084572,363.92155039016916,1.7437206169109185e-12,,,
