,num_seq,t_ch_MAX,max_CL,CL@BC_t_ch_MAX,aic,PV,PV_OK,t_ch_MAX_OK,phyl_OK
B.D.4.NmC1,0,19,10.711495964908288,,,,*,*,*
B.D.4,1413,14,4.093215576224562,-3.0554288537770624,50.110857707554125,1.051807968247332e-06,,,
B.D.E.2,853,7,0.9162905408784925,-20.700386934472117,85.40077386894424,2.284600794124645e-14,,,
