,num_seq,t_ch_MAX,max_CL,CL@BC_t_ch_MAX,aic,PV,PV_OK,t_ch_MAX_OK,phyl_OK
A.D.4.NmC3,1653,51,34.79201175256102,,,,*,*,*
A.D.4.NmC1,2189,60,29.328095523092742,25.306279770250484,149.38744045949903,0.0006458133679659324,*,,
A.D.2.2.1,40,60,29.043537078038884,26.01968154553657,147.96063690892686,0.0013201630860204896,*,,
A.D.3.NmC2,401,35,16.983156806404136,-31.000248115660515,262.00049623132105,2.2759159888580113e-28,,,
A.2.1.1,31,3,3.827176228359737,-307.59378875552596,815.1875775110519,1.711882707021628e-148,,,
