,num_seq,t_ch_MAX,max_CL,CL@BC_t_ch_MAX,aic,PV,PV_OK,t_ch_MAX_OK,phyl_OK
A.D.4.NmC3,1653,61,43.035997218977165,,,,*,*,*
A.D.4.NmC1,2189,66,17.05881950977472,-5.129988186000172,256.2599763720003,5.425017449551561e-12,,,
A.D.2.2.1,40,9,10.448359798520576,-12.49431469005986,270.98862938011973,3.4341738761849953e-15,,,
A.2.1.1,31,3,3.827176228359737,-430.46841178772934,1106.9368235754587,1.0270372765519276e-196,,,
A.D.3.NmC2,401,9,1.5922885143007912,-135.6880983056485,517.376196611297,1.078732049943093e-68,,,
A.D.4.NmC2,848,51,0.3138774806748782,-55.3783345933442,356.7566691866884,8.14898322497051e-34,,,
