,num_seq,t_ch_MAX,max_CL,CL@BC_t_ch_MAX,aic,PV,PV_OK,t_ch_MAX_OK,phyl_OK
B.D.E.3.NmC1,0,65,42.864044979541546,,,,*,*,*
B.D.E.3,125,45,26.24034726180726,9.839995739723927,114.32000852055215,4.543857836330851e-15,,,
B.D.NmC1,0,19,2.423193327103338,-49.54935688059313,233.09871376118627,7.322771032972904e-41,,,
