,num_seq,t_ch_MAX,max_CL,CL@BC_t_ch_MAX,aic,PV,PV_OK,t_ch_MAX_OK,phyl_OK
A.D.5,115,56,7.4386544911598795,,,,*,*,*
A.D.2.2.NmC1,394,56,6.680998467198797,6.680998467198797,4.6380030656024065,0.46766642700990935,*,*,
A.D.4,176,57,5.180093837962362,-5.161907663422673,28.323815326845345,3.3720152341391845e-06,,*,
A.D.4.NmC2,848,56,3.0847413430247137,3.0847413430247133,11.830517313950573,0.01284243958417857,*,*,
