,num_seq,t_ch_MAX,max_CL,CL@BC_t_ch_MAX,aic,PV,PV_OK,t_ch_MAX_OK,phyl_OK
A.3.1,1992,8,1.4978962429726845,,,,*,*,*
A.D.2.2.NmC1,394,4,1.0890569471260831,-4.363126113838065,38.72625222767613,0.0028370230454855395,*,,
A.D.NmC2,637,3,0.8214938606728845,-13.36628459021995,56.732569180439896,3.501164582327654e-07,,,
A.3.1.NmC2,67,3,0.7842629544639835,-29.401133961732814,88.80226792346562,3.80452558642217e-14,,,
A.D.NmC1,515,3,0.7617583771145795,-22.377274015904543,74.7545480318091,4.277787868968998e-11,,,
A.D,2353,3,0.5810256149247326,-13.701072500748282,57.402145001496564,2.504516372327622e-07,,,
A.3.1.1,731,3,0.5252628294081298,-0.1355431547167556,30.27108630943351,0.19495237129918253,*,,
A.D.3.6,757,3,0.5207514923468091,-11.615853115672355,53.23170623134471,2.0147811074599206e-06,,,
