,num_seq,t_ch_MAX,max_CL,CL@BC_t_ch_MAX,aic,PV,PV_OK,t_ch_MAX_OK,phyl_OK
A.D,2353,5,10.243712410820825,,,,*,*,*
A.D.4.NmC3,0,10,8.804721219837313,-0.33673993894730186,64.67347987789461,2.5419346516199203e-05,*,,
A.D.NmC2,0,3,7.53412045754065,7.305844287918152,49.388311424163696,0.0528657287383503,*,,
A.D.3,128,17,4.687492368659055,-13.18704829031962,90.37409658063925,6.675446029378015e-11,,,
A.D.3.NmC2,0,21,3.2885091812135383,-36.98171017144353,137.96342034288705,3.0934499379420594e-21,,,
A.D.NmC1,0,20,3.2116716675749393,-3.1778256897925083,70.35565137958501,1.477735070724678e-06,,,
A.D.3.6,757,21,3.2061985234550625,-25.263793537351777,114.52758707470355,3.786194738363366e-16,,,
A.D.3.NmC1,0,21,2.191921685626094,-41.61538704851939,147.23077409703876,3.0025356215441815e-23,,,
A.3.1.1,731,18,0.36231214430565045,-27.232945612873653,118.4658912257473,5.280108152301229e-17,,,
