,num_seq,t_ch_MAX,max_CL,CL@BC_t_ch_MAX,aic,PV,PV_OK,t_ch_MAX_OK,phyl_OK
A.D.4.NmC3,1653,52,32.93385278145029,,,,*,*,*
A.D.4.NmC1,2189,57,28.191116905251675,24.16930115240942,149.66139769518117,0.00015610214333684912,*,,
A.D.2.2.1,40,57,26.07250458980694,23.048649057304626,151.90270188539074,5.093297526816318e-05,*,,
A.D.3.NmC2,401,34,14.202290549163225,-23.541355983544538,245.08271196708907,2.9731658410483025e-25,,,
A.D.4.NmC2,848,37,4.519698400949405,-10.186138655855318,218.37227731171063,1.875952943574287e-19,,,
A.2.1.1,31,3,3.827176228359737,-276.778981902048,751.557963804096,3.1080252423174844e-135,,,
