,num_seq,t_ch_MAX,max_CL,CL@BC_t_ch_MAX,aic,PV,PV_OK,t_ch_MAX_OK,phyl_OK
B.D.4,1413,14,5.9612565778982445,,,,*,*,*
B.D.4.NmC1,0,18,5.3962746031684885,1.8895976422432454,40.22080471551351,0.017077388507484793,*,,
B.D.2,1269,7,2.370876118804915,-12.431033685028128,68.86206737005625,1.0311562484625483e-08,,,
B.D.E.2,853,7,2.235246474324864,-10.730376392147098,65.4607527842942,5.644495056734787e-08,,,
