,num_seq,t_ch_MAX,max_CL,CL@BC_t_ch_MAX,aic,PV,PV_OK,t_ch_MAX_OK,phyl_OK
A.1.NmC2,0,1076,55.59236226197007,,,,*,*,*
A.1.NmC1,0,234,22.027855021846257,-63.46495553396024,2946.9299110679203,4.345255080699153e-48,,,
