,num_seq,t_ch_MAX,max_CL,CL@BC_t_ch_MAX,aic,PV,PV_OK,t_ch_MAX_OK,phyl_OK
A.D.4.NmC1,2189,53,36.43637754065014,,,,*,*,*
A.D.4.NmC3,1653,48,21.760236366745726,-33.64359761986956,251.2871952397391,2.489401280229947e-24,,,
A.D.2.2.1,40,30,16.571392532267883,-4.913500724632089,193.82700144926417,7.470942151784446e-12,,,
A.D.3.NmC2,401,27,9.538454724734633,-104.4066907689899,392.8133815379798,4.62825596019645e-55,,,
A.D.3.NmC1,397,27,0.6990061981157918,-141.37627199069797,466.75254398139595,4.069587335631409e-71,,,
