,num_seq,t_ch_MAX,max_CL,CL@BC_t_ch_MAX,aic,PV,PV_OK,t_ch_MAX_OK,phyl_OK
A.D.4.NmC3,1653,57,40.44184690900536,,,,*,*,*
A.D.2.2.1,40,62,29.51663439604288,26.492778863540565,149.01444227291887,8.785438640020161e-07,,,
A.D.4.NmC1,2189,62,28.203091383373156,24.1812756305309,153.6374487389382,8.677042492596693e-08,,,
A.D.3.NmC2,401,20,11.65930439849481,-20.54556960066484,243.09113920132967,3.270024609883942e-27,,,
A.D.4.NmC2,848,45,10.969437591022505,-2.443767323655643,206.8875346473113,2.3729093280574276e-19,,,
A.2.1.1,31,3,3.827176228359737,-317.75116811562805,837.5023362312561,2.754606240746287e-156,,,
