,num_seq,t_ch_MAX,max_CL,CL@BC_t_ch_MAX,aic,PV,PV_OK,t_ch_MAX_OK,phyl_OK
A.D.4.NmC3,1653,56,42.83008709575242,,,,*,*,*
A.D.2.2.1,40,44,23.78800834263222,9.962552911709738,178.07489417658053,5.332266567175562e-15,,,
A.D.4.NmC1,2189,40,16.350348489040833,10.351998405160433,177.29600318967914,7.836375312862941e-15,,,
A.D.3.NmC2,401,36,8.618707707817036,-15.27951617243252,228.55903234486505,5.796257309781001e-26,,,
A.D.4.NmC2,848,43,8.247025890090965,-4.9055765080900375,207.81115301618007,1.857603011011302e-21,,,
A.2.1.1,31,3,3.827176228359737,-320.18329072606366,838.3665814521273,2.2109995383077008e-158,,,
