,num_seq,t_ch_MAX,max_CL,CL@BC_t_ch_MAX,aic,PV,PV_OK,t_ch_MAX_OK,phyl_OK
A.D.4.NmC1,0,13,31.220254993798076,,,,*,*,*
A.D.4.NmC3,0,1,13.653582756382002,1.0965213736565644,111.80695725268687,8.25807328555592e-14,,,
A.3.1,1992,41,13.225711378740476,-173.53403557601334,461.0680711520267,1.1913335101283375e-89,,,
A.3.1.NmC1,0,49,9.572963770974162,-267.93405880611874,649.8681176122375,1.1984895902741043e-130,,,
A.3.1.1,731,50,7.697791020941564,-111.88169021670863,337.7633804334173,7.119666316210522e-63,,,
