,num_seq,t_ch_MAX,max_CL,CL@BC_t_ch_MAX,aic,PV,PV_OK,t_ch_MAX_OK,phyl_OK
A.3.1,1992,20,12.138278136241397,,,,*,*,*
A.3.1.NmC1,0,20,8.54462698227682,8.54462698227682,40.91074603544636,0.027460683176016132,*,*,
A.3.1.1,731,21,7.562683764344478,7.506515860725826,42.986968278548346,0.00970610703834958,*,*,
A.D.NmC1,0,3,1.6687333059044418,-62.470323109824605,182.9406462196492,3.956295346374687e-33,,,
