,num_seq,t_ch_MAX,max_CL,CL@BC_t_ch_MAX,aic,PV,PV_OK,t_ch_MAX_OK,phyl_OK
B.D.NmC1,0,35,22.066175908585674,,,,*,*,*
B.D.E.3,125,9,9.949450436118882,-38.206807493481875,192.41361498696375,1.1586000442177406e-26,,,
B.D.E.3.NmC1,0,16,5.881873070366863,-25.049482568970266,166.09896513794052,5.985183226786802e-21,,,
