,num_seq,t_ch_MAX,max_CL,CL@BC_t_ch_MAX,aic,PV,PV_OK,t_ch_MAX_OK,phyl_OK
A.D.5.NmC1,425,30,8.448627672297452,,,,*,*,*
A.3,202,33,1.0199048528833075,-3.2612634947850756,18.522526989570153,8.211294281253486e-06,,,
A.2.1.1,31,32,0.6463863185126695,-8.138759845897077,28.277519691794154,6.238131783925026e-08,,,
