,num_seq,t_ch_MAX,max_CL,CL@BC_t_ch_MAX,aic,PV,PV_OK,t_ch_MAX_OK,phyl_OK
A.1,836,452,7.661611927577617,,,,*,*,*
A.1.NmC1,0,515,-0.09438374675624672,-39.54601291235928,671.0920258247186,3.1559417719940714e-21,,,
A.1.NmC2,0,515,-0.15767018168512337,-46.79341484422664,685.5868296884532,2.241269019148561e-24,,,
