,num_seq,t_ch_MAX,max_CL,CL@BC_t_ch_MAX,aic,PV,PV_OK,t_ch_MAX_OK,phyl_OK
A.D.4.NmC3,0,55,36.105552917289224,,,,*,*,*
A.D.2.2.1,40,47,25.511559146658104,11.481331060149595,179.0373378797008,2.020683909022217e-11,,,
A.D.4.NmC1,0,60,17.17851232332323,13.15669657048097,175.68660685903805,1.0788017451298005e-10,,,
A.2.1.1,31,3,3.827176228359737,-304.3319938226637,810.6639876453274,1.4156570408112273e-148,,,
A.D.3.NmC2,0,9,1.5922885143007912,-42.24406734790724,286.4881346958145,9.39782476756855e-35,,,
