,num_seq,t_ch_MAX,max_CL,CL@BC_t_ch_MAX,aic,PV,PV_OK,t_ch_MAX_OK,phyl_OK
B.D.E.3,125,8,5.4202578896660825,,,,*,*,*
B.D.4,1413,12,4.597375328449459,1.4682347463369756,29.06353050732605,0.019254701775386938,*,,
B.D.2,1269,14,2.1938102649508706,-54.373450886839414,140.74690177367881,1.0748836442829793e-26,,,
B.D.E.3.NmC1,1318,14,1.1613174362651293,-9.957910944206413,51.91582188841282,2.0919479197970816e-07,,,
B.D.3,433,15,0.8315848858626844,-25.9771996982853,83.95439939657061,2.319128113547375e-14,,,
B.D.NmC1,1726,15,0.7316650882065528,-1.2251343673322197,34.45026873466444,0.0013005084182620202,*,,
B.D.4.1,218,14,0.3795494750333049,-24.050762363782148,80.1015247275643,1.5897967993633633e-13,,,
B.D.1,334,15,0.10722749432374536,-22.95651407605927,77.91302815211854,4.752193062771153e-13,,,
