,num_seq,t_ch_MAX,max_CL,CL@BC_t_ch_MAX,aic,PV,PV_OK,t_ch_MAX_OK,phyl_OK
B.D.2,1269,7,2.370876118804915,,,,*,*,*
B.D.E.2,853,7,2.235246474324864,1.4078044000068837,13.184391199986234,0.8564151774836133,*,*,
B.D.4,1413,7,2.046597951543707,2.046597951543707,11.906804096912586,1.6160744021928926,*,*,
B.D.4.NmC1,0,7,1.3100174017525827,1.3100174017525827,13.379965196494835,0.7749164979610803,*,*,
