,num_seq,t_ch_MAX,max_CL,CL@BC_t_ch_MAX,aic,PV,PV_OK,t_ch_MAX_OK,phyl_OK
B.D.NmC1,0,43,21.53424262004043,,,,*,*,*
B.D.3,433,21,11.7692403306762,-9.965139774906438,127.93027954981288,2.0879679116459336e-14,,,
B.D,150,15,10.332093471342056,-22.62276670169046,153.24553340338093,6.630643510406924e-20,,,
B.D.E.3.NmC1,0,15,5.261371215212637,-17.473494656272987,142.94698931254598,1.1433317422592507e-17,,,
