,num_seq,t_ch_MAX,max_CL,CL@BC_t_ch_MAX,aic,PV,PV_OK,t_ch_MAX_OK,phyl_OK
A.3.1,1992,8,2.5789963787827874,,,,*,*,*
A.3.1.1,731,8,1.9152730444626174,1.9152730444626174,34.16945391107477,0.5142735277066324,*,*,
A.D.NmC2,637,3,0.8214938606728845,-12.709511320609646,63.41902264121929,2.2889556166925803e-07,,,
A.3.1.NmC2,67,3,0.7842629544639835,-33.84870389129563,105.69740778259126,1.50887069649181e-16,,,
A.D.NmC1,515,3,0.7617583771145795,-12.74825864251811,63.49651728503622,2.1992043832066261e-07,,,
A.D,2353,3,0.5810256149247326,-13.146236727968887,64.29247345593777,1.481560095194917e-07,,,
A.D.2.2.NmC1,394,3,0.5702215295355886,-13.145141351615713,64.29028270323143,1.481560095194917e-07,,,
A.D.3.6,757,3,0.5207514923468091,-16.232795339969876,70.46559067993975,6.741387989926615e-09,,,
