,num_seq,t_ch_MAX,max_CL,CL@BC_t_ch_MAX,aic,PV,PV_OK,t_ch_MAX_OK,phyl_OK
B.D.E.2,853,5,7.646571538643433,,,,*,*,*
B.D.2,1269,16,4.889600964890558,-10.041210824822393,66.08242164964479,2.0869021550878968e-08,,,
B.D.E.3.NmC1,0,15,3.6912578696225964,-2.4883834875578623,50.97676697511572,3.966664102300226e-05,*,,
B.D.E.3,125,20,3.220054894070723,-14.004594066114482,74.00918813222896,3.9584436484266053e-10,,,
