,num_seq,t_ch_MAX,max_CL,CL@BC_t_ch_MAX,aic,PV,PV_OK,t_ch_MAX_OK,phyl_OK
F.3,76,63,6.8280498002165775,,,,*,*,*
B.1.20.NmC1,0,63,4.978170394778925,4.978170394778925,12.04365921044215,0.15723716631362766,*,*,
