,num_seq,t_ch_MAX,max_CL,CL@BC_t_ch_MAX,aic,PV,PV_OK,t_ch_MAX_OK,phyl_OK
A.D.2.2.1,40,42,36.21526039132106,,,,*,*,*
A.D.4.NmC3,0,57,36.027994410402265,34.18803753589819,73.62392492820362,2208.347991887199,*,,
A.D.4.NmC1,0,62,33.35088848067316,22.35127396974316,97.29745206051368,0.015922851504511684,*,,
A.D.3.NmC2,0,35,5.9409371661397445,-21.938013738943106,185.87602747788623,9.270821972959917e-22,,,
A.D.4.NmC2,0,39,4.151944061143017,-6.891389414397248,155.7827788287945,3.1860324445503215e-15,,,
A.2.1.1,31,3,3.827176228359737,-230.80897347040192,603.6179469408039,1.8031414889661264e-112,,,
