,num_seq,t_ch_MAX,max_CL,CL@BC_t_ch_MAX,aic,PV,PV_OK,t_ch_MAX_OK,phyl_OK
A.D.4.NmC3,0,57,42.690145511408545,,,,*,*,*
A.D.4.NmC1,0,62,28.414264765258224,24.39244901241597,147.21510197516807,1.1282646495496646e-08,,,
A.D.2.2.1,40,49,24.20715918225759,19.81919807984414,156.36160384031172,1.1686519790842877e-10,,,
A.D.3.NmC2,0,13,5.575195477624749,-15.074843257849983,226.14968651569995,8.184256893210748e-26,,,
A.2.1.1,31,3,3.827176228359737,-330.18329072606366,856.3665814521273,1.1546359102241337e-162,,,
