,num_seq,t_ch_MAX,max_CL,CL@BC_t_ch_MAX,aic,PV,PV_OK,t_ch_MAX_OK,phyl_OK
A.1,835,1432,3.072209874074198,,,,*,*,*
A.1.NmC1,377,1442,0.0,-2086.6680381626734,7515.336076325347,0.0,,,
A.1.NmC2,195,1441,-0.1229987542085258,-439.42721159701637,4220.854423194032,6.797401073254885e-165,,,
