,num_seq,t_ch_MAX,max_CL,CL@BC_t_ch_MAX,aic,PV,PV_OK,t_ch_MAX_OK,phyl_OK
B.D.4.1.1.NmC1,0,80,2.4609041914747425,,,,*,*,*
B.D.4.1.3.NmC1,0,80,2.115005271753879,1.2503599745240184,5.499280050951963,0.2981972794298874,*,*,
