,num_seq,t_ch_MAX,max_CL,CL@BC_t_ch_MAX,aic,PV,PV_OK,t_ch_MAX_OK,phyl_OK
B.D.1.1,115,35,4.73242856883212,,,,*,*,*
B.D.4.NmC1,0,35,4.257526046149053,3.193089694735629,7.613820610528742,4745.727411846762,*,*,
B.D.NmC1,0,35,1.5611579609794275,-0.08638753709261016,14.172775074185221,178.57344978982562,*,*,
B.D.4.1,218,37,0.6451672738243281,-0.9338022211121333,15.867604442224266,76.3249588897677,*,,
