,num_seq,t_ch_MAX,max_CL,CL@BC_t_ch_MAX,aic,PV,PV_OK,t_ch_MAX_OK,phyl_OK
A.D.4.NmC3,1653,12,12.424216983256402,,,,*,*,*
A.D.2.2.1,40,12,1.4499469345494496,1.4499469345494496,23.1001061309011,1.7124506358713654e-05,*,*,
