,num_seq,t_ch_MAX,max_CL,CL@BC_t_ch_MAX,aic,PV,PV_OK,t_ch_MAX_OK,phyl_OK
A.1,3213,151,0.9679913348499798,,,,*,*,*
A.1.NmC4,0,145,0.48188772695916704,-0.24584932575975194,42.491698651519506,0.6570468198150556,*,,
