,num_seq,t_ch_MAX,max_CL,CL@BC_t_ch_MAX,aic,PV,PV_OK,t_ch_MAX_OK,phyl_OK
B.D.4.NmC1,1212,8,8.113650541360073,,,,*,*,*
B.D.1.1,115,21,4.7945852539663285,-47.94714715551608,145.89429431103216,4.502475356908707e-25,,,
B.D.NmC1,1726,8,4.55792387152696,4.557923871526959,40.88415225694608,0.028581374916281214,*,*,
B.D,150,19,0.6170103124768848,-1.5281707406689766,53.05634148133795,6.474850153299391e-05,*,,
B.D.4.1,218,23,0.3017632896672511,-2.715384872653217,55.430769745306435,1.9796606971979397e-05,*,,
