,num_seq,t_ch_MAX,max_CL,CL@BC_t_ch_MAX,aic,PV,PV_OK,t_ch_MAX_OK,phyl_OK
A.D.4.NmC3,1653,56,38.60585720025804,,,,*,*,*
A.D.4.NmC1,2189,61,32.697287721537805,28.67547196869555,120.6490560626089,4.869179609863181e-05,*,,
A.D.2.2.1,40,61,17.452087252833696,14.428231720331382,149.14353655933724,3.169063197543482e-11,,,
A.2.1.1,31,3,3.827176228359737,-306.31233569290447,790.6246713858089,1.6044226128827186e-150,,,
