,num_seq,t_ch_MAX,max_CL,CL@BC_t_ch_MAX,aic,PV,PV_OK,t_ch_MAX_OK,phyl_OK
B.1.17.NmC6,0,49,13.17103139415379,,,,*,*,*
B.1.NmC10,0,62,12.476262982499525,9.582433507399273,98.83513298520145,0.02759833042324919,*,,
B.1.17.NmC1,0,36,5.193635155040026,-24.12354928369778,166.24709856739557,6.353123494717427e-17,,,
B.1.3,115,20,3.8325600009245586,-7.07717339465608,132.15434678931217,1.613274294296318e-09,,,
B.1.8,49,6,2.7524074260727587,-28.582254030555244,175.1645080611105,7.382532721164985e-19,,,
B.1,452,36,2.707900136657116,-15.470479141603496,148.94095828320698,3.645910793192012e-13,,,
B.1.7,59,7,2.6690439856576567,-26.505956248580183,171.01191249716038,5.8798524843063086e-18,,,
B.1.1,446,36,1.463666591615766,-6.340925920574759,130.68185184114952,3.364454489726226e-09,,,
