,num_seq,t_ch_MAX,max_CL,CL@BC_t_ch_MAX,aic,PV,PV_OK,t_ch_MAX_OK,phyl_OK
B.D.E.3.NmC1,1318,52,30.883721548717308,,,,*,*,*
B.D.E.3,125,33,16.028156621656485,9.260565560659519,117.47886887868097,4.058652126475693e-10,,,
B.D,150,25,6.408009215313374,-81.27714527720346,298.5542905544069,1.947739670095166e-49,,,
B.D.NmC1,1726,24,5.962568926149376,-40.61779058433765,217.2355811686753,8.826185921313797e-32,,,
B.D.3,433,3,1.814231374814649,-102.17400303082829,340.3480060616566,1.632210765376502e-58,,,
