,num_seq,t_ch_MAX,max_CL,CL@BC_t_ch_MAX,aic,PV,PV_OK,t_ch_MAX_OK,phyl_OK
B.D,150,33,30.44738580529033,,,,*,*,*
B.D.NmC1,1726,48,30.379174788645123,26.835284316229153,30.329431367541694,0.5543272847345071,*,,
B.D.3,433,48,29.620583572741847,25.06095728795347,33.87808542409306,0.09394930036847901,*,,
