,num_seq,t_ch_MAX,max_CL,CL@BC_t_ch_MAX,aic,PV,PV_OK,t_ch_MAX_OK,phyl_OK
B.D,150,42,9.509407309054856,,,,*,*,*
B.D.3,433,36,6.803593869934441,4.5596262847883775,18.880747430423245,156.0224644863951,*,,
B.D.NmC1,0,35,5.165376614267307,3.5438904724159674,20.912219055168066,56.542920238322985,*,,
B.D.1,334,37,5.056873200193036,3.7592976517857055,20.48140469642859,70.10541234668786,*,,
B.D.4.NmC1,0,35,1.7648829193821436,0.18585324853520846,27.628293502929584,1.9640329759698485,*,,
B.D.4,1413,42,1.5688640720197586,-0.5470890408883747,29.09417808177675,0.9464851479534842,*,*,
