,num_seq,t_ch_MAX,max_CL,CL@BC_t_ch_MAX,aic,PV,PV_OK,t_ch_MAX_OK,phyl_OK
A.D.4.NmC3,0,51,32.63815630487401,,,,*,*,*
A.D.4.NmC1,0,61,28.86981985412448,21.868546955632656,142.2629060887347,2.102076078044244e-05,*,,
A.D.2.2.1,40,43,23.640251110462078,3.7657428710019,178.4685142579962,2.8823507934443873e-13,,,
A.D.3.NmC2,0,12,4.80653121417183,-35.02232487568355,256.0446497513671,4.1270084151717056e-30,,,
A.2.1.1,31,3,3.827176228359737,-265.8612850213982,717.7225700427964,2.3072632668695915e-130,,,
A.D.4.NmC2,0,38,0.9317292549119065,-3.192663230857892,192.38532646171578,2.7356292646832516e-16,,,
