,num_seq,t_ch_MAX,max_CL,CL@BC_t_ch_MAX,aic,PV,PV_OK,t_ch_MAX_OK,phyl_OK
B.D.NmC1,0,37,22.054022462938562,,,,*,*,*
B.D,150,24,6.680156608381744,-3.8020109836423055,97.60402196728461,5.906309084463408e-12,,,
B.D.3,433,24,6.095741598944156,-5.6380542238348,101.2761084476696,9.380248065863986e-13,,,
B.D.E.3.NmC1,0,40,3.4992389268970596,1.909423450338039,86.18115309932392,1.7829438329353068e-09,,,
