,num_seq,t_ch_MAX,max_CL,CL@BC_t_ch_MAX,aic,PV,PV_OK,t_ch_MAX_OK,phyl_OK
A.D.4.NmC1,0,12,33.90744381102863,,,,*,*,*
A.3.1,1992,39,11.402269727157561,-235.45413753016706,590.9082750603341,4.004648776032494e-117,,,
A.D.4.NmC3,0,7,10.002013591911805,0.0020135919118026147,119.99597281617639,7.23388614772448e-15,,,
A.3.1.1,731,38,8.712090544092387,-120.4017006817577,360.8034013635154,3.7180570393976226e-67,,,
A.3.1.NmC1,0,47,6.767063875860596,-325.7929398779227,771.5858797558454,2.335613288770011e-156,,,
