,num_seq,t_ch_MAX,max_CL,CL@BC_t_ch_MAX,aic,PV,PV_OK,t_ch_MAX_OK,phyl_OK
A.D.4.NmC3,1653,5,4.26909382347189,,,,*,*,*
A.D.3.NmC2,401,5,2.3676673222312665,2.3676673222312665,15.264665355537467,0.14956861922263512,*,*,
A.D.2.2.1,40,5,0.8202408748415224,0.8202408748415224,18.359518250316956,0.031745636378067967,*,*,
