,num_seq,t_ch_MAX,max_CL,CL@BC_t_ch_MAX,aic,PV,PV_OK,t_ch_MAX_OK,phyl_OK
A.3.1,1992,8,1.7990013357566064,,,,*,*,*
A.3.1.1,731,8,1.3893373696892817,1.3893373696892817,27.221325260621438,0.6636502501363193,*,*,
A.D.NmC2,0,5,1.201033169067775,-10.099906431366746,50.199812862733495,6.7904048073794585e-06,,,
A.3.1.NmC2,0,3,0.7842629544639835,-29.401133961732814,88.80226792346562,2.8184618754713393e-14,,,
A.D.NmC1,0,3,0.7617583771145795,-12.036473069961797,54.072946139923594,9.80699249321644e-07,,,
A.D,2353,3,0.5810256149247326,-11.831351490050514,53.66270298010103,1.2038329097328928e-06,,,
A.D.2.2.NmC1,0,3,0.5702215295355886,-5.6714589334882435,41.342917866976485,0.0005699282968776589,*,,
A.D.3.6,757,3,0.5207514923468091,-11.314748022888432,52.62949604577686,2.0147811074599134e-06,,,
