,num_seq,t_ch_MAX,max_CL,CL@BC_t_ch_MAX,aic,PV,PV_OK,t_ch_MAX_OK,phyl_OK
A.D.2.1,76,16,8.554993375104191,,,,*,*,*
A.D.5.NmC1,425,16,6.15129142875508,2.9302905046706353,32.139418990658726,0.1854444319559708,*,*,
A.D.NmC2,637,18,4.938702854472588,4.938702854472588,28.122594291054824,1.3840306459807505,*,,
A.D.5,115,13,1.873732148490895,0.592809845262551,36.8143803094749,0.017952964939502835,*,,
A.3.1.1,731,7,0.5515200379596188,-4.39268299409877,46.78536598819754,0.0001221818560190345,*,,
