,num_seq,t_ch_MAX,max_CL,CL@BC_t_ch_MAX,aic,PV,PV_OK,t_ch_MAX_OK,phyl_OK
B.D.4.NmC1,1212,5,14.492932335162822,,,,*,*,*
B.D.NmC1,1726,1,9.515208697515018,7.027598773621417,51.944802452757166,0.0005727850743541225,*,,
B.D,150,14,6.719271731079796,3.426995529472704,59.14600894105459,1.557256259874334e-05,*,,
B.D.1.1,115,25,3.429864716166559,-88.60807463514138,243.21614927028276,1.667506146290281e-45,,,
B.D.4,1413,9,0.6097097378651248,-4.172946051194822,74.34589210238964,7.793311274884762e-09,,,
B.D.4.1,218,26,0.3017632896672511,-30.484596307742812,126.96919261548562,2.920345291727967e-20,,,
B.D.1,334,22,0.035242880412118316,-9.567444527990366,85.13488905598074,3.5552878233107946e-11,,,
