,num_seq,t_ch_MAX,max_CL,CL@BC_t_ch_MAX,aic,PV,PV_OK,t_ch_MAX_OK,phyl_OK
A.1.NmC2,195,1148,162.58711703451831,,,,*,*,*
A.1.NmC1,377,685,50.23221918135325,11.514425531974869,2720.97114893605,6.2668620923491e-62,,,
