,num_seq,t_ch_MAX,max_CL,CL@BC_t_ch_MAX,aic,PV,PV_OK,t_ch_MAX_OK,phyl_OK
B.1.15,19,69,69.72123306843719,,,,*,*,*
B.1.NmC1,132,17,3.339557445642114,-151.97566889303548,443.95133778607095,5.237027259311027e-97,,,
B.1.NmC3,263,17,1.5400621478729353,-111.67821590202063,363.3564318040412,1.6556974608174057e-79,,,
B.1.13.NmC1,402,17,1.1174400544614727,-54.652022234324235,249.30404446864847,9.700526037145906e-55,,,
B.1.1,446,17,0.9112165564187665,-74.32921910770827,288.65843821541654,2.753467037785749e-63,,,
B.1,452,17,0.27910184308884367,-128.05320577567244,396.1064115513449,1.2805862712544803e-86,,,
