,num_seq,t_ch_MAX,max_CL,CL@BC_t_ch_MAX,aic,PV,PV_OK,t_ch_MAX_OK,phyl_OK
A.3.1,1992,20,11.932767551488551,,,,*,*,*
A.3.1.NmC1,266,8,2.3128244351689546,-4.543275909671309,77.08655181934262,6.96348971102798e-08,,,
A.D.NmC2,637,4,1.4483075115662645,-25.649766900065476,119.29953380013094,4.753810851424502e-17,,,
A.D.3.6,757,4,0.9749715453749037,-37.831436734564406,143.6628734691288,2.43969259538179e-22,,,
A.D,2353,4,0.8566739776903498,-28.21770475695893,124.43540951391786,3.638355063558807e-18,,,
A.D.2.1,76,4,0.1743793514068932,-36.053058793318655,140.1061175866373,1.4394872198948235e-21,,,
