,num_seq,t_ch_MAX,max_CL,CL@BC_t_ch_MAX,aic,PV,PV_OK,t_ch_MAX_OK,phyl_OK
A.D.2.2.1,40,41,51.60001681379367,,,,*,*,*
A.D.4.NmC3,0,50,25.338515879636056,22.390268383561008,159.21946323287798,0.00932552513772835,*,,
A.D.4.NmC1,0,41,18.124339802100266,6.887897481768239,190.22420503646353,1.7302498792399364e-09,,*,
A.2.1.1,31,3,3.827176228359737,-349.4035182607775,902.807036521555,3.170709091431684e-164,,,
