,num_seq,t_ch_MAX,max_CL,CL@BC_t_ch_MAX,aic,PV,PV_OK,t_ch_MAX_OK,phyl_OK
A.D.4.NmC3,1653,62,35.97998547421495,,,,*,*,*
A.D.4.NmC1,2189,66,24.120731549259062,21.000021415945415,153.99995716810918,3.1208195729325777e-07,,,
A.D.2.2.1,40,7,10.190111140837061,-53.77094342232849,303.541886844657,1.0521320473864035e-39,,,
A.2.1.1,31,3,3.827176228359737,-332.6442135729094,861.2884271458188,8.094622659655615e-161,,,
