,num_seq,t_ch_MAX,max_CL,CL@BC_t_ch_MAX,aic,PV,PV_OK,t_ch_MAX_OK,phyl_OK
B.D.NmC1,1726,44,19.18621908579934,,,,*,*,*
B.D.E.3.NmC1,1318,50,16.32862819277075,13.552572832070416,80.89485433585916,0.003588575327331938,*,,
B.D.E.3,125,11,7.761416338189008,-3.655425777629719,115.31085155525943,1.2042427304611562e-10,,,
B.D.3,433,15,3.761905030654043,-1.6853407069123763,111.37068141382476,8.63523503358013e-10,,,
