,num_seq,t_ch_MAX,max_CL,CL@BC_t_ch_MAX,aic,PV,PV_OK,t_ch_MAX_OK,phyl_OK
B.D.E.3,125,59,41.882140124014256,,,,*,*,*
B.D.E.3.NmC1,1318,38,25.784714408036848,24.96157892261216,76.07684215477568,4.484740991739749e-08,,,
B.D.NmC1,1726,47,6.071655008026486,-24.9606031151179,175.9212062302358,9.37037193614243e-30,,,
