,num_seq,t_ch_MAX,max_CL,CL@BC_t_ch_MAX,aic,PV,PV_OK,t_ch_MAX_OK,phyl_OK
B.D.4,1413,4,4.879557039051343,,,,*,*,*
B.D.E.3.NmC1,1318,17,2.602895422357629,-27.51819543058576,109.03639086117153,8.489044033871717e-15,,,
B.D.2,1269,17,1.7167986770766124,-40.1494315374701,134.2988630749402,2.777918371193771e-20,,,
B.D.E.3,125,19,0.8824938675694038,-48.2565687285516,150.5131374571032,8.390014358473629e-24,,,
B.D.4.1,218,17,0.5936874654942305,-24.393442722745874,102.78688544549175,1.9320975165524992e-13,,,
B.D.1,334,19,0.5009288604406479,-51.42656118753939,156.85312237507878,3.5241078951746037e-25,,,
B.D.NmC1,1726,20,0.45698033935102145,-13.317565179280708,80.63513035856141,1.2469252785750989e-08,,,
