,num_seq,t_ch_MAX,max_CL,CL@BC_t_ch_MAX,aic,PV,PV_OK,t_ch_MAX_OK,phyl_OK
B.D.E.3.NmC1,1318,53,33.93682261747617,,,,*,*,*
B.D.E.3,125,40,15.313012923839619,-14.523540663127626,161.04708132625524,8.996827775982246e-22,,,
B.D,150,28,4.328528715807883,-50.55787971885106,233.11575943770214,2.01505893030451e-37,,,
B.D.NmC1,1726,38,3.4170125845992563,-17.61494977105512,167.22989954211025,4.093732472489814e-23,,,
B.D.3,433,3,1.814231374814649,-68.18144048552594,268.3628809710519,4.487650023750654e-45,,,
