,num_seq,t_ch_MAX,max_CL,CL@BC_t_ch_MAX,aic,PV,PV_OK,t_ch_MAX_OK,phyl_OK
A.D.3,128,9,5.818682215184319,,,,*,*,*
A.D,2353,3,5.546443375718521,4.109278851787296,37.78144229642541,0.18086579261712193,*,,
A.D.4.NmC3,0,9,3.3753869464826467,3.3753869464826463,39.24922610703471,0.08672613490173112,*,*,
A.D.3.NmC1,0,23,3.170397799306182,-18.4350598325663,82.87011966513259,2.925414040384652e-11,,,
A.D.4.NmC2,0,9,3.0100328115148796,3.01003281151488,39.97993437697024,0.06020499239237362,*,*,
A.D.3.6,757,20,2.1268745698921236,-4.45678262962779,54.91356525925558,3.4484521043955103e-05,*,,
A.D.3.NmC2,0,23,1.4262759028620722,-14.189585093431436,74.37917018686286,2.0406448012267936e-09,,,
