,num_seq,t_ch_MAX,max_CL,CL@BC_t_ch_MAX,aic,PV,PV_OK,t_ch_MAX_OK,phyl_OK
B.D.4.NmC1,0,7,5.77179047072423,,,,*,*,*
B.D.1.1,115,20,5.114487321656981,-61.66923450610411,187.33846901220824,8.780670661103692e-30,,,
B.D.NmC1,0,19,4.703394040369088,-6.135835635086683,76.27167127017337,1.1536438115855743e-05,*,,
B.D.1,334,16,0.3957094364838165,-7.013380873843225,78.02676174768645,4.785117392129009e-06,,,
B.D.4.1,218,23,0.3017632896672511,-28.86164999950077,121.72329999900154,1.558581939801206e-15,,,
B.D,150,22,0.035783217761530095,-30.6643230199861,125.3286460399722,2.5634691757977137e-16,,,
