,num_seq,t_ch_MAX,max_CL,CL@BC_t_ch_MAX,aic,PV,PV_OK,t_ch_MAX_OK,phyl_OK
A.D.4.NmC1,2189,40,11.482943118147215,,,,*,*,*
A.3.1,1992,42,11.256345280355067,1.2834185746836009,47.4331628506328,3.7170318684126734e-05,*,,
A.3.1.1,731,42,8.060944236255848,-0.9095014910208505,51.8190029820417,4.139233219343527e-06,,,
A.3.1.NmC1,266,49,6.767063875860596,-16.33821320932504,82.67642641865008,8.236752967536578e-13,,,
A.D.4.NmC3,1653,41,1.8964021747672952,-8.103597825232704,66.20719565046541,3.1057829361402142e-09,,*,
