,num_seq,t_ch_MAX,max_CL,CL@BC_t_ch_MAX,aic,PV,PV_OK,t_ch_MAX_OK,phyl_OK
B.D.E.3,125,43,37.29035198847333,,,,*,*,*
B.D.E.3.NmC1,0,37,24.19754466899212,22.276291318223574,53.44741736355285,3.0134802827863115e-07,,,
B.D.NmC1,0,33,2.5364279364790203,-1.5583766076063317,101.11675321521267,1.341712228691223e-17,,,
