,num_seq,t_ch_MAX,max_CL,CL@BC_t_ch_MAX,aic,PV,PV_OK,t_ch_MAX_OK,phyl_OK
B.D.E.2,853,44,6.819465050983689,,,,*,*,*
B.D.E.3.NmC1,1318,44,1.1332501580574996,1.1332501580574996,27.733499683885,0.003396533249631998,*,*,
