,num_seq,t_ch_MAX,max_CL,CL@BC_t_ch_MAX,aic,PV,PV_OK,t_ch_MAX_OK,phyl_OK
B.D.4.1.1.NmC1,2215,24,0.791525484129132,,,,*,*,*
B.D.4.1.3.NmC1,1269,24,0.28359612630502606,-2.613990084629604,33.22798016925921,0.1429872233380931,*,*,
