,num_seq,t_ch_MAX,max_CL,CL@BC_t_ch_MAX,aic,PV,PV_OK,t_ch_MAX_OK,phyl_OK
B.D.1.NmC1,605,19,13.826248109033585,,,,*,*,*
B.D.4.1.1.NmC1,2215,4,2.197002851657294,-79.29565459424458,262.59130918848916,2.686941934902651e-40,,,
B.D.4.1.3.NmC1,1269,3,1.3578089084552007,-44.9912110486393,193.9824220972786,2.1268187631443205e-25,,,
