,num_seq,t_ch_MAX,max_CL,CL@BC_t_ch_MAX,aic,PV,PV_OK,t_ch_MAX_OK,phyl_OK
A.1,835,1432,3.072209874074196,,,,*,*,*
A.1.NmC1,377,1442,0.0,-1728.8840255054631,6423.768051010926,0.0,,,
A.1.NmC2,195,1441,-0.12299875420852491,-349.5479234646108,3665.095846929222,3.043372995312527e-123,,,
