,num_seq,t_ch_MAX,max_CL,CL@BC_t_ch_MAX,aic,PV,PV_OK,t_ch_MAX_OK,phyl_OK
B.1.6,35,59,27.56939996131458,,,,*,*,*
F.5,17,5,5.913296358463847,-71.198856821338,278.39771364267597,1.2727233806404352e-43,,,
B.1.NmC2,322,9,2.5718753011382747,-55.16508763083187,246.33017526166373,1.1712403878426707e-36,,,
