,num_seq,t_ch_MAX,max_CL,CL@BC_t_ch_MAX,aic,PV,PV_OK,t_ch_MAX_OK,phyl_OK
B.D.4.NmC1,0,7,7.285495285764445,,,,*,*,*
B.D.1.1,115,19,3.783021484526875,-49.27861299264619,156.55722598529238,2.717268981117232e-25,,,
B.D.4.1,218,23,2.458959586068781,-1.588710921909143,61.17742184381829,0.00013984162859410104,*,,
