,num_seq,t_ch_MAX,max_CL,CL@BC_t_ch_MAX,aic,PV,PV_OK,t_ch_MAX_OK,phyl_OK
A.1.NmC4,0,9,17.82136812986375,,,,*,*,*
A.1.NmC13,0,145,1.5450237806574707,-52.3297579705386,448.6595159410772,3.4908242489556514e-31,,,
A.1.NmC5,0,158,1.5351705079276767,-146.5595180996398,637.1190361992797,4.162545122846441e-72,,,
A.1,3213,66,0.6184063424202101,-8.835337819107574,361.67067563821513,2.707487588944617e-12,,,
