,num_seq,t_ch_MAX,max_CL,CL@BC_t_ch_MAX,aic,PV,PV_OK,t_ch_MAX_OK,phyl_OK
B.D.NmC1,0,41,22.140246202160775,,,,*,*,*
B.D.E.3,125,37,19.294849592159697,17.809623937051086,64.38075212589783,0.013167547490079775,*,,
B.D,150,43,17.230743389333227,15.389315325088411,69.22136934982318,0.0011708796207911744,*,,
B.D.3,433,31,16.702399119598226,16.401729484528996,67.196541030942,0.0032147682753068643,*,,
B.D.E.3.NmC1,0,33,14.696855287073623,13.323111560612308,73.35377687877539,0.00014848895196963938,*,,
