,num_seq,t_ch_MAX,max_CL,CL@BC_t_ch_MAX,aic,PV,PV_OK,t_ch_MAX_OK,phyl_OK
B.D.NmC1,1726,36,20.588437662848605,,,,*,*,*
B.D.E.3.NmC1,1318,34,13.09369028981899,2.6009191598952945,80.7981616802094,1.5383043585835508e-08,,,
B.D,150,24,6.6801566083817425,-5.302051401062751,96.6041028021255,5.7031640420491355e-12,,,
B.D.3,433,24,6.095741598944154,-5.877869291167792,97.75573858233558,3.1931922313978294e-12,,,
