,num_seq,t_ch_MAX,max_CL,CL@BC_t_ch_MAX,aic,PV,PV_OK,t_ch_MAX_OK,phyl_OK
B.D.E.2,853,16,9.701360764926786,,,,*,*,*
B.D.4.1,218,10,5.092239152699467,-2.5931353267221615,55.186270653444325,4.574560177151112e-06,,,
B.D.4,1413,10,2.7785752252041016,-6.715122040517153,63.4302440810343,7.431150886329992e-08,,,
B.D.2,1269,7,2.2683244974417125,-39.91034940788021,129.8206988157604,2.848726481646775e-22,,,
