,num_seq,t_ch_MAX,max_CL,CL@BC_t_ch_MAX,aic,PV,PV_OK,t_ch_MAX_OK,phyl_OK
A.3,202,9,41.97380262307999,,,,*,*,*
A.3.1,1992,36,10.633790366835383,-153.94164387578206,449.8832877515641,8.226149119644842e-86,,,
A.D.4.NmC1,0,18,4.265957595682345,-19.403922889286726,180.80784577857344,2.20295030753137e-27,,,
A.3.1.NmC1,0,48,2.8714711411880565,-290.40313820098976,722.8062764019795,4.458616357417488e-145,,,
A.3.1.1,731,48,2.795222787063826,-106.86591241707875,355.73182483415746,2.2888077404124313e-65,,,
A.3.1.NmC2,0,49,0.02749837036516145,-190.18496540871695,522.3699308174339,1.4934582329517125e-101,,,
