,num_seq,t_ch_MAX,max_CL,CL@BC_t_ch_MAX,aic,PV,PV_OK,t_ch_MAX_OK,phyl_OK
A.D.2.2.1,40,7,7.079780077768746,,,,*,*,*
A.D.4.NmC3,0,7,6.142332502033236,6.101681516405189,17.79663696718962,0.37908303810339855,*,*,
A.2.1.1,31,3,3.827176228359737,-21.864604155217357,73.72920831043471,2.714495750614337e-13,,,
