,num_seq,t_ch_MAX,max_CL,CL@BC_t_ch_MAX,aic,PV,PV_OK,t_ch_MAX_OK,phyl_OK
B.1.10,103,4,27.034142575331572,,,,*,*,*
B.1.13.NmC1,0,38,3.2015157482849133,-5.745692420137065,141.49138484027412,5.805329615869281e-15,,,
