,num_seq,t_ch_MAX,max_CL,CL@BC_t_ch_MAX,aic,PV,PV_OK,t_ch_MAX_OK,phyl_OK
A.3.1,1992,21,14.472402062661951,,,,*,*,*
A.3.1.1,731,20,8.861557678341613,-42.940816679971675,171.88163335994335,2.7836872419579466e-15,,*,
A.3.1.NmC1,0,6,2.518114177540919,-134.01819954944676,354.0363990988935,7.746027371158568e-55,,,
