,num_seq,t_ch_MAX,max_CL,CL@BC_t_ch_MAX,aic,PV,PV_OK,t_ch_MAX_OK,phyl_OK
B.D.E.2,853,17,11.887089123815477,,,,*,*,*
B.D.4,1413,10,3.966689807975619,-5.759095169238028,55.51819033847606,2.172070247700788e-08,,,
B.D.2,1269,9,3.2342055882933245,-30.060889689485805,104.12177937897161,6.0746037872071555e-19,,,
B.D.4.1,218,10,3.035038476668421,-16.602471983252617,77.20494396650523,4.2571767631497584e-13,,,
B.D.4.NmC1,0,7,0.005192783884031271,-16.55972781837192,77.11945563674384,4.4309154427277417e-13,,,
