,num_seq,t_ch_MAX,max_CL,CL@BC_t_ch_MAX,aic,PV,PV_OK,t_ch_MAX_OK,phyl_OK
A.1,3213,13,9.579017365656595,,,,*,*,*
A.1.NmC13,0,140,1.3841586243801338,-64.12344488756123,470.24688977512244,6.75516953500605e-33,,,
A.1.NmC7,0,138,-5.191978912245928,-49.88107298614111,441.7621459722822,1.0379134687663345e-26,,,
A.1.NmC12,0,144,-7.99565580159615,-83.23707223143391,508.4741444628678,3.390538684517331e-41,,,
