,num_seq,t_ch_MAX,max_CL,CL@BC_t_ch_MAX,aic,PV,PV_OK,t_ch_MAX_OK,phyl_OK
A.D.4.NmC1,2189,27,20.091791628221735,,,,*,*,*
A.D.4.NmC3,1653,38,14.623996139072762,10.977642439017952,54.044715121964096,0.0001105547151311046,*,,
A.D.4.NmC2,848,39,3.8162365218694267,-0.7465474731749928,77.49309494634998,8.942819590892624e-10,,,
