,num_seq,t_ch_MAX,max_CL,CL@BC_t_ch_MAX,aic,PV,PV_OK,t_ch_MAX_OK,phyl_OK
A.3.1.1,731,13,10.99696901347801,,,,*,*,*
A.3.1.NmC1,266,14,9.782335242821267,-25.045353867233437,88.09070773446687,9.716023160744296e-15,,*,
A.D.4.NmC1,2189,13,8.608886238882153,4.806585682103322,28.386828635793357,0.08936733892175311,*,*,
A.3.1,1992,14,6.98303179673602,-0.03011602666695834,38.06023205333392,0.0007101743888425478,*,*,
A.D.4.NmC3,1653,2,2.922468869315418,0.3809748294578109,37.23805034108438,0.0010701033996396024,*,,
