,num_seq,t_ch_MAX,max_CL,CL@BC_t_ch_MAX,aic,PV,PV_OK,t_ch_MAX_OK,phyl_OK
A.D.4.NmC2,0,45,30.656023324786815,,,,*,*,*
A.D.4.NmC3,0,44,13.621204749367788,2.8035393996912497,134.3929212006175,8.033386812167276e-13,,*,
A.D.4,176,11,7.827868963721167,-36.497917929374125,212.99583585874825,6.838393186759665e-30,,,
A.D.4.NmC1,0,11,7.608917947587582,-32.44890738380175,204.8978147676035,3.925063791969087e-28,,,
A.D.3.NmC1,0,10,5.746833933896769,-54.08749519545226,248.17499039090453,1.5771957695741595e-37,,,
A.3,202,3,0.7578016875640681,-101.72853944625551,343.45707889251105,3.20571576693247e-58,,,
