,num_seq,t_ch_MAX,max_CL,CL@BC_t_ch_MAX,aic,PV,PV_OK,t_ch_MAX_OK,phyl_OK
A.D.4.NmC1,0,12,9.944563500606296,,,,*,*,*
A.3.1.NmC1,0,16,9.782335242821267,-41.418238605758205,136.8364772115164,2.513992296363991e-22,,,
A.3.1,1992,12,9.68714965975159,8.974452239896355,36.05109552020729,1.9347923344020317,*,*,
A.3.1.1,731,16,8.284854563491647,-11.063109627428883,76.12621925485777,3.831536267304207e-09,,,
A.D.4.NmC3,0,16,1.4140594273628873,-5.5510060664463,65.1020121328926,9.517152062585665e-07,,,
