,num_seq,t_ch_MAX,max_CL,CL@BC_t_ch_MAX,aic,PV,PV_OK,t_ch_MAX_OK,phyl_OK
A.D.NmC2,0,3,2.8278019967410284,,,,*,*,*
A.3.1,1992,9,2.0909947104218256,-0.275136223228466,14.550272446456932,0.04482451855926685,*,,
A.D.NmC1,0,5,1.2432028384270803,0.745436608628885,12.50912678274223,0.12430712016577938,*,,
A.D,2353,3,0.6972193802934294,0.6972193802934294,12.605561239413142,0.11824459037663544,*,*,
A.D.2.1,76,3,0.23054690436729652,0.23054690436729652,13.538906191265408,0.0742735782143339,*,*,
