,num_seq,t_ch_MAX,max_CL,CL@BC_t_ch_MAX,aic,PV,PV_OK,t_ch_MAX_OK,phyl_OK
A.D.4.NmC3,1653,57,36.36546440327331,,,,*,*,*
A.D.4.NmC1,2189,62,31.757186152201115,27.73537039935886,148.5292592012823,0.0001786646451651062,*,,
A.D.2.2.1,40,40,24.37286726012751,-4.365636890627351,212.7312737812547,2.0473201087130047e-18,,,
A.D.3.NmC2,401,36,6.124024488369928,-50.76954449565011,305.5390889913002,1.43797163497463e-38,,,
A.2.1.1,31,3,3.827176228359737,-316.3123356929044,836.6246713858088,6.842165814647126e-154,,,
A.D.4.NmC2,848,40,3.586112174887867,-0.5666326735005851,205.13326534700116,9.151763389642445e-17,,,
