,num_seq,t_ch_MAX,max_CL,CL@BC_t_ch_MAX,aic,PV,PV_OK,t_ch_MAX_OK,phyl_OK
B.D.4,1413,39,6.302455235679041,,,,*,*,*
B.D.2,1269,47,3.1433575794811137,-12.18464799663908,62.36929599327816,9.377055835596414e-09,,,
B.D.NmC1,0,39,2.3983891972981612,2.3983891972981617,33.20322160540368,0.020241911445804346,*,*,
B.D.E.3.NmC1,0,41,1.9194247314091204,1.2188546912800362,35.56229061743993,0.0062199090159425615,*,,
B.D.3,433,49,0.6506416890388516,-13.553242760989162,65.10648552197833,2.3827751479402454e-09,,,
