,num_seq,t_ch_MAX,max_CL,CL@BC_t_ch_MAX,aic,PV,PV_OK,t_ch_MAX_OK,phyl_OK
A.3.1.1,731,5,1.0724229410563746,,,,*,*,*
A.D.3.6,757,4,0.9402081128428648,0.5338404842633308,12.93231903147334,0.5856692901447937,*,*,
A.D.NmC2,637,3,0.8214938606728845,0.13574421694866107,13.728511566102679,0.3925858655315182,*,,
A.3.1.NmC2,67,3,0.7842629544639835,-11.055204356450167,36.11040871290034,5.422248370634153e-06,,,
A.D.NmC1,515,3,0.7617583771145795,0.09080422278886346,13.818391554422274,0.3753110988513994,*,,
A.3.1,1992,3,0.6250728530767242,-1.3385377679774897,16.67707553595498,0.08981529457224763,*,,
A.D,2353,3,0.5810256149247326,-0.15865399115046866,14.317307982300937,0.29229257768085926,*,,
A.D.2.2.NmC1,394,3,0.5702215295355886,-0.005129592989316811,14.010259185978633,0.3412977553009936,*,,
