,num_seq,t_ch_MAX,max_CL,CL@BC_t_ch_MAX,aic,PV,PV_OK,t_ch_MAX_OK,phyl_OK
B.D.NmC1,0,7,21.477357887832927,,,,*,*,*
B.D.4.NmC1,0,39,7.9838998722433585,-221.1789413661176,574.3578827322352,4.1330674587121274e-106,,,
B.D.E.3.NmC1,0,4,7.580366196240029,7.185549005714391,117.62890198857122,6.222026459004709e-07,,,
B.D.1.1,115,49,5.052330636522772,-304.8096626512424,741.6193253024848,1.977994010533965e-142,,,
B.D,150,16,1.9172698552047702,-4.218713103630654,140.4374262072613,6.931117918055473e-12,,,
B.D.4.1,218,52,0.6451672738243281,-168.66123034651935,469.3224606930387,2.663291379227731e-83,,,
