,num_seq,t_ch_MAX,max_CL,CL@BC_t_ch_MAX,aic,PV,PV_OK,t_ch_MAX_OK,phyl_OK
A.3.1,1992,55,3.658643302529024,,,,*,*,*
A.3.1.1,731,55,2.166548983183594,2.166548983183594,9.666902033632812,0.22424860473053532,*,*,
A.3.1.NmC2,67,56,1.7885454068437414,-5.776476287618536,25.55295257523707,7.987880575633008e-05,*,*,
A.D.4.NmC1,2189,55,0.9911891860042985,0.9911891860042984,12.017621627991403,0.069252225309346,*,*,
