,num_seq,t_ch_MAX,max_CL,CL@BC_t_ch_MAX,aic,PV,PV_OK,t_ch_MAX_OK,phyl_OK
A.1,835,438,8.346988039044634,,,,*,*,*
A.1.NmC1,377,452,-0.09271888917265514,-35.98700457128114,1419.9740091425622,9.24531342974486e-19,,,
A.1.NmC2,195,452,-0.10362061451281335,-71.53061954938958,1491.0612390987792,3.3800589892978387e-34,,,
